recording_id,species,file_url,duration_s,quality,country
1139951,American Robin,https://xeno-canto.org/1139951/download,16.0,A,Canada
1139498,American Robin,https://xeno-canto.org/1139498/download,57.0,A,Canada
1138978,American Robin,https://xeno-canto.org/1138978/download,19.0,A,United States
1135112,American Robin,https://xeno-canto.org/1135112/download,26.0,A,United States
1107061,American Robin,https://xeno-canto.org/1107061/download,79.0,A,Mexico
1100538,American Robin,https://xeno-canto.org/1100538/download,114.0,A,United States
1099293,American Robin,https://xeno-canto.org/1099293/download,42.0,A,Mexico
1089129,American Robin,https://xeno-canto.org/1089129/download,16.0,A,United States
1079586,American Robin,https://xeno-canto.org/1079586/download,41.0,A,United States
1068477,American Robin,https://xeno-canto.org/1068477/download,56.0,A,Canada
1047670,American Robin,https://xeno-canto.org/1047670/download,45.0,A,United States
1023050,American Robin,https://xeno-canto.org/1023050/download,113.0,A,Canada
1010651,American Robin,https://xeno-canto.org/1010651/download,34.0,A,United States
1005778,American Robin,https://xeno-canto.org/1005778/download,68.0,A,Canada
999808,American Robin,https://xeno-canto.org/999808/download,11.0,A,United States
999643,American Robin,https://xeno-canto.org/999643/download,51.0,A,United States
999642,American Robin,https://xeno-canto.org/999642/download,40.0,A,United States
959619,American Robin,https://xeno-canto.org/959619/download,119.0,A,Canada
954703,American Robin,https://xeno-canto.org/954703/download,109.0,A,United States
938991,American Robin,https://xeno-canto.org/938991/download,36.0,A,Canada
914376,American Robin,https://xeno-canto.org/914376/download,39.0,A,Canada
892933,American Robin,https://xeno-canto.org/892933/download,28.0,A,United States
880805,American Robin,https://xeno-canto.org/880805/download,46.0,A,Mexico
880802,American Robin,https://xeno-canto.org/880802/download,36.0,A,Mexico
872369,American Robin,https://xeno-canto.org/872369/download,25.0,A,Mexico
860362,American Robin,https://xeno-canto.org/860362/download,26.0,A,United States
825254,American Robin,https://xeno-canto.org/825254/download,33.0,A,United States
803375,American Robin,https://xeno-canto.org/803375/download,22.0,A,Canada
789575,American Robin,https://xeno-canto.org/789575/download,90.0,A,Canada
779498,American Robin,https://xeno-canto.org/779498/download,15.0,A,Mexico
779497,American Robin,https://xeno-canto.org/779497/download,27.0,A,Mexico
772840,American Robin,https://xeno-canto.org/772840/download,22.0,A,United States
771921,American Robin,https://xeno-canto.org/771921/download,85.0,A,United States
752952,American Robin,https://xeno-canto.org/752952/download,11.0,A,Canada
749773,American Robin,https://xeno-canto.org/749773/download,37.0,A,Canada
744618,American Robin,https://xeno-canto.org/744618/download,54.0,A,Mexico
744610,American Robin,https://xeno-canto.org/744610/download,18.0,A,Mexico
744275,American Robin,https://xeno-canto.org/744275/download,84.0,A,United States
742848,American Robin,https://xeno-canto.org/742848/download,19.0,A,Canada
736763,American Robin,https://xeno-canto.org/736763/download,35.0,A,United States
734182,American Robin,https://xeno-canto.org/734182/download,51.0,A,United States
734125,American Robin,https://xeno-canto.org/734125/download,33.0,A,United States
729934,American Robin,https://xeno-canto.org/729934/download,46.0,A,United States
729933,American Robin,https://xeno-canto.org/729933/download,94.0,A,United States
728269,American Robin,https://xeno-canto.org/728269/download,37.0,A,United States
723888,American Robin,https://xeno-canto.org/723888/download,62.0,A,Mexico
722625,American Robin,https://xeno-canto.org/722625/download,21.0,A,Canada
716282,American Robin,https://xeno-canto.org/716282/download,23.0,A,Canada
710116,American Robin,https://xeno-canto.org/710116/download,119.0,A,United States
698509,American Robin,https://xeno-canto.org/698509/download,11.0,A,Mexico
690092,American Robin,https://xeno-canto.org/690092/download,48.0,A,Canada
686190,American Robin,https://xeno-canto.org/686190/download,36.0,A,United States
666135,American Robin,https://xeno-canto.org/666135/download,45.0,A,United States
663094,American Robin,https://xeno-canto.org/663094/download,34.0,A,United States
660898,American Robin,https://xeno-canto.org/660898/download,53.0,A,Canada
651831,American Robin,https://xeno-canto.org/651831/download,19.0,A,United States
649580,American Robin,https://xeno-canto.org/649580/download,47.0,A,Mexico
649134,American Robin,https://xeno-canto.org/649134/download,37.0,A,Mexico
647155,American Robin,https://xeno-canto.org/647155/download,25.0,A,Canada
647154,American Robin,https://xeno-canto.org/647154/download,10.0,A,Canada
645161,American Robin,https://xeno-canto.org/645161/download,113.0,A,United States
641669,American Robin,https://xeno-canto.org/641669/download,63.0,A,United States
641578,American Robin,https://xeno-canto.org/641578/download,63.0,A,United States
640975,American Robin,https://xeno-canto.org/640975/download,38.0,A,United States
639265,American Robin,https://xeno-canto.org/639265/download,53.0,A,United States
636519,American Robin,https://xeno-canto.org/636519/download,96.0,A,Canada
624425,American Robin,https://xeno-canto.org/624425/download,29.0,A,United States
610952,American Robin,https://xeno-canto.org/610952/download,24.0,A,United States
599316,American Robin,https://xeno-canto.org/599316/download,59.0,A,United States
574486,American Robin,https://xeno-canto.org/574486/download,34.0,A,United States
574484,American Robin,https://xeno-canto.org/574484/download,93.0,A,United States
574483,American Robin,https://xeno-canto.org/574483/download,96.0,A,United States
574476,American Robin,https://xeno-canto.org/574476/download,68.0,A,United States
574473,American Robin,https://xeno-canto.org/574473/download,118.0,A,United States
574471,American Robin,https://xeno-canto.org/574471/download,79.0,A,United States
574466,American Robin,https://xeno-canto.org/574466/download,88.0,A,United States
574171,American Robin,https://xeno-canto.org/574171/download,71.0,A,United States
573924,American Robin,https://xeno-canto.org/573924/download,16.0,A,United States
572715,American Robin,https://xeno-canto.org/572715/download,12.0,A,United States
572223,American Robin,https://xeno-canto.org/572223/download,21.0,A,United States
572222,American Robin,https://xeno-canto.org/572222/download,30.0,A,United States
572221,American Robin,https://xeno-canto.org/572221/download,26.0,A,United States
571269,American Robin,https://xeno-canto.org/571269/download,24.0,A,United States
570791,American Robin,https://xeno-canto.org/570791/download,43.0,A,Canada
569292,American Robin,https://xeno-canto.org/569292/download,58.0,A,United States
567329,American Robin,https://xeno-canto.org/567329/download,26.0,A,United States
567242,American Robin,https://xeno-canto.org/567242/download,43.0,A,United States
564547,American Robin,https://xeno-canto.org/564547/download,28.0,A,United States
564545,American Robin,https://xeno-canto.org/564545/download,31.0,A,United States
564544,American Robin,https://xeno-canto.org/564544/download,60.0,A,United States
564324,American Robin,https://xeno-canto.org/564324/download,60.0,A,United States
564320,American Robin,https://xeno-canto.org/564320/download,14.0,A,United States
564319,American Robin,https://xeno-canto.org/564319/download,57.0,A,United States
563612,American Robin,https://xeno-canto.org/563612/download,60.0,A,United States
563413,American Robin,https://xeno-canto.org/563413/download,32.0,A,United States
563200,American Robin,https://xeno-canto.org/563200/download,12.0,A,United States
563197,American Robin,https://xeno-canto.org/563197/download,60.0,A,United States
562449,American Robin,https://xeno-canto.org/562449/download,47.0,A,United States
562221,American Robin,https://xeno-canto.org/562221/download,34.0,A,United States
559314,American Robin,https://xeno-canto.org/559314/download,42.0,A,United States
550893,American Robin,https://xeno-canto.org/550893/download,10.0,A,United States
550889,American Robin,https://xeno-canto.org/550889/download,14.0,A,United States
545688,American Robin,https://xeno-canto.org/545688/download,15.0,A,United States
543354,American Robin,https://xeno-canto.org/543354/download,64.0,A,United States
542730,American Robin,https://xeno-canto.org/542730/download,26.0,A,United States
539769,American Robin,https://xeno-canto.org/539769/download,21.0,A,United States
537326,American Robin,https://xeno-canto.org/537326/download,58.0,A,United States
530120,American Robin,https://xeno-canto.org/530120/download,52.0,A,United States
522325,American Robin,https://xeno-canto.org/522325/download,79.0,A,United States
502031,American Robin,https://xeno-canto.org/502031/download,10.0,A,United States
500148,American Robin,https://xeno-canto.org/500148/download,38.0,A,United States
496849,American Robin,https://xeno-canto.org/496849/download,83.0,A,United States
483875,American Robin,https://xeno-canto.org/483875/download,28.0,A,United States
483628,American Robin,https://xeno-canto.org/483628/download,35.0,A,United States
483578,American Robin,https://xeno-canto.org/483578/download,38.0,A,United States
480926,American Robin,https://xeno-canto.org/480926/download,29.0,A,United States
480678,American Robin,https://xeno-canto.org/480678/download,90.0,A,United States
479482,American Robin,https://xeno-canto.org/479482/download,96.0,A,United States
476496,American Robin,https://xeno-canto.org/476496/download,40.0,A,Canada
476494,American Robin,https://xeno-canto.org/476494/download,24.0,A,Canada
472299,American Robin,https://xeno-canto.org/472299/download,23.0,A,United States
468991,American Robin,https://xeno-canto.org/468991/download,63.0,A,United States
468243,American Robin,https://xeno-canto.org/468243/download,21.0,A,United States
467907,American Robin,https://xeno-canto.org/467907/download,10.0,A,United States
466048,American Robin,https://xeno-canto.org/466048/download,40.0,A,United States
465001,American Robin,https://xeno-canto.org/465001/download,56.0,A,Canada
464999,American Robin,https://xeno-canto.org/464999/download,97.0,A,Canada
464997,American Robin,https://xeno-canto.org/464997/download,119.0,A,Canada
464766,American Robin,https://xeno-canto.org/464766/download,41.0,A,United States
464670,American Robin,https://xeno-canto.org/464670/download,19.0,A,United States
459052,American Robin,https://xeno-canto.org/459052/download,51.0,A,Mexico
457206,American Robin,https://xeno-canto.org/457206/download,76.0,A,Mexico
456750,American Robin,https://xeno-canto.org/456750/download,81.0,A,Mexico
452609,American Robin,https://xeno-canto.org/452609/download,26.0,A,United States
451211,American Robin,https://xeno-canto.org/451211/download,36.0,A,United States
448273,American Robin,https://xeno-canto.org/448273/download,62.0,A,Mexico
446460,American Robin,https://xeno-canto.org/446460/download,28.0,A,United States
446457,American Robin,https://xeno-canto.org/446457/download,83.0,A,United States
424786,American Robin,https://xeno-canto.org/424786/download,45.0,A,Canada
422421,American Robin,https://xeno-canto.org/422421/download,35.0,A,United States
420837,American Robin,https://xeno-canto.org/420837/download,42.0,A,United States
420475,American Robin,https://xeno-canto.org/420475/download,71.0,A,United States
418153,American Robin,https://xeno-canto.org/418153/download,25.0,A,Canada
416323,American Robin,https://xeno-canto.org/416323/download,38.0,A,Canada
416294,American Robin,https://xeno-canto.org/416294/download,62.0,A,United States
409609,American Robin,https://xeno-canto.org/409609/download,63.0,A,United States
408817,American Robin,https://xeno-canto.org/408817/download,114.0,A,United States
408325,American Robin,https://xeno-canto.org/408325/download,20.0,A,United States
407819,American Robin,https://xeno-canto.org/407819/download,31.0,A,United States
398608,American Robin,https://xeno-canto.org/398608/download,50.0,A,Mexico
396272,American Robin,https://xeno-canto.org/396272/download,12.0,A,United States
394835,American Robin,https://xeno-canto.org/394835/download,41.0,A,United States
389079,American Robin,https://xeno-canto.org/389079/download,14.0,A,United States
385843,American Robin,https://xeno-canto.org/385843/download,13.0,A,United States
384027,American Robin,https://xeno-canto.org/384027/download,34.0,A,United States
383961,American Robin,https://xeno-canto.org/383961/download,40.0,A,United States
382342,American Robin,https://xeno-canto.org/382342/download,33.0,A,United States
378442,American Robin,https://xeno-canto.org/378442/download,83.0,A,United States
375274,American Robin,https://xeno-canto.org/375274/download,64.0,A,United States
375006,American Robin,https://xeno-canto.org/375006/download,41.0,A,United States
368615,American Robin,https://xeno-canto.org/368615/download,43.0,A,United States
368614,American Robin,https://xeno-canto.org/368614/download,72.0,A,United States
367008,American Robin,https://xeno-canto.org/367008/download,50.0,A,United States
366599,American Robin,https://xeno-canto.org/366599/download,23.0,A,United States
364638,American Robin,https://xeno-canto.org/364638/download,13.0,A,United States
361931,American Robin,https://xeno-canto.org/361931/download,21.0,A,United States
351863,American Robin,https://xeno-canto.org/351863/download,95.0,A,United States
338199,American Robin,https://xeno-canto.org/338199/download,62.0,A,United States
325132,American Robin,https://xeno-canto.org/325132/download,44.0,A,United States
324394,American Robin,https://xeno-canto.org/324394/download,36.0,A,Canada
323307,American Robin,https://xeno-canto.org/323307/download,16.0,A,United States
323246,American Robin,https://xeno-canto.org/323246/download,38.0,A,United States
323031,American Robin,https://xeno-canto.org/323031/download,43.0,A,United States
322973,American Robin,https://xeno-canto.org/322973/download,16.0,A,United States
322887,American Robin,https://xeno-canto.org/322887/download,30.0,A,United States
322884,American Robin,https://xeno-canto.org/322884/download,43.0,A,United States
322822,American Robin,https://xeno-canto.org/322822/download,52.0,A,United States
322821,American Robin,https://xeno-canto.org/322821/download,65.0,A,United States
322790,American Robin,https://xeno-canto.org/322790/download,16.0,A,United States
322734,American Robin,https://xeno-canto.org/322734/download,52.0,A,United States
322295,American Robin,https://xeno-canto.org/322295/download,66.0,A,United States
320906,American Robin,https://xeno-canto.org/320906/download,20.0,A,United States
320724,American Robin,https://xeno-canto.org/320724/download,42.0,A,United States
320503,American Robin,https://xeno-canto.org/320503/download,14.0,A,United States
320472,American Robin,https://xeno-canto.org/320472/download,23.0,A,United States
320027,American Robin,https://xeno-canto.org/320027/download,71.0,A,United States
319833,American Robin,https://xeno-canto.org/319833/download,39.0,A,United States
313434,American Robin,https://xeno-canto.org/313434/download,33.0,A,United States
313352,American Robin,https://xeno-canto.org/313352/download,36.0,A,United States
313351,American Robin,https://xeno-canto.org/313351/download,50.0,A,United States
310256,American Robin,https://xeno-canto.org/310256/download,33.0,A,United States
309928,American Robin,https://xeno-canto.org/309928/download,75.0,A,United States
309636,American Robin,https://xeno-canto.org/309636/download,27.0,A,United States
309318,American Robin,https://xeno-canto.org/309318/download,110.0,A,United States
307484,American Robin,https://xeno-canto.org/307484/download,54.0,A,United States
302644,American Robin,https://xeno-canto.org/302644/download,29.0,A,Canada
298778,American Robin,https://xeno-canto.org/298778/download,34.0,A,Canada
297831,American Robin,https://xeno-canto.org/297831/download,91.0,A,Mexico
269082,American Robin,https://xeno-canto.org/269082/download,100.0,A,United States
264344,American Robin,https://xeno-canto.org/264344/download,43.0,A,United States
254484,American Robin,https://xeno-canto.org/254484/download,34.0,A,United States
254483,American Robin,https://xeno-canto.org/254483/download,39.0,A,United States
228297,American Robin,https://xeno-canto.org/228297/download,53.0,A,Mexico
227963,American Robin,https://xeno-canto.org/227963/download,26.0,A,Mexico
205803,American Robin,https://xeno-canto.org/205803/download,97.0,A,United States
194079,American Robin,https://xeno-canto.org/194079/download,20.0,A,Canada
193770,American Robin,https://xeno-canto.org/193770/download,73.0,A,Canada
192514,American Robin,https://xeno-canto.org/192514/download,87.0,A,Canada
190473,American Robin,https://xeno-canto.org/190473/download,114.0,A,United States
190441,American Robin,https://xeno-canto.org/190441/download,90.0,A,United States
189808,American Robin,https://xeno-canto.org/189808/download,58.0,A,Canada
189058,American Robin,https://xeno-canto.org/189058/download,47.0,A,Canada
178008,American Robin,https://xeno-canto.org/178008/download,41.0,A,United States
177384,American Robin,https://xeno-canto.org/177384/download,49.0,A,United States
172423,American Robin,https://xeno-canto.org/172423/download,52.0,A,United States
172405,American Robin,https://xeno-canto.org/172405/download,62.0,A,United States
171727,American Robin,https://xeno-canto.org/171727/download,21.0,A,United States
165303,American Robin,https://xeno-canto.org/165303/download,105.0,A,United States
165295,American Robin,https://xeno-canto.org/165295/download,75.0,A,United States
165294,American Robin,https://xeno-canto.org/165294/download,103.0,A,United States
165292,American Robin,https://xeno-canto.org/165292/download,68.0,A,United States
165291,American Robin,https://xeno-canto.org/165291/download,81.0,A,United States
165285,American Robin,https://xeno-canto.org/165285/download,66.0,A,United States
165284,American Robin,https://xeno-canto.org/165284/download,100.0,A,United States
165280,American Robin,https://xeno-canto.org/165280/download,13.0,A,United States
164729,American Robin,https://xeno-canto.org/164729/download,42.0,A,United States
160805,American Robin,https://xeno-canto.org/160805/download,43.0,A,Canada
160308,American Robin,https://xeno-canto.org/160308/download,35.0,A,Canada
159905,American Robin,https://xeno-canto.org/159905/download,60.0,A,Canada
158993,American Robin,https://xeno-canto.org/158993/download,56.0,A,Canada
158980,American Robin,https://xeno-canto.org/158980/download,51.0,A,Canada
146297,American Robin,https://xeno-canto.org/146297/download,54.0,A,United States
139086,American Robin,https://xeno-canto.org/139086/download,20.0,A,United States
129798,American Robin,https://xeno-canto.org/129798/download,72.0,A,United States
103060,American Robin,https://xeno-canto.org/103060/download,70.0,A,United States
103059,American Robin,https://xeno-canto.org/103059/download,87.0,A,United States
97957,American Robin,https://xeno-canto.org/97957/download,45.0,A,United States
81923,American Robin,https://xeno-canto.org/81923/download,47.0,A,United States
78015,American Robin,https://xeno-canto.org/78015/download,53.0,A,United States
75743,American Robin,https://xeno-canto.org/75743/download,60.0,A,United States
75498,American Robin,https://xeno-canto.org/75498/download,22.0,A,United States
72964,American Robin,https://xeno-canto.org/72964/download,32.0,A,United States
72129,American Robin,https://xeno-canto.org/72129/download,16.0,A,Mexico
70119,American Robin,https://xeno-canto.org/70119/download,103.0,A,United States
35898,American Robin,https://xeno-canto.org/35898/download,24.0,A,United States
35891,American Robin,https://xeno-canto.org/35891/download,13.0,A,United States
34766,American Robin,https://xeno-canto.org/34766/download,59.0,A,United States
32571,American Robin,https://xeno-canto.org/32571/download,15.0,A,Mexico
14442,American Robin,https://xeno-canto.org/14442/download,68.0,A,United States
14080,American Robin,https://xeno-canto.org/14080/download,65.0,A,United States
14079,American Robin,https://xeno-canto.org/14079/download,12.0,A,United States
13650,American Robin,https://xeno-canto.org/13650/download,70.0,A,Canada
13649,American Robin,https://xeno-canto.org/13649/download,49.0,A,Canada
13602,American Robin,https://xeno-canto.org/13602/download,64.0,A,United States
1139580,American Robin,https://xeno-canto.org/1139580/download,29.0,B,United States
1138981,American Robin,https://xeno-canto.org/1138981/download,51.0,B,United States
1137910,American Robin,https://xeno-canto.org/1137910/download,76.0,B,United States
1137909,American Robin,https://xeno-canto.org/1137909/download,41.0,B,United States
1137363,American Robin,https://xeno-canto.org/1137363/download,25.0,B,United States
1106720,American Robin,https://xeno-canto.org/1106720/download,44.0,B,United States
1106719,American Robin,https://xeno-canto.org/1106719/download,33.0,B,United States
1105212,American Robin,https://xeno-canto.org/1105212/download,53.0,B,United States
1103534,American Robin,https://xeno-canto.org/1103534/download,70.0,B,United States
1102425,American Robin,https://xeno-canto.org/1102425/download,38.0,B,United States
1102424,American Robin,https://xeno-canto.org/1102424/download,29.0,B,United States
1102119,American Robin,https://xeno-canto.org/1102119/download,50.0,B,United States
1102118,American Robin,https://xeno-canto.org/1102118/download,19.0,B,United States
1100452,American Robin,https://xeno-canto.org/1100452/download,92.0,B,Canada
1094321,American Robin,https://xeno-canto.org/1094321/download,100.0,B,United States
1091002,American Robin,https://xeno-canto.org/1091002/download,63.0,B,United States
1090420,American Robin,https://xeno-canto.org/1090420/download,47.0,B,United States
1090419,American Robin,https://xeno-canto.org/1090419/download,49.0,B,United States
1090307,American Robin,https://xeno-canto.org/1090307/download,31.0,B,United States
1090305,American Robin,https://xeno-canto.org/1090305/download,48.0,B,United States
1090303,American Robin,https://xeno-canto.org/1090303/download,69.0,B,United States
1090302,American Robin,https://xeno-canto.org/1090302/download,85.0,B,United States
1087009,American Robin,https://xeno-canto.org/1087009/download,13.0,B,Mexico
1087008,American Robin,https://xeno-canto.org/1087008/download,12.0,B,Mexico
1083373,American Robin,https://xeno-canto.org/1083373/download,68.0,B,United States
1080245,American Robin,https://xeno-canto.org/1080245/download,71.0,B,United States
1078909,American Robin,https://xeno-canto.org/1078909/download,111.0,B,Canada
1062976,American Robin,https://xeno-canto.org/1062976/download,93.0,B,Canada
1062975,American Robin,https://xeno-canto.org/1062975/download,96.0,B,Canada
1060361,American Robin,https://xeno-canto.org/1060361/download,45.0,B,United States
1060359,American Robin,https://xeno-canto.org/1060359/download,15.0,B,United States
1039937,American Robin,https://xeno-canto.org/1039937/download,30.0,B,United States
1023057,American Robin,https://xeno-canto.org/1023057/download,11.0,B,Canada
1023055,American Robin,https://xeno-canto.org/1023055/download,18.0,B,Canada
1021108,American Robin,https://xeno-canto.org/1021108/download,25.0,B,Canada
1021104,American Robin,https://xeno-canto.org/1021104/download,19.0,B,Canada
1021101,American Robin,https://xeno-canto.org/1021101/download,31.0,B,Canada
1021100,American Robin,https://xeno-canto.org/1021100/download,51.0,B,Canada
1021099,American Robin,https://xeno-canto.org/1021099/download,19.0,B,Canada
1021098,American Robin,https://xeno-canto.org/1021098/download,19.0,B,Canada
1021096,American Robin,https://xeno-canto.org/1021096/download,18.0,B,Canada
1021093,American Robin,https://xeno-canto.org/1021093/download,49.0,B,Canada
1021092,American Robin,https://xeno-canto.org/1021092/download,40.0,B,Canada
1014360,American Robin,https://xeno-canto.org/1014360/download,17.0,B,Canada
1012676,American Robin,https://xeno-canto.org/1012676/download,49.0,B,Canada
1012286,American Robin,https://xeno-canto.org/1012286/download,46.0,B,United States
1011829,American Robin,https://xeno-canto.org/1011829/download,62.0,B,United States
992496,American Robin,https://xeno-canto.org/992496/download,18.0,B,United States
960784,American Robin,https://xeno-canto.org/960784/download,30.0,B,Canada
959629,American Robin,https://xeno-canto.org/959629/download,110.0,B,Canada
959627,American Robin,https://xeno-canto.org/959627/download,113.0,B,Canada
942384,American Robin,https://xeno-canto.org/942384/download,67.0,B,United States
940232,American Robin,https://xeno-canto.org/940232/download,37.0,B,United States
923254,American Robin,https://xeno-canto.org/923254/download,70.0,B,United States
900073,American Robin,https://xeno-canto.org/900073/download,92.0,B,Canada
899915,American Robin,https://xeno-canto.org/899915/download,112.0,B,United States
896093,American Robin,https://xeno-canto.org/896093/download,21.0,B,United States
894430,American Robin,https://xeno-canto.org/894430/download,97.0,B,United States
884702,American Robin,https://xeno-canto.org/884702/download,31.0,B,United States
880472,American Robin,https://xeno-canto.org/880472/download,21.0,B,United States
853585,American Robin,https://xeno-canto.org/853585/download,42.0,B,United States
839336,American Robin,https://xeno-canto.org/839336/download,30.0,B,Canada
835988,American Robin,https://xeno-canto.org/835988/download,17.0,B,United States
825258,American Robin,https://xeno-canto.org/825258/download,42.0,B,United States
825257,American Robin,https://xeno-canto.org/825257/download,75.0,B,United States
821699,American Robin,https://xeno-canto.org/821699/download,76.0,B,United States
818816,American Robin,https://xeno-canto.org/818816/download,58.0,B,United States
807538,American Robin,https://xeno-canto.org/807538/download,18.0,B,United States
805062,American Robin,https://xeno-canto.org/805062/download,18.0,B,United States
803608,American Robin,https://xeno-canto.org/803608/download,42.0,B,United States
803125,American Robin,https://xeno-canto.org/803125/download,26.0,B,United States
797694,American Robin,https://xeno-canto.org/797694/download,17.0,B,Canada
791176,American Robin,https://xeno-canto.org/791176/download,25.0,B,United States
782270,American Robin,https://xeno-canto.org/782270/download,96.0,B,United States
778884,American Robin,https://xeno-canto.org/778884/download,46.0,B,Mexico
778042,American Robin,https://xeno-canto.org/778042/download,116.0,B,Canada
774163,American Robin,https://xeno-canto.org/774163/download,74.0,B,United States
774159,American Robin,https://xeno-canto.org/774159/download,96.0,B,United States
774157,American Robin,https://xeno-canto.org/774157/download,67.0,B,United States
771918,American Robin,https://xeno-canto.org/771918/download,80.0,B,United States
757266,American Robin,https://xeno-canto.org/757266/download,62.0,B,United States
738573,American Robin,https://xeno-canto.org/738573/download,14.0,B,United States
736015,American Robin,https://xeno-canto.org/736015/download,55.0,B,Canada
729533,American Robin,https://xeno-canto.org/729533/download,14.0,B,Canada
729486,American Robin,https://xeno-canto.org/729486/download,49.0,B,Mexico
729485,American Robin,https://xeno-canto.org/729485/download,55.0,B,Mexico
725639,American Robin,https://xeno-canto.org/725639/download,70.0,B,Canada
717094,American Robin,https://xeno-canto.org/717094/download,77.0,B,United States
716216,American Robin,https://xeno-canto.org/716216/download,13.0,B,United States
707451,American Robin,https://xeno-canto.org/707451/download,17.0,B,United States
686191,American Robin,https://xeno-canto.org/686191/download,55.0,B,United States
666021,American Robin,https://xeno-canto.org/666021/download,10.0,B,United States
663101,American Robin,https://xeno-canto.org/663101/download,89.0,B,United States
663100,American Robin,https://xeno-canto.org/663100/download,99.0,B,United States
656184,American Robin,https://xeno-canto.org/656184/download,43.0,B,Mexico
651630,American Robin,https://xeno-canto.org/651630/download,23.0,B,United States
646526,American Robin,https://xeno-canto.org/646526/download,65.0,B,United States
642934,American Robin,https://xeno-canto.org/642934/download,101.0,B,United States
639162,American Robin,https://xeno-canto.org/639162/download,61.0,B,United States
638326,American Robin,https://xeno-canto.org/638326/download,83.0,B,United States
636411,American Robin,https://xeno-canto.org/636411/download,82.0,B,Canada
628190,American Robin,https://xeno-canto.org/628190/download,24.0,B,United States
624424,American Robin,https://xeno-canto.org/624424/download,12.0,B,United States
624423,American Robin,https://xeno-canto.org/624423/download,14.0,B,United States
624422,American Robin,https://xeno-canto.org/624422/download,20.0,B,United States
610882,American Robin,https://xeno-canto.org/610882/download,74.0,B,United States
600289,American Robin,https://xeno-canto.org/600289/download,70.0,B,United States
598600,American Robin,https://xeno-canto.org/598600/download,49.0,B,Mexico
597991,American Robin,https://xeno-canto.org/597991/download,45.0,B,Canada
593812,American Robin,https://xeno-canto.org/593812/download,23.0,B,United States
574490,American Robin,https://xeno-canto.org/574490/download,72.0,B,United States
574480,American Robin,https://xeno-canto.org/574480/download,108.0,B,United States
574468,American Robin,https://xeno-canto.org/574468/download,78.0,B,United States
573240,American Robin,https://xeno-canto.org/573240/download,57.0,B,United States
573158,American Robin,https://xeno-canto.org/573158/download,16.0,B,United States
568591,American Robin,https://xeno-canto.org/568591/download,30.0,B,United States
568588,American Robin,https://xeno-canto.org/568588/download,40.0,B,United States
559549,American Robin,https://xeno-canto.org/559549/download,16.0,B,United States
558332,American Robin,https://xeno-canto.org/558332/download,54.0,B,Canada
550355,American Robin,https://xeno-canto.org/550355/download,22.0,B,Canada
542152,American Robin,https://xeno-canto.org/542152/download,32.0,B,United States
538603,American Robin,https://xeno-canto.org/538603/download,25.0,B,United States
537999,American Robin,https://xeno-canto.org/537999/download,39.0,B,Canada
537163,American Robin,https://xeno-canto.org/537163/download,71.0,B,United States
524659,American Robin,https://xeno-canto.org/524659/download,21.0,B,United States
524254,American Robin,https://xeno-canto.org/524254/download,20.0,B,United States
517735,American Robin,https://xeno-canto.org/517735/download,43.0,B,United States
512248,American Robin,https://xeno-canto.org/512248/download,100.0,B,Canada
505384,American Robin,https://xeno-canto.org/505384/download,28.0,B,United States
500095,American Robin,https://xeno-canto.org/500095/download,72.0,B,Mexico
500094,American Robin,https://xeno-canto.org/500094/download,44.0,B,Mexico
494263,American Robin,https://xeno-canto.org/494263/download,55.0,B,United States
491645,American Robin,https://xeno-canto.org/491645/download,25.0,B,United States
483627,American Robin,https://xeno-canto.org/483627/download,16.0,B,United States
482331,American Robin,https://xeno-canto.org/482331/download,34.0,B,United States
480682,American Robin,https://xeno-canto.org/480682/download,59.0,B,United States
474615,American Robin,https://xeno-canto.org/474615/download,97.0,B,United States
467818,American Robin,https://xeno-canto.org/467818/download,47.0,B,United States
467608,American Robin,https://xeno-canto.org/467608/download,37.0,B,Canada
466249,American Robin,https://xeno-canto.org/466249/download,24.0,B,Mexico
462166,American Robin,https://xeno-canto.org/462166/download,30.0,B,United States
458035,American Robin,https://xeno-canto.org/458035/download,17.0,B,United States
452607,American Robin,https://xeno-canto.org/452607/download,44.0,B,United States
448295,American Robin,https://xeno-canto.org/448295/download,30.0,B,Mexico
448294,American Robin,https://xeno-canto.org/448294/download,26.0,B,Mexico
448271,American Robin,https://xeno-canto.org/448271/download,77.0,B,Mexico
1095084,Black-capped Chickadee,https://xeno-canto.org/1095084/download,30.0,A,United States
1087463,Black-capped Chickadee,https://xeno-canto.org/1087463/download,73.0,A,United States
1073855,Black-capped Chickadee,https://xeno-canto.org/1073855/download,31.0,A,United States
1060245,Black-capped Chickadee,https://xeno-canto.org/1060245/download,54.0,A,Canada
1060244,Black-capped Chickadee,https://xeno-canto.org/1060244/download,61.0,A,Canada
1047655,Black-capped Chickadee,https://xeno-canto.org/1047655/download,72.0,A,United States
1047654,Black-capped Chickadee,https://xeno-canto.org/1047654/download,63.0,A,United States
1035996,Black-capped Chickadee,https://xeno-canto.org/1035996/download,64.0,A,United States
1014227,Black-capped Chickadee,https://xeno-canto.org/1014227/download,18.0,A,Canada
1012939,Black-capped Chickadee,https://xeno-canto.org/1012939/download,13.0,A,Canada
1012680,Black-capped Chickadee,https://xeno-canto.org/1012680/download,58.0,A,Canada
1012679,Black-capped Chickadee,https://xeno-canto.org/1012679/download,47.0,A,Canada
1012678,Black-capped Chickadee,https://xeno-canto.org/1012678/download,15.0,A,Canada
1012506,Black-capped Chickadee,https://xeno-canto.org/1012506/download,94.0,A,Canada
1012404,Black-capped Chickadee,https://xeno-canto.org/1012404/download,52.0,A,Canada
1008067,Black-capped Chickadee,https://xeno-canto.org/1008067/download,11.0,A,United States
994379,Black-capped Chickadee,https://xeno-canto.org/994379/download,78.0,A,Canada
994313,Black-capped Chickadee,https://xeno-canto.org/994313/download,14.0,A,United States
961968,Black-capped Chickadee,https://xeno-canto.org/961968/download,12.0,A,United States
959153,Black-capped Chickadee,https://xeno-canto.org/959153/download,49.0,A,United States
957291,Black-capped Chickadee,https://xeno-canto.org/957291/download,41.0,A,Canada
957100,Black-capped Chickadee,https://xeno-canto.org/957100/download,108.0,A,United States
939388,Black-capped Chickadee,https://xeno-canto.org/939388/download,17.0,A,United States
935615,Black-capped Chickadee,https://xeno-canto.org/935615/download,37.0,A,Canada
924797,Black-capped Chickadee,https://xeno-canto.org/924797/download,43.0,A,United States
924795,Black-capped Chickadee,https://xeno-canto.org/924795/download,32.0,A,United States
923855,Black-capped Chickadee,https://xeno-canto.org/923855/download,51.0,A,Canada
921474,Black-capped Chickadee,https://xeno-canto.org/921474/download,23.0,A,United States
911663,Black-capped Chickadee,https://xeno-canto.org/911663/download,84.0,A,United States
879118,Black-capped Chickadee,https://xeno-canto.org/879118/download,20.0,A,United States
845602,Black-capped Chickadee,https://xeno-canto.org/845602/download,23.0,A,United States
839351,Black-capped Chickadee,https://xeno-canto.org/839351/download,37.0,A,Canada
814912,Black-capped Chickadee,https://xeno-canto.org/814912/download,15.0,A,United States
805370,Black-capped Chickadee,https://xeno-canto.org/805370/download,30.0,A,United States
787957,Black-capped Chickadee,https://xeno-canto.org/787957/download,47.0,A,United States
749980,Black-capped Chickadee,https://xeno-canto.org/749980/download,24.0,A,Canada
720923,Black-capped Chickadee,https://xeno-canto.org/720923/download,46.0,A,Canada
717519,Black-capped Chickadee,https://xeno-canto.org/717519/download,23.0,A,United States
717518,Black-capped Chickadee,https://xeno-canto.org/717518/download,89.0,A,United States
717105,Black-capped Chickadee,https://xeno-canto.org/717105/download,25.0,A,United States
701867,Black-capped Chickadee,https://xeno-canto.org/701867/download,116.0,A,United States
679897,Black-capped Chickadee,https://xeno-canto.org/679897/download,56.0,A,United States
645152,Black-capped Chickadee,https://xeno-canto.org/645152/download,70.0,A,United States
636533,Black-capped Chickadee,https://xeno-canto.org/636533/download,16.0,A,Canada
624465,Black-capped Chickadee,https://xeno-canto.org/624465/download,67.0,A,United States
624464,Black-capped Chickadee,https://xeno-canto.org/624464/download,30.0,A,United States
624460,Black-capped Chickadee,https://xeno-canto.org/624460/download,22.0,A,United States
624458,Black-capped Chickadee,https://xeno-canto.org/624458/download,22.0,A,United States
624457,Black-capped Chickadee,https://xeno-canto.org/624457/download,25.0,A,United States
624456,Black-capped Chickadee,https://xeno-canto.org/624456/download,20.0,A,United States
624455,Black-capped Chickadee,https://xeno-canto.org/624455/download,47.0,A,United States
624444,Black-capped Chickadee,https://xeno-canto.org/624444/download,22.0,A,United States
621200,Black-capped Chickadee,https://xeno-canto.org/621200/download,63.0,A,United States
613338,Black-capped Chickadee,https://xeno-canto.org/613338/download,66.0,A,United States
609196,Black-capped Chickadee,https://xeno-canto.org/609196/download,11.0,A,United States
598808,Black-capped Chickadee,https://xeno-canto.org/598808/download,71.0,A,United States
582380,Black-capped Chickadee,https://xeno-canto.org/582380/download,18.0,A,United States
560209,Black-capped Chickadee,https://xeno-canto.org/560209/download,30.0,A,United States
554222,Black-capped Chickadee,https://xeno-canto.org/554222/download,82.0,A,United States
549584,Black-capped Chickadee,https://xeno-canto.org/549584/download,43.0,A,United States
545025,Black-capped Chickadee,https://xeno-canto.org/545025/download,113.0,A,United States
544969,Black-capped Chickadee,https://xeno-canto.org/544969/download,13.0,A,United States
544967,Black-capped Chickadee,https://xeno-canto.org/544967/download,10.0,A,United States
521283,Black-capped Chickadee,https://xeno-canto.org/521283/download,83.0,A,United States
513353,Black-capped Chickadee,https://xeno-canto.org/513353/download,71.0,A,United States
511283,Black-capped Chickadee,https://xeno-canto.org/511283/download,73.0,A,Canada
473414,Black-capped Chickadee,https://xeno-canto.org/473414/download,46.0,A,United States
408992,Black-capped Chickadee,https://xeno-canto.org/408992/download,59.0,A,United States
408988,Black-capped Chickadee,https://xeno-canto.org/408988/download,42.0,A,United States
388592,Black-capped Chickadee,https://xeno-canto.org/388592/download,15.0,A,United States
374840,Black-capped Chickadee,https://xeno-canto.org/374840/download,104.0,A,United States
370862,Black-capped Chickadee,https://xeno-canto.org/370862/download,108.0,A,Canada
361836,Black-capped Chickadee,https://xeno-canto.org/361836/download,38.0,A,United States
361835,Black-capped Chickadee,https://xeno-canto.org/361835/download,76.0,A,United States
352828,Black-capped Chickadee,https://xeno-canto.org/352828/download,27.0,A,United States
335242,Black-capped Chickadee,https://xeno-canto.org/335242/download,60.0,A,United States
334996,Black-capped Chickadee,https://xeno-canto.org/334996/download,47.0,A,United States
327904,Black-capped Chickadee,https://xeno-canto.org/327904/download,24.0,A,United States
323050,Black-capped Chickadee,https://xeno-canto.org/323050/download,32.0,A,United States
320376,Black-capped Chickadee,https://xeno-canto.org/320376/download,27.0,A,United States
311564,Black-capped Chickadee,https://xeno-canto.org/311564/download,23.0,A,United States
304270,Black-capped Chickadee,https://xeno-canto.org/304270/download,15.0,A,United States
304269,Black-capped Chickadee,https://xeno-canto.org/304269/download,13.0,A,United States
299725,Black-capped Chickadee,https://xeno-canto.org/299725/download,99.0,A,United States
294136,Black-capped Chickadee,https://xeno-canto.org/294136/download,36.0,A,Canada
175039,Black-capped Chickadee,https://xeno-canto.org/175039/download,60.0,A,Canada
174869,Black-capped Chickadee,https://xeno-canto.org/174869/download,29.0,A,United States
156746,Black-capped Chickadee,https://xeno-canto.org/156746/download,92.0,A,United States
144664,Black-capped Chickadee,https://xeno-canto.org/144664/download,34.0,A,United States
138776,Black-capped Chickadee,https://xeno-canto.org/138776/download,94.0,A,United States
120878,Black-capped Chickadee,https://xeno-canto.org/120878/download,33.0,A,Canada
103202,Black-capped Chickadee,https://xeno-canto.org/103202/download,41.0,A,United States
86760,Black-capped Chickadee,https://xeno-canto.org/86760/download,38.0,A,United States
76509,Black-capped Chickadee,https://xeno-canto.org/76509/download,16.0,A,United States
76508,Black-capped Chickadee,https://xeno-canto.org/76508/download,26.0,A,United States
76507,Black-capped Chickadee,https://xeno-canto.org/76507/download,35.0,A,United States
76199,Black-capped Chickadee,https://xeno-canto.org/76199/download,74.0,A,United States
70185,Black-capped Chickadee,https://xeno-canto.org/70185/download,31.0,A,United States
42956,Black-capped Chickadee,https://xeno-canto.org/42956/download,23.0,A,United States
41677,Black-capped Chickadee,https://xeno-canto.org/41677/download,64.0,A,United States
33267,Black-capped Chickadee,https://xeno-canto.org/33267/download,14.0,A,United States
15233,Black-capped Chickadee,https://xeno-canto.org/15233/download,28.0,A,Canada
1090403,Black-capped Chickadee,https://xeno-canto.org/1090403/download,24.0,B,United States
1078044,Black-capped Chickadee,https://xeno-canto.org/1078044/download,36.0,B,Canada
1073854,Black-capped Chickadee,https://xeno-canto.org/1073854/download,113.0,B,United States
1058589,Black-capped Chickadee,https://xeno-canto.org/1058589/download,87.0,B,Canada
1056715,Black-capped Chickadee,https://xeno-canto.org/1056715/download,45.0,B,Canada
1056056,Black-capped Chickadee,https://xeno-canto.org/1056056/download,25.0,B,United States
1039178,Black-capped Chickadee,https://xeno-canto.org/1039178/download,26.0,B,United States
1038686,Black-capped Chickadee,https://xeno-canto.org/1038686/download,30.0,B,United States
1036589,Black-capped Chickadee,https://xeno-canto.org/1036589/download,56.0,B,United States
1034483,Black-capped Chickadee,https://xeno-canto.org/1034483/download,102.0,B,Canada
1032183,Black-capped Chickadee,https://xeno-canto.org/1032183/download,45.0,B,United States
1024569,Black-capped Chickadee,https://xeno-canto.org/1024569/download,55.0,B,United States
1024568,Black-capped Chickadee,https://xeno-canto.org/1024568/download,91.0,B,United States
1022742,Black-capped Chickadee,https://xeno-canto.org/1022742/download,57.0,B,Canada
1022735,Black-capped Chickadee,https://xeno-canto.org/1022735/download,27.0,B,Canada
1020109,Black-capped Chickadee,https://xeno-canto.org/1020109/download,84.0,B,Canada
1020108,Black-capped Chickadee,https://xeno-canto.org/1020108/download,110.0,B,Canada
1020107,Black-capped Chickadee,https://xeno-canto.org/1020107/download,39.0,B,Canada
1020106,Black-capped Chickadee,https://xeno-canto.org/1020106/download,69.0,B,Canada
1020105,Black-capped Chickadee,https://xeno-canto.org/1020105/download,61.0,B,Canada
1020104,Black-capped Chickadee,https://xeno-canto.org/1020104/download,37.0,B,Canada
1020103,Black-capped Chickadee,https://xeno-canto.org/1020103/download,16.0,B,Canada
1012574,Black-capped Chickadee,https://xeno-canto.org/1012574/download,30.0,B,Canada
1012141,Black-capped Chickadee,https://xeno-canto.org/1012141/download,29.0,B,United States
1007967,Black-capped Chickadee,https://xeno-canto.org/1007967/download,28.0,B,United States
1004760,Black-capped Chickadee,https://xeno-canto.org/1004760/download,36.0,B,United States
1000385,Black-capped Chickadee,https://xeno-canto.org/1000385/download,89.0,B,Canada
994349,Black-capped Chickadee,https://xeno-canto.org/994349/download,118.0,B,Canada
994126,Black-capped Chickadee,https://xeno-canto.org/994126/download,98.0,B,Canada
990115,Black-capped Chickadee,https://xeno-canto.org/990115/download,87.0,B,Canada
990114,Black-capped Chickadee,https://xeno-canto.org/990114/download,111.0,B,Canada
988636,Black-capped Chickadee,https://xeno-canto.org/988636/download,119.0,B,United States
983977,Black-capped Chickadee,https://xeno-canto.org/983977/download,22.0,B,United States
980361,Black-capped Chickadee,https://xeno-canto.org/980361/download,35.0,B,Canada
979767,Black-capped Chickadee,https://xeno-canto.org/979767/download,102.0,B,Canada
979752,Black-capped Chickadee,https://xeno-canto.org/979752/download,62.0,B,Canada
963194,Black-capped Chickadee,https://xeno-canto.org/963194/download,66.0,B,United States
959624,Black-capped Chickadee,https://xeno-canto.org/959624/download,50.0,B,Canada
957290,Black-capped Chickadee,https://xeno-canto.org/957290/download,34.0,B,Canada
956231,Black-capped Chickadee,https://xeno-canto.org/956231/download,85.0,B,United States
955846,Black-capped Chickadee,https://xeno-canto.org/955846/download,95.0,B,United States
942386,Black-capped Chickadee,https://xeno-canto.org/942386/download,31.0,B,United States
934155,Black-capped Chickadee,https://xeno-canto.org/934155/download,17.0,B,United States
933542,Black-capped Chickadee,https://xeno-canto.org/933542/download,34.0,B,United States
926894,Black-capped Chickadee,https://xeno-canto.org/926894/download,35.0,B,Canada
918491,Black-capped Chickadee,https://xeno-canto.org/918491/download,60.0,B,Canada
900526,Black-capped Chickadee,https://xeno-canto.org/900526/download,11.0,B,United States
899845,Black-capped Chickadee,https://xeno-canto.org/899845/download,58.0,B,United States
879101,Black-capped Chickadee,https://xeno-canto.org/879101/download,29.0,B,United States
827231,Black-capped Chickadee,https://xeno-canto.org/827231/download,13.0,B,United States
814913,Black-capped Chickadee,https://xeno-canto.org/814913/download,24.0,B,United States
805364,Black-capped Chickadee,https://xeno-canto.org/805364/download,27.0,B,United States
803377,Black-capped Chickadee,https://xeno-canto.org/803377/download,29.0,B,Canada
793699,Black-capped Chickadee,https://xeno-canto.org/793699/download,42.0,B,United States
776016,Black-capped Chickadee,https://xeno-canto.org/776016/download,60.0,B,United States
776015,Black-capped Chickadee,https://xeno-canto.org/776015/download,39.0,B,United States
776014,Black-capped Chickadee,https://xeno-canto.org/776014/download,27.0,B,United States
776012,Black-capped Chickadee,https://xeno-canto.org/776012/download,11.0,B,United States
772285,Black-capped Chickadee,https://xeno-canto.org/772285/download,56.0,B,United States
759420,Black-capped Chickadee,https://xeno-canto.org/759420/download,75.0,B,United States
757387,Black-capped Chickadee,https://xeno-canto.org/757387/download,15.0,B,United States
753677,Black-capped Chickadee,https://xeno-canto.org/753677/download,14.0,B,Canada
749903,Black-capped Chickadee,https://xeno-canto.org/749903/download,20.0,B,Canada
720355,Black-capped Chickadee,https://xeno-canto.org/720355/download,59.0,B,United States
706130,Black-capped Chickadee,https://xeno-canto.org/706130/download,30.0,B,United States
702804,Black-capped Chickadee,https://xeno-canto.org/702804/download,50.0,B,United States
699477,Black-capped Chickadee,https://xeno-canto.org/699477/download,12.0,B,United States
699476,Black-capped Chickadee,https://xeno-canto.org/699476/download,42.0,B,United States
666539,Black-capped Chickadee,https://xeno-canto.org/666539/download,31.0,B,United States
664723,Black-capped Chickadee,https://xeno-canto.org/664723/download,68.0,B,United States
660289,Black-capped Chickadee,https://xeno-canto.org/660289/download,16.0,B,United States
658516,Black-capped Chickadee,https://xeno-canto.org/658516/download,41.0,B,United States
642036,Black-capped Chickadee,https://xeno-canto.org/642036/download,25.0,B,United States
636532,Black-capped Chickadee,https://xeno-canto.org/636532/download,18.0,B,Canada
636413,Black-capped Chickadee,https://xeno-canto.org/636413/download,19.0,B,Canada
627725,Black-capped Chickadee,https://xeno-canto.org/627725/download,35.0,B,United States
626889,Black-capped Chickadee,https://xeno-canto.org/626889/download,54.0,B,United States
626217,Black-capped Chickadee,https://xeno-canto.org/626217/download,32.0,B,Canada
624454,Black-capped Chickadee,https://xeno-canto.org/624454/download,58.0,B,United States
624453,Black-capped Chickadee,https://xeno-canto.org/624453/download,24.0,B,United States
624452,Black-capped Chickadee,https://xeno-canto.org/624452/download,34.0,B,United States
624438,Black-capped Chickadee,https://xeno-canto.org/624438/download,18.0,B,United States
612074,Black-capped Chickadee,https://xeno-canto.org/612074/download,67.0,B,United States
610966,Black-capped Chickadee,https://xeno-canto.org/610966/download,41.0,B,United States
610811,Black-capped Chickadee,https://xeno-canto.org/610811/download,78.0,B,United States
609666,Black-capped Chickadee,https://xeno-canto.org/609666/download,19.0,B,United States
607732,Black-capped Chickadee,https://xeno-canto.org/607732/download,10.0,B,United States
606905,Black-capped Chickadee,https://xeno-canto.org/606905/download,108.0,B,United States
605160,Black-capped Chickadee,https://xeno-canto.org/605160/download,45.0,B,United States
603252,Black-capped Chickadee,https://xeno-canto.org/603252/download,53.0,B,Canada
603163,Black-capped Chickadee,https://xeno-canto.org/603163/download,119.0,B,United States
599837,Black-capped Chickadee,https://xeno-canto.org/599837/download,63.0,B,Canada
599836,Black-capped Chickadee,https://xeno-canto.org/599836/download,100.0,B,Canada
589309,Black-capped Chickadee,https://xeno-canto.org/589309/download,15.0,B,United States
587775,Black-capped Chickadee,https://xeno-canto.org/587775/download,26.0,B,United States
582568,Black-capped Chickadee,https://xeno-canto.org/582568/download,29.0,B,United States
579284,Black-capped Chickadee,https://xeno-canto.org/579284/download,46.0,B,United States
572489,Black-capped Chickadee,https://xeno-canto.org/572489/download,88.0,B,United States
569962,Black-capped Chickadee,https://xeno-canto.org/569962/download,41.0,B,United States
569276,Black-capped Chickadee,https://xeno-canto.org/569276/download,38.0,B,United States
567914,Black-capped Chickadee,https://xeno-canto.org/567914/download,43.0,B,United States
567615,Black-capped Chickadee,https://xeno-canto.org/567615/download,38.0,B,United States
563938,Black-capped Chickadee,https://xeno-canto.org/563938/download,52.0,B,United States
549412,Black-capped Chickadee,https://xeno-canto.org/549412/download,19.0,B,Canada
542491,Black-capped Chickadee,https://xeno-canto.org/542491/download,64.0,B,Canada
539276,Black-capped Chickadee,https://xeno-canto.org/539276/download,86.0,B,United States
535194,Black-capped Chickadee,https://xeno-canto.org/535194/download,118.0,B,United States
530741,Black-capped Chickadee,https://xeno-canto.org/530741/download,22.0,B,United States
513209,Black-capped Chickadee,https://xeno-canto.org/513209/download,33.0,B,United States
500125,Black-capped Chickadee,https://xeno-canto.org/500125/download,35.0,B,United States
473446,Black-capped Chickadee,https://xeno-canto.org/473446/download,44.0,B,United States
473415,Black-capped Chickadee,https://xeno-canto.org/473415/download,66.0,B,United States
469109,Black-capped Chickadee,https://xeno-canto.org/469109/download,77.0,B,United States
466948,Black-capped Chickadee,https://xeno-canto.org/466948/download,97.0,B,United States
465050,Black-capped Chickadee,https://xeno-canto.org/465050/download,16.0,B,Canada
465049,Black-capped Chickadee,https://xeno-canto.org/465049/download,108.0,B,Canada
463411,Black-capped Chickadee,https://xeno-canto.org/463411/download,31.0,B,United States
459444,Black-capped Chickadee,https://xeno-canto.org/459444/download,71.0,B,United States
458969,Black-capped Chickadee,https://xeno-canto.org/458969/download,82.0,B,Canada
455176,Black-capped Chickadee,https://xeno-canto.org/455176/download,24.0,B,United States
433239,Black-capped Chickadee,https://xeno-canto.org/433239/download,12.0,B,United States
433166,Black-capped Chickadee,https://xeno-canto.org/433166/download,47.0,B,Canada
421003,Black-capped Chickadee,https://xeno-canto.org/421003/download,22.0,B,United States
420822,Black-capped Chickadee,https://xeno-canto.org/420822/download,33.0,B,United States
415443,Black-capped Chickadee,https://xeno-canto.org/415443/download,43.0,B,United States
408991,Black-capped Chickadee,https://xeno-canto.org/408991/download,26.0,B,United States
408990,Black-capped Chickadee,https://xeno-canto.org/408990/download,28.0,B,United States
408989,Black-capped Chickadee,https://xeno-canto.org/408989/download,13.0,B,United States
407827,Black-capped Chickadee,https://xeno-canto.org/407827/download,17.0,B,United States
406662,Black-capped Chickadee,https://xeno-canto.org/406662/download,96.0,B,United States
406258,Black-capped Chickadee,https://xeno-canto.org/406258/download,59.0,B,United States
389429,Black-capped Chickadee,https://xeno-canto.org/389429/download,29.0,B,Canada
373470,Black-capped Chickadee,https://xeno-canto.org/373470/download,26.0,B,United States
372606,Black-capped Chickadee,https://xeno-canto.org/372606/download,46.0,B,United States
370489,Black-capped Chickadee,https://xeno-canto.org/370489/download,94.0,B,United States
362893,Black-capped Chickadee,https://xeno-canto.org/362893/download,34.0,B,United States
357733,Black-capped Chickadee,https://xeno-canto.org/357733/download,67.0,B,United States
355195,Black-capped Chickadee,https://xeno-canto.org/355195/download,79.0,B,United States
330444,Black-capped Chickadee,https://xeno-canto.org/330444/download,105.0,B,Canada
323045,Black-capped Chickadee,https://xeno-canto.org/323045/download,16.0,B,United States
321389,Black-capped Chickadee,https://xeno-canto.org/321389/download,31.0,B,United States
320263,Black-capped Chickadee,https://xeno-canto.org/320263/download,52.0,B,United States
313677,Black-capped Chickadee,https://xeno-canto.org/313677/download,12.0,B,United States
313353,Black-capped Chickadee,https://xeno-canto.org/313353/download,33.0,B,United States
306927,Black-capped Chickadee,https://xeno-canto.org/306927/download,32.0,B,Canada
305762,Black-capped Chickadee,https://xeno-canto.org/305762/download,24.0,B,United States
302549,Black-capped Chickadee,https://xeno-canto.org/302549/download,45.0,B,Canada
299853,Black-capped Chickadee,https://xeno-canto.org/299853/download,45.0,B,United States
299852,Black-capped Chickadee,https://xeno-canto.org/299852/download,49.0,B,United States
299723,Black-capped Chickadee,https://xeno-canto.org/299723/download,42.0,B,United States
299710,Black-capped Chickadee,https://xeno-canto.org/299710/download,39.0,B,United States
298451,Black-capped Chickadee,https://xeno-canto.org/298451/download,43.0,B,Canada
284489,Black-capped Chickadee,https://xeno-canto.org/284489/download,15.0,B,United States
282094,Black-capped Chickadee,https://xeno-canto.org/282094/download,33.0,B,United States
277126,Black-capped Chickadee,https://xeno-canto.org/277126/download,34.0,B,United States
269189,Black-capped Chickadee,https://xeno-canto.org/269189/download,47.0,B,United States
269017,Black-capped Chickadee,https://xeno-canto.org/269017/download,28.0,B,United States
265075,Black-capped Chickadee,https://xeno-canto.org/265075/download,12.0,B,United States
264343,Black-capped Chickadee,https://xeno-canto.org/264343/download,59.0,B,United States
260209,Black-capped Chickadee,https://xeno-canto.org/260209/download,37.0,B,Canada
255444,Black-capped Chickadee,https://xeno-canto.org/255444/download,86.0,B,Canada
246804,Black-capped Chickadee,https://xeno-canto.org/246804/download,86.0,B,United States
233942,Black-capped Chickadee,https://xeno-canto.org/233942/download,10.0,B,United States
216075,Black-capped Chickadee,https://xeno-canto.org/216075/download,20.0,B,United States
199358,Black-capped Chickadee,https://xeno-canto.org/199358/download,51.0,B,United States
190347,Black-capped Chickadee,https://xeno-canto.org/190347/download,58.0,B,Canada
190340,Black-capped Chickadee,https://xeno-canto.org/190340/download,16.0,B,Canada
184306,Black-capped Chickadee,https://xeno-canto.org/184306/download,38.0,B,United States
182680,Black-capped Chickadee,https://xeno-canto.org/182680/download,68.0,B,Canada
179792,Black-capped Chickadee,https://xeno-canto.org/179792/download,40.0,B,United States
178779,Black-capped Chickadee,https://xeno-canto.org/178779/download,96.0,B,United States
178778,Black-capped Chickadee,https://xeno-canto.org/178778/download,98.0,B,United States
175038,Black-capped Chickadee,https://xeno-canto.org/175038/download,83.0,B,Canada
168882,Black-capped Chickadee,https://xeno-canto.org/168882/download,19.0,B,United States
164791,Black-capped Chickadee,https://xeno-canto.org/164791/download,95.0,B,United States
156532,Black-capped Chickadee,https://xeno-canto.org/156532/download,65.0,B,Canada
154891,Black-capped Chickadee,https://xeno-canto.org/154891/download,44.0,B,Canada
149941,Black-capped Chickadee,https://xeno-canto.org/149941/download,11.0,B,Canada
139987,Black-capped Chickadee,https://xeno-canto.org/139987/download,46.0,B,Canada
139605,Black-capped Chickadee,https://xeno-canto.org/139605/download,70.0,B,United States
139438,Black-capped Chickadee,https://xeno-canto.org/139438/download,43.0,B,United States
139055,Black-capped Chickadee,https://xeno-canto.org/139055/download,24.0,B,United States
135477,Black-capped Chickadee,https://xeno-canto.org/135477/download,25.0,B,United States
131952,Black-capped Chickadee,https://xeno-canto.org/131952/download,18.0,B,Canada
123506,Black-capped Chickadee,https://xeno-canto.org/123506/download,59.0,B,United States
121068,Black-capped Chickadee,https://xeno-canto.org/121068/download,51.0,B,United States
114086,Black-capped Chickadee,https://xeno-canto.org/114086/download,83.0,B,United States
114073,Black-capped Chickadee,https://xeno-canto.org/114073/download,18.0,B,United States
103201,Black-capped Chickadee,https://xeno-canto.org/103201/download,20.0,B,United States
91543,Black-capped Chickadee,https://xeno-canto.org/91543/download,11.0,B,United States
83509,Black-capped Chickadee,https://xeno-canto.org/83509/download,11.0,B,United States
77884,Black-capped Chickadee,https://xeno-canto.org/77884/download,11.0,B,United States
70434,Black-capped Chickadee,https://xeno-canto.org/70434/download,91.0,B,United States
66089,Black-capped Chickadee,https://xeno-canto.org/66089/download,72.0,B,Canada
66004,Black-capped Chickadee,https://xeno-canto.org/66004/download,73.0,B,Canada
51779,Black-capped Chickadee,https://xeno-canto.org/51779/download,36.0,B,United States
37387,Black-capped Chickadee,https://xeno-canto.org/37387/download,25.0,B,Canada
30903,Black-capped Chickadee,https://xeno-canto.org/30903/download,26.0,B,United States
16900,Black-capped Chickadee,https://xeno-canto.org/16900/download,21.0,B,United States
15234,Black-capped Chickadee,https://xeno-canto.org/15234/download,33.0,B,Canada
1089829,Steller's Jay,https://xeno-canto.org/1089829/download,56.0,A,Guatemala
1086866,Steller's Jay,https://xeno-canto.org/1086866/download,30.0,A,Canada
980450,Steller's Jay,https://xeno-canto.org/980450/download,100.0,A,Mexico
940917,Steller's Jay,https://xeno-canto.org/940917/download,111.0,A,United States
915555,Steller's Jay,https://xeno-canto.org/915555/download,32.0,A,United States
898844,Steller's Jay,https://xeno-canto.org/898844/download,20.0,A,United States
898842,Steller's Jay,https://xeno-canto.org/898842/download,35.0,A,United States
893206,Steller's Jay,https://xeno-canto.org/893206/download,30.0,A,United States
880056,Steller's Jay,https://xeno-canto.org/880056/download,39.0,A,Guatemala
880054,Steller's Jay,https://xeno-canto.org/880054/download,21.0,A,Guatemala
880053,Steller's Jay,https://xeno-canto.org/880053/download,10.0,A,Guatemala
833454,Steller's Jay,https://xeno-canto.org/833454/download,46.0,A,Canada
829232,Steller's Jay,https://xeno-canto.org/829232/download,35.0,A,Canada
829231,Steller's Jay,https://xeno-canto.org/829231/download,17.0,A,Canada
829229,Steller's Jay,https://xeno-canto.org/829229/download,28.0,A,Canada
813956,Steller's Jay,https://xeno-canto.org/813956/download,36.0,A,Mexico
813955,Steller's Jay,https://xeno-canto.org/813955/download,52.0,A,Mexico
813954,Steller's Jay,https://xeno-canto.org/813954/download,55.0,A,Mexico
813953,Steller's Jay,https://xeno-canto.org/813953/download,101.0,A,Mexico
809880,Steller's Jay,https://xeno-canto.org/809880/download,22.0,A,United States
735856,Steller's Jay,https://xeno-canto.org/735856/download,16.0,A,Mexico
731972,Steller's Jay,https://xeno-canto.org/731972/download,54.0,A,United States
703911,Steller's Jay,https://xeno-canto.org/703911/download,11.0,A,United States
702570,Steller's Jay,https://xeno-canto.org/702570/download,14.0,A,Mexico
694376,Steller's Jay,https://xeno-canto.org/694376/download,23.0,A,Mexico
688631,Steller's Jay,https://xeno-canto.org/688631/download,56.0,A,Canada
679452,Steller's Jay,https://xeno-canto.org/679452/download,79.0,A,Canada
676549,Steller's Jay,https://xeno-canto.org/676549/download,14.0,A,Mexico
676545,Steller's Jay,https://xeno-canto.org/676545/download,67.0,A,Mexico
670954,Steller's Jay,https://xeno-canto.org/670954/download,14.0,A,United States
667640,Steller's Jay,https://xeno-canto.org/667640/download,25.0,A,United States
662663,Steller's Jay,https://xeno-canto.org/662663/download,41.0,A,United States
651151,Steller's Jay,https://xeno-canto.org/651151/download,40.0,A,Mexico
646059,Steller's Jay,https://xeno-canto.org/646059/download,47.0,A,Nicaragua
644895,Steller's Jay,https://xeno-canto.org/644895/download,12.0,A,United States
636588,Steller's Jay,https://xeno-canto.org/636588/download,32.0,A,United States
634792,Steller's Jay,https://xeno-canto.org/634792/download,10.0,A,United States
627826,Steller's Jay,https://xeno-canto.org/627826/download,36.0,A,United States
625853,Steller's Jay,https://xeno-canto.org/625853/download,36.0,A,Canada
619060,Steller's Jay,https://xeno-canto.org/619060/download,12.0,A,United States
612665,Steller's Jay,https://xeno-canto.org/612665/download,65.0,A,United States
605632,Steller's Jay,https://xeno-canto.org/605632/download,64.0,A,United States
605631,Steller's Jay,https://xeno-canto.org/605631/download,10.0,A,United States
603263,Steller's Jay,https://xeno-canto.org/603263/download,24.0,A,United States
603262,Steller's Jay,https://xeno-canto.org/603262/download,14.0,A,United States
603261,Steller's Jay,https://xeno-canto.org/603261/download,77.0,A,United States
577312,Steller's Jay,https://xeno-canto.org/577312/download,57.0,A,United States
577311,Steller's Jay,https://xeno-canto.org/577311/download,46.0,A,United States
561908,Steller's Jay,https://xeno-canto.org/561908/download,57.0,A,United States
553421,Steller's Jay,https://xeno-canto.org/553421/download,34.0,A,United States
545914,Steller's Jay,https://xeno-canto.org/545914/download,57.0,A,United States
539039,Steller's Jay,https://xeno-canto.org/539039/download,22.0,A,United States
522477,Steller's Jay,https://xeno-canto.org/522477/download,10.0,A,United States
502310,Steller's Jay,https://xeno-canto.org/502310/download,27.0,A,United States
494456,Steller's Jay,https://xeno-canto.org/494456/download,11.0,A,Canada
494455,Steller's Jay,https://xeno-canto.org/494455/download,43.0,A,Canada
492768,Steller's Jay,https://xeno-canto.org/492768/download,31.0,A,United States
490775,Steller's Jay,https://xeno-canto.org/490775/download,67.0,A,Canada
489342,Steller's Jay,https://xeno-canto.org/489342/download,25.0,A,Canada
489338,Steller's Jay,https://xeno-canto.org/489338/download,87.0,A,Canada
466061,Steller's Jay,https://xeno-canto.org/466061/download,24.0,A,United States
461544,Steller's Jay,https://xeno-canto.org/461544/download,33.0,A,United States
456271,Steller's Jay,https://xeno-canto.org/456271/download,72.0,A,United States
456270,Steller's Jay,https://xeno-canto.org/456270/download,56.0,A,United States
456269,Steller's Jay,https://xeno-canto.org/456269/download,36.0,A,United States
456267,Steller's Jay,https://xeno-canto.org/456267/download,67.0,A,United States
445962,Steller's Jay,https://xeno-canto.org/445962/download,81.0,A,Mexico
445961,Steller's Jay,https://xeno-canto.org/445961/download,28.0,A,Mexico
422408,Steller's Jay,https://xeno-canto.org/422408/download,29.0,A,United States
412625,Steller's Jay,https://xeno-canto.org/412625/download,82.0,A,United States
408649,Steller's Jay,https://xeno-canto.org/408649/download,20.0,A,United States
408295,Steller's Jay,https://xeno-canto.org/408295/download,42.0,A,United States
408294,Steller's Jay,https://xeno-canto.org/408294/download,52.0,A,United States
406906,Steller's Jay,https://xeno-canto.org/406906/download,51.0,A,United States
406317,Steller's Jay,https://xeno-canto.org/406317/download,51.0,A,United States
390196,Steller's Jay,https://xeno-canto.org/390196/download,13.0,A,United States
390091,Steller's Jay,https://xeno-canto.org/390091/download,14.0,A,United States
368857,Steller's Jay,https://xeno-canto.org/368857/download,33.0,A,Canada
362511,Steller's Jay,https://xeno-canto.org/362511/download,12.0,A,United States
361830,Steller's Jay,https://xeno-canto.org/361830/download,22.0,A,United States
357025,Steller's Jay,https://xeno-canto.org/357025/download,39.0,A,United States
356719,Steller's Jay,https://xeno-canto.org/356719/download,27.0,A,United States
356718,Steller's Jay,https://xeno-canto.org/356718/download,106.0,A,United States
356717,Steller's Jay,https://xeno-canto.org/356717/download,17.0,A,United States
356716,Steller's Jay,https://xeno-canto.org/356716/download,22.0,A,United States
352548,Steller's Jay,https://xeno-canto.org/352548/download,19.0,A,Mexico
351349,Steller's Jay,https://xeno-canto.org/351349/download,34.0,A,Mexico
351348,Steller's Jay,https://xeno-canto.org/351348/download,16.0,A,Mexico
332713,Steller's Jay,https://xeno-canto.org/332713/download,69.0,A,United States
321746,Steller's Jay,https://xeno-canto.org/321746/download,89.0,A,United States
312026,Steller's Jay,https://xeno-canto.org/312026/download,69.0,A,United States
303684,Steller's Jay,https://xeno-canto.org/303684/download,74.0,A,United States
302312,Steller's Jay,https://xeno-canto.org/302312/download,14.0,A,United States
302307,Steller's Jay,https://xeno-canto.org/302307/download,19.0,A,United States
295855,Steller's Jay,https://xeno-canto.org/295855/download,37.0,A,United States
295851,Steller's Jay,https://xeno-canto.org/295851/download,15.0,A,United States
295329,Steller's Jay,https://xeno-canto.org/295329/download,25.0,A,United States
293741,Steller's Jay,https://xeno-canto.org/293741/download,96.0,A,United States
292470,Steller's Jay,https://xeno-canto.org/292470/download,14.0,A,United States
288627,Steller's Jay,https://xeno-canto.org/288627/download,18.0,A,United States
277099,Steller's Jay,https://xeno-canto.org/277099/download,16.0,A,United States
265523,Steller's Jay,https://xeno-canto.org/265523/download,54.0,A,Mexico
265522,Steller's Jay,https://xeno-canto.org/265522/download,53.0,A,Mexico
265521,Steller's Jay,https://xeno-canto.org/265521/download,36.0,A,Mexico
265520,Steller's Jay,https://xeno-canto.org/265520/download,54.0,A,Mexico
237496,Steller's Jay,https://xeno-canto.org/237496/download,46.0,A,Honduras
221965,Steller's Jay,https://xeno-canto.org/221965/download,13.0,A,United States
221964,Steller's Jay,https://xeno-canto.org/221964/download,17.0,A,Mexico
221963,Steller's Jay,https://xeno-canto.org/221963/download,19.0,A,Mexico
221962,Steller's Jay,https://xeno-canto.org/221962/download,16.0,A,Mexico
221961,Steller's Jay,https://xeno-canto.org/221961/download,19.0,A,Mexico
172422,Steller's Jay,https://xeno-canto.org/172422/download,38.0,A,United States
172421,Steller's Jay,https://xeno-canto.org/172421/download,72.0,A,United States
170836,Steller's Jay,https://xeno-canto.org/170836/download,50.0,A,United States
76978,Steller's Jay,https://xeno-canto.org/76978/download,25.0,A,United States
76977,Steller's Jay,https://xeno-canto.org/76977/download,30.0,A,United States
70159,Steller's Jay,https://xeno-canto.org/70159/download,15.0,A,Mexico
70158,Steller's Jay,https://xeno-canto.org/70158/download,45.0,A,Mexico
41245,Steller's Jay,https://xeno-canto.org/41245/download,16.0,A,Mexico
38010,Steller's Jay,https://xeno-canto.org/38010/download,13.0,A,United States
30604,Steller's Jay,https://xeno-canto.org/30604/download,58.0,A,United States
30603,Steller's Jay,https://xeno-canto.org/30603/download,29.0,A,United States
14433,Steller's Jay,https://xeno-canto.org/14433/download,54.0,A,United States
14432,Steller's Jay,https://xeno-canto.org/14432/download,33.0,A,United States
11640,Steller's Jay,https://xeno-canto.org/11640/download,33.0,A,United States
1102565,Steller's Jay,https://xeno-canto.org/1102565/download,20.0,B,United States
1090607,Steller's Jay,https://xeno-canto.org/1090607/download,10.0,B,United States
1089586,Steller's Jay,https://xeno-canto.org/1089586/download,40.0,B,Guatemala
1084612,Steller's Jay,https://xeno-canto.org/1084612/download,49.0,B,United States
1068204,Steller's Jay,https://xeno-canto.org/1068204/download,52.0,B,United States
1043865,Steller's Jay,https://xeno-canto.org/1043865/download,40.0,B,United States
1024969,Steller's Jay,https://xeno-canto.org/1024969/download,27.0,B,United States
1003155,Steller's Jay,https://xeno-canto.org/1003155/download,30.0,B,United States
974910,Steller's Jay,https://xeno-canto.org/974910/download,91.0,B,United States
880055,Steller's Jay,https://xeno-canto.org/880055/download,16.0,B,Guatemala
866011,Steller's Jay,https://xeno-canto.org/866011/download,16.0,B,United States
841310,Steller's Jay,https://xeno-canto.org/841310/download,12.0,B,Canada
841309,Steller's Jay,https://xeno-canto.org/841309/download,24.0,B,Canada
807105,Steller's Jay,https://xeno-canto.org/807105/download,14.0,B,United States
807104,Steller's Jay,https://xeno-canto.org/807104/download,21.0,B,United States
807103,Steller's Jay,https://xeno-canto.org/807103/download,66.0,B,United States
807102,Steller's Jay,https://xeno-canto.org/807102/download,52.0,B,United States
807098,Steller's Jay,https://xeno-canto.org/807098/download,15.0,B,United States
796770,Steller's Jay,https://xeno-canto.org/796770/download,18.0,B,United States
772141,Steller's Jay,https://xeno-canto.org/772141/download,11.0,B,Mexico
761811,Steller's Jay,https://xeno-canto.org/761811/download,41.0,B,United States
749275,Steller's Jay,https://xeno-canto.org/749275/download,50.0,B,Mexico
744261,Steller's Jay,https://xeno-canto.org/744261/download,101.0,B,United States
743169,Steller's Jay,https://xeno-canto.org/743169/download,47.0,B,United States
742333,Steller's Jay,https://xeno-canto.org/742333/download,34.0,B,Mexico
732689,Steller's Jay,https://xeno-canto.org/732689/download,24.0,B,United States
709093,Steller's Jay,https://xeno-canto.org/709093/download,22.0,B,United States
686064,Steller's Jay,https://xeno-canto.org/686064/download,25.0,B,Mexico
686062,Steller's Jay,https://xeno-canto.org/686062/download,44.0,B,Mexico
676547,Steller's Jay,https://xeno-canto.org/676547/download,97.0,B,Mexico
658578,Steller's Jay,https://xeno-canto.org/658578/download,41.0,B,Mexico
652112,Steller's Jay,https://xeno-canto.org/652112/download,24.0,B,Nicaragua
636589,Steller's Jay,https://xeno-canto.org/636589/download,72.0,B,United States
636587,Steller's Jay,https://xeno-canto.org/636587/download,26.0,B,United States
627830,Steller's Jay,https://xeno-canto.org/627830/download,64.0,B,United States
627824,Steller's Jay,https://xeno-canto.org/627824/download,33.0,B,United States
624001,Steller's Jay,https://xeno-canto.org/624001/download,25.0,B,Mexico
623815,Steller's Jay,https://xeno-canto.org/623815/download,24.0,B,United States
620757,Steller's Jay,https://xeno-canto.org/620757/download,57.0,B,Mexico
605635,Steller's Jay,https://xeno-canto.org/605635/download,66.0,B,United States
605630,Steller's Jay,https://xeno-canto.org/605630/download,48.0,B,United States
594156,Steller's Jay,https://xeno-canto.org/594156/download,10.0,B,United States
590433,Steller's Jay,https://xeno-canto.org/590433/download,91.0,B,United States
587111,Steller's Jay,https://xeno-canto.org/587111/download,33.0,B,Mexico
587110,Steller's Jay,https://xeno-canto.org/587110/download,25.0,B,Mexico
578548,Steller's Jay,https://xeno-canto.org/578548/download,18.0,B,United States
573281,Steller's Jay,https://xeno-canto.org/573281/download,33.0,B,United States
567738,Steller's Jay,https://xeno-canto.org/567738/download,28.0,B,United States
564994,Steller's Jay,https://xeno-canto.org/564994/download,19.0,B,Canada
558711,Steller's Jay,https://xeno-canto.org/558711/download,69.0,B,United States
552550,Steller's Jay,https://xeno-canto.org/552550/download,119.0,B,United States
494454,Steller's Jay,https://xeno-canto.org/494454/download,17.0,B,Canada
494453,Steller's Jay,https://xeno-canto.org/494453/download,25.0,B,Canada
494265,Steller's Jay,https://xeno-canto.org/494265/download,62.0,B,United States
477832,Steller's Jay,https://xeno-canto.org/477832/download,43.0,B,United States
475247,Steller's Jay,https://xeno-canto.org/475247/download,24.0,B,United States
465645,Steller's Jay,https://xeno-canto.org/465645/download,39.0,B,United States
459467,Steller's Jay,https://xeno-canto.org/459467/download,117.0,B,United States
448728,Steller's Jay,https://xeno-canto.org/448728/download,45.0,B,United States
445958,Steller's Jay,https://xeno-canto.org/445958/download,103.0,B,Mexico
445957,Steller's Jay,https://xeno-canto.org/445957/download,97.0,B,Mexico
433804,Steller's Jay,https://xeno-canto.org/433804/download,21.0,B,United States
414139,Steller's Jay,https://xeno-canto.org/414139/download,11.0,B,United States
412611,Steller's Jay,https://xeno-canto.org/412611/download,35.0,B,United States
408292,Steller's Jay,https://xeno-canto.org/408292/download,32.0,B,United States
406987,Steller's Jay,https://xeno-canto.org/406987/download,24.0,B,United States
387558,Steller's Jay,https://xeno-canto.org/387558/download,17.0,B,United States
383427,Steller's Jay,https://xeno-canto.org/383427/download,16.0,B,Canada
375749,Steller's Jay,https://xeno-canto.org/375749/download,26.0,B,United States
371060,Steller's Jay,https://xeno-canto.org/371060/download,16.0,B,Honduras
356720,Steller's Jay,https://xeno-canto.org/356720/download,29.0,B,United States
355087,Steller's Jay,https://xeno-canto.org/355087/download,38.0,B,United States
355086,Steller's Jay,https://xeno-canto.org/355086/download,12.0,B,United States
346414,Steller's Jay,https://xeno-canto.org/346414/download,10.0,B,Honduras
337558,Steller's Jay,https://xeno-canto.org/337558/download,81.0,B,Mexico
329618,Steller's Jay,https://xeno-canto.org/329618/download,21.0,B,Honduras
329104,Steller's Jay,https://xeno-canto.org/329104/download,16.0,B,Mexico
329096,Steller's Jay,https://xeno-canto.org/329096/download,84.0,B,Mexico
327700,Steller's Jay,https://xeno-canto.org/327700/download,36.0,B,Nicaragua
321747,Steller's Jay,https://xeno-canto.org/321747/download,24.0,B,United States
304672,Steller's Jay,https://xeno-canto.org/304672/download,12.0,B,United States
302315,Steller's Jay,https://xeno-canto.org/302315/download,26.0,B,United States
302314,Steller's Jay,https://xeno-canto.org/302314/download,19.0,B,United States
302311,Steller's Jay,https://xeno-canto.org/302311/download,15.0,B,United States
301384,Steller's Jay,https://xeno-canto.org/301384/download,39.0,B,Mexico
297436,Steller's Jay,https://xeno-canto.org/297436/download,18.0,B,United States
293739,Steller's Jay,https://xeno-canto.org/293739/download,64.0,B,United States
270233,Steller's Jay,https://xeno-canto.org/270233/download,41.0,B,United States
263152,Steller's Jay,https://xeno-canto.org/263152/download,38.0,B,United States
260224,Steller's Jay,https://xeno-canto.org/260224/download,31.0,B,Mexico
260223,Steller's Jay,https://xeno-canto.org/260223/download,59.0,B,Mexico
253551,Steller's Jay,https://xeno-canto.org/253551/download,73.0,B,United States
235064,Steller's Jay,https://xeno-canto.org/235064/download,29.0,B,United States
233018,Steller's Jay,https://xeno-canto.org/233018/download,33.0,B,Guatemala
221973,Steller's Jay,https://xeno-canto.org/221973/download,35.0,B,United States
221970,Steller's Jay,https://xeno-canto.org/221970/download,14.0,B,Mexico
221969,Steller's Jay,https://xeno-canto.org/221969/download,31.0,B,Mexico
221968,Steller's Jay,https://xeno-canto.org/221968/download,13.0,B,Mexico
221967,Steller's Jay,https://xeno-canto.org/221967/download,21.0,B,Mexico
221966,Steller's Jay,https://xeno-canto.org/221966/download,12.0,B,Mexico
212635,Steller's Jay,https://xeno-canto.org/212635/download,50.0,B,Mexico
207202,Steller's Jay,https://xeno-canto.org/207202/download,25.0,B,Honduras
187070,Steller's Jay,https://xeno-canto.org/187070/download,52.0,B,Honduras
172197,Steller's Jay,https://xeno-canto.org/172197/download,32.0,B,United States
167134,Steller's Jay,https://xeno-canto.org/167134/download,20.0,B,United States
165661,Steller's Jay,https://xeno-canto.org/165661/download,26.0,B,Mexico
163635,Steller's Jay,https://xeno-canto.org/163635/download,17.0,B,Canada
161454,Steller's Jay,https://xeno-canto.org/161454/download,88.0,B,Canada
160031,Steller's Jay,https://xeno-canto.org/160031/download,102.0,B,Canada
159806,Steller's Jay,https://xeno-canto.org/159806/download,35.0,B,Canada
159760,Steller's Jay,https://xeno-canto.org/159760/download,56.0,B,Canada
159726,Steller's Jay,https://xeno-canto.org/159726/download,30.0,B,Canada
159615,Steller's Jay,https://xeno-canto.org/159615/download,27.0,B,Canada
158111,Steller's Jay,https://xeno-canto.org/158111/download,62.0,B,Honduras
146610,Steller's Jay,https://xeno-canto.org/146610/download,56.0,B,United States
136136,Steller's Jay,https://xeno-canto.org/136136/download,19.0,B,United States
136028,Steller's Jay,https://xeno-canto.org/136028/download,50.0,B,United States
131541,Steller's Jay,https://xeno-canto.org/131541/download,12.0,B,United States
125473,Steller's Jay,https://xeno-canto.org/125473/download,87.0,B,United States
122660,Steller's Jay,https://xeno-canto.org/122660/download,83.0,B,Canada
110262,Steller's Jay,https://xeno-canto.org/110262/download,17.0,B,United States
110261,Steller's Jay,https://xeno-canto.org/110261/download,18.0,B,United States
109653,Steller's Jay,https://xeno-canto.org/109653/download,37.0,B,United States
76980,Steller's Jay,https://xeno-canto.org/76980/download,25.0,B,United States
76979,Steller's Jay,https://xeno-canto.org/76979/download,13.0,B,United States
70060,Steller's Jay,https://xeno-canto.org/70060/download,19.0,B,United States
65761,Steller's Jay,https://xeno-canto.org/65761/download,46.0,B,Mexico
22007,Steller's Jay,https://xeno-canto.org/22007/download,17.0,B,Canada
18404,Steller's Jay,https://xeno-canto.org/18404/download,60.0,B,United States
12141,Steller's Jay,https://xeno-canto.org/12141/download,23.0,B,United States
11575,Steller's Jay,https://xeno-canto.org/11575/download,67.0,B,Mexico
1099408,Northern Flicker,https://xeno-canto.org/1099408/download,77.0,A,United States
1069251,Northern Flicker,https://xeno-canto.org/1069251/download,12.0,A,United States
1033749,Northern Flicker,https://xeno-canto.org/1033749/download,49.0,A,United States
1029783,Northern Flicker,https://xeno-canto.org/1029783/download,25.0,A,United States
1015011,Northern Flicker,https://xeno-canto.org/1015011/download,18.0,A,Canada
1013307,Northern Flicker,https://xeno-canto.org/1013307/download,60.0,A,Canada
1013010,Northern Flicker,https://xeno-canto.org/1013010/download,61.0,A,Canada
1009102,Northern Flicker,https://xeno-canto.org/1009102/download,64.0,A,United States
1007124,Northern Flicker,https://xeno-canto.org/1007124/download,26.0,A,United States
993993,Northern Flicker,https://xeno-canto.org/993993/download,19.0,A,Cuba
975331,Northern Flicker,https://xeno-canto.org/975331/download,44.0,A,Cuba
957326,Northern Flicker,https://xeno-canto.org/957326/download,22.0,A,Canada
839869,Northern Flicker,https://xeno-canto.org/839869/download,29.0,A,Canada
786155,Northern Flicker,https://xeno-canto.org/786155/download,95.0,A,United States
786154,Northern Flicker,https://xeno-canto.org/786154/download,63.0,A,United States
786153,Northern Flicker,https://xeno-canto.org/786153/download,55.0,A,United States
776026,Northern Flicker,https://xeno-canto.org/776026/download,29.0,A,United States
753469,Northern Flicker,https://xeno-canto.org/753469/download,10.0,A,United States
753183,Northern Flicker,https://xeno-canto.org/753183/download,65.0,A,Canada
722853,Northern Flicker,https://xeno-canto.org/722853/download,19.0,A,United States
713588,Northern Flicker,https://xeno-canto.org/713588/download,102.0,A,United States
708962,Northern Flicker,https://xeno-canto.org/708962/download,85.0,A,United States
697755,Northern Flicker,https://xeno-canto.org/697755/download,34.0,A,Canada
686057,Northern Flicker,https://xeno-canto.org/686057/download,32.0,A,Canada
685311,Northern Flicker,https://xeno-canto.org/685311/download,62.0,A,Canada
677543,Northern Flicker,https://xeno-canto.org/677543/download,27.0,A,Canada
677541,Northern Flicker,https://xeno-canto.org/677541/download,38.0,A,Canada
661732,Northern Flicker,https://xeno-canto.org/661732/download,102.0,A,Mexico
648368,Northern Flicker,https://xeno-canto.org/648368/download,49.0,A,Canada
645833,Northern Flicker,https://xeno-canto.org/645833/download,13.0,A,United States
638937,Northern Flicker,https://xeno-canto.org/638937/download,57.0,A,United States
636252,Northern Flicker,https://xeno-canto.org/636252/download,32.0,A,Canada
634286,Northern Flicker,https://xeno-canto.org/634286/download,42.0,A,United States
624993,Northern Flicker,https://xeno-canto.org/624993/download,36.0,A,United States
622248,Northern Flicker,https://xeno-canto.org/622248/download,47.0,A,United States
622247,Northern Flicker,https://xeno-canto.org/622247/download,46.0,A,United States
614479,Northern Flicker,https://xeno-canto.org/614479/download,59.0,A,United States
613886,Northern Flicker,https://xeno-canto.org/613886/download,17.0,A,United States
613548,Northern Flicker,https://xeno-canto.org/613548/download,30.0,A,United States
613546,Northern Flicker,https://xeno-canto.org/613546/download,18.0,A,United States
613544,Northern Flicker,https://xeno-canto.org/613544/download,11.0,A,Canada
604689,Northern Flicker,https://xeno-canto.org/604689/download,26.0,A,United States
601754,Northern Flicker,https://xeno-canto.org/601754/download,32.0,A,United States
599826,Northern Flicker,https://xeno-canto.org/599826/download,19.0,A,United States
598066,Northern Flicker,https://xeno-canto.org/598066/download,64.0,A,Mexico
597989,Northern Flicker,https://xeno-canto.org/597989/download,102.0,A,Canada
583402,Northern Flicker,https://xeno-canto.org/583402/download,23.0,A,United States
580046,Northern Flicker,https://xeno-canto.org/580046/download,21.0,A,United States
567342,Northern Flicker,https://xeno-canto.org/567342/download,43.0,A,United States
561364,Northern Flicker,https://xeno-canto.org/561364/download,36.0,A,United States
537971,Northern Flicker,https://xeno-canto.org/537971/download,57.0,A,United States
508452,Northern Flicker,https://xeno-canto.org/508452/download,70.0,A,United States
494025,Northern Flicker,https://xeno-canto.org/494025/download,58.0,A,United States
483727,Northern Flicker,https://xeno-canto.org/483727/download,23.0,A,Canada
482284,Northern Flicker,https://xeno-canto.org/482284/download,66.0,A,United States
476943,Northern Flicker,https://xeno-canto.org/476943/download,28.0,A,Canada
475243,Northern Flicker,https://xeno-canto.org/475243/download,37.0,A,United States
465729,Northern Flicker,https://xeno-canto.org/465729/download,24.0,A,United States
452628,Northern Flicker,https://xeno-canto.org/452628/download,28.0,A,United States
450926,Northern Flicker,https://xeno-canto.org/450926/download,102.0,A,United States
448954,Northern Flicker,https://xeno-canto.org/448954/download,30.0,A,United States
412860,Northern Flicker,https://xeno-canto.org/412860/download,74.0,A,United States
410727,Northern Flicker,https://xeno-canto.org/410727/download,11.0,A,United States
408276,Northern Flicker,https://xeno-canto.org/408276/download,16.0,A,United States
408275,Northern Flicker,https://xeno-canto.org/408275/download,81.0,A,United States
379036,Northern Flicker,https://xeno-canto.org/379036/download,34.0,A,United States
368593,Northern Flicker,https://xeno-canto.org/368593/download,36.0,A,United States
368592,Northern Flicker,https://xeno-canto.org/368592/download,28.0,A,United States
368286,Northern Flicker,https://xeno-canto.org/368286/download,35.0,A,United States
356605,Northern Flicker,https://xeno-canto.org/356605/download,48.0,A,United States
354617,Northern Flicker,https://xeno-canto.org/354617/download,15.0,A,United States
325002,Northern Flicker,https://xeno-canto.org/325002/download,28.0,A,United States
323227,Northern Flicker,https://xeno-canto.org/323227/download,48.0,A,United States
321833,Northern Flicker,https://xeno-canto.org/321833/download,14.0,A,United States
321823,Northern Flicker,https://xeno-canto.org/321823/download,21.0,A,United States
317971,Northern Flicker,https://xeno-canto.org/317971/download,63.0,A,United States
314603,Northern Flicker,https://xeno-canto.org/314603/download,42.0,A,United States
313676,Northern Flicker,https://xeno-canto.org/313676/download,38.0,A,United States
313675,Northern Flicker,https://xeno-canto.org/313675/download,20.0,A,United States
309651,Northern Flicker,https://xeno-canto.org/309651/download,23.0,A,United States
307576,Northern Flicker,https://xeno-canto.org/307576/download,74.0,A,United States
305129,Northern Flicker,https://xeno-canto.org/305129/download,61.0,A,United States
304797,Northern Flicker,https://xeno-canto.org/304797/download,38.0,A,United States
297479,Northern Flicker,https://xeno-canto.org/297479/download,21.0,A,United States
297478,Northern Flicker,https://xeno-canto.org/297478/download,16.0,A,United States
288992,Northern Flicker,https://xeno-canto.org/288992/download,15.0,A,United States
288990,Northern Flicker,https://xeno-canto.org/288990/download,21.0,A,United States
287246,Northern Flicker,https://xeno-canto.org/287246/download,11.0,A,United States
267750,Northern Flicker,https://xeno-canto.org/267750/download,12.0,A,United States
253572,Northern Flicker,https://xeno-canto.org/253572/download,26.0,A,United States
221247,Northern Flicker,https://xeno-canto.org/221247/download,30.0,A,Mexico
198382,Northern Flicker,https://xeno-canto.org/198382/download,23.0,A,El Salvador
190360,Northern Flicker,https://xeno-canto.org/190360/download,49.0,A,United States
187101,Northern Flicker,https://xeno-canto.org/187101/download,74.0,A,United States
184200,Northern Flicker,https://xeno-canto.org/184200/download,24.0,A,Canada
173967,Northern Flicker,https://xeno-canto.org/173967/download,39.0,A,United States
172438,Northern Flicker,https://xeno-canto.org/172438/download,47.0,A,United States
172426,Northern Flicker,https://xeno-canto.org/172426/download,27.0,A,United States
169116,Northern Flicker,https://xeno-canto.org/169116/download,23.0,A,United States
166107,Northern Flicker,https://xeno-canto.org/166107/download,99.0,A,United States
165347,Northern Flicker,https://xeno-canto.org/165347/download,106.0,A,United States
163638,Northern Flicker,https://xeno-canto.org/163638/download,36.0,A,Canada
160134,Northern Flicker,https://xeno-canto.org/160134/download,104.0,A,Canada
159632,Northern Flicker,https://xeno-canto.org/159632/download,24.0,A,Canada
159057,Northern Flicker,https://xeno-canto.org/159057/download,63.0,A,Canada
126886,Northern Flicker,https://xeno-canto.org/126886/download,22.0,A,Cuba
124485,Northern Flicker,https://xeno-canto.org/124485/download,49.0,A,United States
104536,Northern Flicker,https://xeno-canto.org/104536/download,47.0,A,United States
103336,Northern Flicker,https://xeno-canto.org/103336/download,26.0,A,United States
79670,Northern Flicker,https://xeno-canto.org/79670/download,46.0,A,United States
75069,Northern Flicker,https://xeno-canto.org/75069/download,64.0,A,United States
74377,Northern Flicker,https://xeno-canto.org/74377/download,22.0,A,United States
71847,Northern Flicker,https://xeno-canto.org/71847/download,110.0,A,Mexico
71845,Northern Flicker,https://xeno-canto.org/71845/download,41.0,A,Mexico
61516,Northern Flicker,https://xeno-canto.org/61516/download,62.0,A,United States
34823,Northern Flicker,https://xeno-canto.org/34823/download,48.0,A,United States
14141,Northern Flicker,https://xeno-canto.org/14141/download,34.0,A,Mexico
13695,Northern Flicker,https://xeno-canto.org/13695/download,20.0,A,United States
13644,Northern Flicker,https://xeno-canto.org/13644/download,47.0,A,Canada
13643,Northern Flicker,https://xeno-canto.org/13643/download,34.0,A,Canada
10171,Northern Flicker,https://xeno-canto.org/10171/download,57.0,A,United States
1105881,Northern Flicker,https://xeno-canto.org/1105881/download,18.0,B,United States
1105880,Northern Flicker,https://xeno-canto.org/1105880/download,13.0,B,United States
1104222,Northern Flicker,https://xeno-canto.org/1104222/download,26.0,B,United States
1102115,Northern Flicker,https://xeno-canto.org/1102115/download,17.0,B,United States
1098918,Northern Flicker,https://xeno-canto.org/1098918/download,66.0,B,Canada
1094310,Northern Flicker,https://xeno-canto.org/1094310/download,32.0,B,United States
1078841,Northern Flicker,https://xeno-canto.org/1078841/download,76.0,B,Canada
1073852,Northern Flicker,https://xeno-canto.org/1073852/download,53.0,B,United States
1073851,Northern Flicker,https://xeno-canto.org/1073851/download,30.0,B,United States
1060878,Northern Flicker,https://xeno-canto.org/1060878/download,47.0,B,United States
1060041,Northern Flicker,https://xeno-canto.org/1060041/download,28.0,B,United States
1056642,Northern Flicker,https://xeno-canto.org/1056642/download,78.0,B,Canada
1056640,Northern Flicker,https://xeno-canto.org/1056640/download,105.0,B,Canada
1056029,Northern Flicker,https://xeno-canto.org/1056029/download,21.0,B,United States
1051526,Northern Flicker,https://xeno-canto.org/1051526/download,93.0,B,United States
1050314,Northern Flicker,https://xeno-canto.org/1050314/download,26.0,B,United States
1039810,Northern Flicker,https://xeno-canto.org/1039810/download,12.0,B,United States
1023337,Northern Flicker,https://xeno-canto.org/1023337/download,77.0,B,United States
1022423,Northern Flicker,https://xeno-canto.org/1022423/download,14.0,B,Canada
1022422,Northern Flicker,https://xeno-canto.org/1022422/download,51.0,B,Canada
1022421,Northern Flicker,https://xeno-canto.org/1022421/download,11.0,B,Canada
1020124,Northern Flicker,https://xeno-canto.org/1020124/download,54.0,B,Canada
1020121,Northern Flicker,https://xeno-canto.org/1020121/download,18.0,B,Canada
1020120,Northern Flicker,https://xeno-canto.org/1020120/download,54.0,B,Canada
1020119,Northern Flicker,https://xeno-canto.org/1020119/download,11.0,B,Canada
1020116,Northern Flicker,https://xeno-canto.org/1020116/download,71.0,B,Canada
1020115,Northern Flicker,https://xeno-canto.org/1020115/download,35.0,B,Canada
1020114,Northern Flicker,https://xeno-canto.org/1020114/download,34.0,B,Canada
1020113,Northern Flicker,https://xeno-canto.org/1020113/download,16.0,B,Canada
1020112,Northern Flicker,https://xeno-canto.org/1020112/download,57.0,B,Canada
1020111,Northern Flicker,https://xeno-canto.org/1020111/download,23.0,B,Canada
1020110,Northern Flicker,https://xeno-canto.org/1020110/download,31.0,B,Canada
1019709,Northern Flicker,https://xeno-canto.org/1019709/download,40.0,B,United States
1014932,Northern Flicker,https://xeno-canto.org/1014932/download,11.0,B,Canada
1012665,Northern Flicker,https://xeno-canto.org/1012665/download,35.0,B,Canada
1010614,Northern Flicker,https://xeno-canto.org/1010614/download,12.0,B,United States
993717,Northern Flicker,https://xeno-canto.org/993717/download,36.0,B,Canada
988411,Northern Flicker,https://xeno-canto.org/988411/download,13.0,B,United States
985158,Northern Flicker,https://xeno-canto.org/985158/download,94.0,B,United States
941346,Northern Flicker,https://xeno-canto.org/941346/download,77.0,B,United States
941345,Northern Flicker,https://xeno-canto.org/941345/download,109.0,B,United States
939775,Northern Flicker,https://xeno-canto.org/939775/download,24.0,B,Canada
925599,Northern Flicker,https://xeno-canto.org/925599/download,29.0,B,Mexico
916943,Northern Flicker,https://xeno-canto.org/916943/download,50.0,B,Canada
912133,Northern Flicker,https://xeno-canto.org/912133/download,45.0,B,Canada
904286,Northern Flicker,https://xeno-canto.org/904286/download,90.0,B,United States
902508,Northern Flicker,https://xeno-canto.org/902508/download,34.0,B,United States
900065,Northern Flicker,https://xeno-canto.org/900065/download,88.0,B,Canada
899095,Northern Flicker,https://xeno-canto.org/899095/download,102.0,B,Canada
880043,Northern Flicker,https://xeno-canto.org/880043/download,40.0,B,Guatemala
880042,Northern Flicker,https://xeno-canto.org/880042/download,10.0,B,Guatemala
824363,Northern Flicker,https://xeno-canto.org/824363/download,12.0,B,Canada
814115,Northern Flicker,https://xeno-canto.org/814115/download,31.0,B,United States
808377,Northern Flicker,https://xeno-canto.org/808377/download,47.0,B,Canada
805435,Northern Flicker,https://xeno-canto.org/805435/download,33.0,B,United States
795394,Northern Flicker,https://xeno-canto.org/795394/download,79.0,B,United States
791538,Northern Flicker,https://xeno-canto.org/791538/download,17.0,B,United States
789510,Northern Flicker,https://xeno-canto.org/789510/download,106.0,B,United States
780176,Northern Flicker,https://xeno-canto.org/780176/download,118.0,B,Canada
780172,Northern Flicker,https://xeno-canto.org/780172/download,100.0,B,Canada
777433,Northern Flicker,https://xeno-canto.org/777433/download,110.0,B,United States
768327,Northern Flicker,https://xeno-canto.org/768327/download,95.0,B,United States
768324,Northern Flicker,https://xeno-canto.org/768324/download,26.0,B,United States
768322,Northern Flicker,https://xeno-canto.org/768322/download,86.0,B,United States
768320,Northern Flicker,https://xeno-canto.org/768320/download,46.0,B,United States
753078,Northern Flicker,https://xeno-canto.org/753078/download,40.0,B,United States
732718,Northern Flicker,https://xeno-canto.org/732718/download,22.0,B,United States
713326,Northern Flicker,https://xeno-canto.org/713326/download,84.0,B,United States
662833,Northern Flicker,https://xeno-canto.org/662833/download,15.0,B,United States
661731,Northern Flicker,https://xeno-canto.org/661731/download,53.0,B,Mexico
656110,Northern Flicker,https://xeno-canto.org/656110/download,46.0,B,United States
653028,Northern Flicker,https://xeno-canto.org/653028/download,24.0,B,United States
648114,Northern Flicker,https://xeno-canto.org/648114/download,10.0,B,United States
636522,Northern Flicker,https://xeno-canto.org/636522/download,12.0,B,United States
634908,Northern Flicker,https://xeno-canto.org/634908/download,68.0,B,Canada
634284,Northern Flicker,https://xeno-canto.org/634284/download,18.0,B,United States
630737,Northern Flicker,https://xeno-canto.org/630737/download,50.0,B,United States
628053,Northern Flicker,https://xeno-canto.org/628053/download,18.0,B,United States
622241,Northern Flicker,https://xeno-canto.org/622241/download,43.0,B,United States
622240,Northern Flicker,https://xeno-canto.org/622240/download,89.0,B,United States
620756,Northern Flicker,https://xeno-canto.org/620756/download,25.0,B,Mexico
618043,Northern Flicker,https://xeno-canto.org/618043/download,15.0,B,Mexico
583826,Northern Flicker,https://xeno-canto.org/583826/download,76.0,B,United States
583823,Northern Flicker,https://xeno-canto.org/583823/download,70.0,B,United States
583816,Northern Flicker,https://xeno-canto.org/583816/download,58.0,B,United States
583814,Northern Flicker,https://xeno-canto.org/583814/download,24.0,B,United States
582629,Northern Flicker,https://xeno-canto.org/582629/download,45.0,B,United States
578498,Northern Flicker,https://xeno-canto.org/578498/download,26.0,B,United States
561408,Northern Flicker,https://xeno-canto.org/561408/download,32.0,B,United States
561403,Northern Flicker,https://xeno-canto.org/561403/download,93.0,B,United States
557109,Northern Flicker,https://xeno-canto.org/557109/download,55.0,B,Canada
542520,Northern Flicker,https://xeno-canto.org/542520/download,55.0,B,United States
540015,Northern Flicker,https://xeno-canto.org/540015/download,36.0,B,United States
532742,Northern Flicker,https://xeno-canto.org/532742/download,11.0,B,United States
502969,Northern Flicker,https://xeno-canto.org/502969/download,76.0,B,Mexico
495961,Northern Flicker,https://xeno-canto.org/495961/download,27.0,B,United States
494451,Northern Flicker,https://xeno-canto.org/494451/download,17.0,B,Canada
494241,Northern Flicker,https://xeno-canto.org/494241/download,12.0,B,United States
493284,Northern Flicker,https://xeno-canto.org/493284/download,72.0,B,United States
483032,Northern Flicker,https://xeno-canto.org/483032/download,28.0,B,United States
422419,Northern Flicker,https://xeno-canto.org/422419/download,44.0,B,United States
418665,Northern Flicker,https://xeno-canto.org/418665/download,49.0,B,United States
404744,Northern Flicker,https://xeno-canto.org/404744/download,65.0,B,United States
389969,Northern Flicker,https://xeno-canto.org/389969/download,12.0,B,United States
389891,Northern Flicker,https://xeno-canto.org/389891/download,26.0,B,Mexico
365166,Northern Flicker,https://xeno-canto.org/365166/download,41.0,B,United States
363139,Northern Flicker,https://xeno-canto.org/363139/download,41.0,B,United States
362956,Northern Flicker,https://xeno-canto.org/362956/download,36.0,B,United States
362027,Northern Flicker,https://xeno-canto.org/362027/download,27.0,B,United States
362010,Northern Flicker,https://xeno-canto.org/362010/download,105.0,B,United States
354618,Northern Flicker,https://xeno-canto.org/354618/download,10.0,B,United States
348628,Northern Flicker,https://xeno-canto.org/348628/download,15.0,B,Mexico
348002,Northern Flicker,https://xeno-canto.org/348002/download,14.0,B,Mexico
348000,Northern Flicker,https://xeno-canto.org/348000/download,80.0,B,Mexico
347999,Northern Flicker,https://xeno-canto.org/347999/download,93.0,B,Mexico
347997,Northern Flicker,https://xeno-canto.org/347997/download,17.0,B,Mexico
347701,Northern Flicker,https://xeno-canto.org/347701/download,18.0,B,United States
330758,Northern Flicker,https://xeno-canto.org/330758/download,23.0,B,United States
326843,Northern Flicker,https://xeno-canto.org/326843/download,56.0,B,United States
292300,Northern Flicker,https://xeno-canto.org/292300/download,10.0,B,Mexico
283190,Northern Flicker,https://xeno-canto.org/283190/download,43.0,B,United States
282289,Northern Flicker,https://xeno-canto.org/282289/download,26.0,B,United States
269468,Northern Flicker,https://xeno-canto.org/269468/download,22.0,B,United States
256873,Northern Flicker,https://xeno-canto.org/256873/download,17.0,B,Cuba
254591,Northern Flicker,https://xeno-canto.org/254591/download,109.0,B,United States
221252,Northern Flicker,https://xeno-canto.org/221252/download,15.0,B,United States
199950,Northern Flicker,https://xeno-canto.org/199950/download,32.0,B,Honduras
196023,Northern Flicker,https://xeno-canto.org/196023/download,15.0,B,Canada
181448,Northern Flicker,https://xeno-canto.org/181448/download,31.0,B,United States
170903,Northern Flicker,https://xeno-canto.org/170903/download,27.0,B,United States
167773,Northern Flicker,https://xeno-canto.org/167773/download,46.0,B,United States
167132,Northern Flicker,https://xeno-canto.org/167132/download,39.0,B,United States
166473,Northern Flicker,https://xeno-canto.org/166473/download,17.0,B,Mexico
159287,Northern Flicker,https://xeno-canto.org/159287/download,15.0,B,Canada
159213,Northern Flicker,https://xeno-canto.org/159213/download,40.0,B,Canada
159212,Northern Flicker,https://xeno-canto.org/159212/download,16.0,B,Canada
159034,Northern Flicker,https://xeno-canto.org/159034/download,43.0,B,Canada
153622,Northern Flicker,https://xeno-canto.org/153622/download,59.0,B,Canada
140990,Northern Flicker,https://xeno-canto.org/140990/download,22.0,B,Guatemala
140272,Northern Flicker,https://xeno-canto.org/140272/download,25.0,B,United States
140014,Northern Flicker,https://xeno-canto.org/140014/download,110.0,B,United States
139906,Northern Flicker,https://xeno-canto.org/139906/download,24.0,B,United States
138070,Northern Flicker,https://xeno-canto.org/138070/download,31.0,B,United States
128229,Northern Flicker,https://xeno-canto.org/128229/download,57.0,B,United States
126884,Northern Flicker,https://xeno-canto.org/126884/download,10.0,B,Cuba
122615,Northern Flicker,https://xeno-canto.org/122615/download,34.0,B,United States
104537,Northern Flicker,https://xeno-canto.org/104537/download,26.0,B,United States
100812,Northern Flicker,https://xeno-canto.org/100812/download,13.0,B,United States
92958,Northern Flicker,https://xeno-canto.org/92958/download,25.0,B,United States
89671,Northern Flicker,https://xeno-canto.org/89671/download,16.0,B,United States
89181,Northern Flicker,https://xeno-canto.org/89181/download,23.0,B,United States
87756,Northern Flicker,https://xeno-canto.org/87756/download,21.0,B,United States
79625,Northern Flicker,https://xeno-canto.org/79625/download,20.0,B,United States
77132,Northern Flicker,https://xeno-canto.org/77132/download,23.0,B,United States
74639,Northern Flicker,https://xeno-canto.org/74639/download,85.0,B,United States
71849,Northern Flicker,https://xeno-canto.org/71849/download,55.0,B,Mexico
71848,Northern Flicker,https://xeno-canto.org/71848/download,37.0,B,Mexico
70064,Northern Flicker,https://xeno-canto.org/70064/download,43.0,B,United States
57037,Northern Flicker,https://xeno-canto.org/57037/download,15.0,B,United States
57036,Northern Flicker,https://xeno-canto.org/57036/download,16.0,B,United States
54011,Northern Flicker,https://xeno-canto.org/54011/download,63.0,B,United States
31518,Northern Flicker,https://xeno-canto.org/31518/download,16.0,B,Mexico
31177,Northern Flicker,https://xeno-canto.org/31177/download,18.0,B,United States
1136851,Song Sparrow,https://xeno-canto.org/1136851/download,77.0,A,United States
1107072,Song Sparrow,https://xeno-canto.org/1107072/download,94.0,A,United States
1095092,Song Sparrow,https://xeno-canto.org/1095092/download,72.0,A,United States
1092304,Song Sparrow,https://xeno-canto.org/1092304/download,74.0,A,United States
1090713,Song Sparrow,https://xeno-canto.org/1090713/download,47.0,A,United States
1090712,Song Sparrow,https://xeno-canto.org/1090712/download,18.0,A,United States
1089603,Song Sparrow,https://xeno-canto.org/1089603/download,14.0,A,United States
1085542,Song Sparrow,https://xeno-canto.org/1085542/download,24.0,A,United States
1082018,Song Sparrow,https://xeno-canto.org/1082018/download,44.0,A,United States
1074021,Song Sparrow,https://xeno-canto.org/1074021/download,47.0,A,United States
1056054,Song Sparrow,https://xeno-canto.org/1056054/download,14.0,A,United States
1049227,Song Sparrow,https://xeno-canto.org/1049227/download,15.0,A,United States
1049157,Song Sparrow,https://xeno-canto.org/1049157/download,25.0,A,United States
1029615,Song Sparrow,https://xeno-canto.org/1029615/download,54.0,A,Mexico
1027846,Song Sparrow,https://xeno-canto.org/1027846/download,97.0,A,United States
1027844,Song Sparrow,https://xeno-canto.org/1027844/download,89.0,A,United States
1021076,Song Sparrow,https://xeno-canto.org/1021076/download,10.0,A,Canada
1021075,Song Sparrow,https://xeno-canto.org/1021075/download,45.0,A,Canada
1021074,Song Sparrow,https://xeno-canto.org/1021074/download,26.0,A,Canada
1021073,Song Sparrow,https://xeno-canto.org/1021073/download,47.0,A,Canada
1021072,Song Sparrow,https://xeno-canto.org/1021072/download,109.0,A,Canada
1021071,Song Sparrow,https://xeno-canto.org/1021071/download,43.0,A,Canada
1015043,Song Sparrow,https://xeno-canto.org/1015043/download,21.0,A,Canada
1015042,Song Sparrow,https://xeno-canto.org/1015042/download,26.0,A,Canada
1015041,Song Sparrow,https://xeno-canto.org/1015041/download,33.0,A,Canada
1015040,Song Sparrow,https://xeno-canto.org/1015040/download,20.0,A,Canada
1015039,Song Sparrow,https://xeno-canto.org/1015039/download,23.0,A,Canada
1013341,Song Sparrow,https://xeno-canto.org/1013341/download,27.0,A,Canada
1013038,Song Sparrow,https://xeno-canto.org/1013038/download,18.0,A,Canada
1013035,Song Sparrow,https://xeno-canto.org/1013035/download,15.0,A,Canada
1013034,Song Sparrow,https://xeno-canto.org/1013034/download,36.0,A,Canada
1012736,Song Sparrow,https://xeno-canto.org/1012736/download,14.0,A,Canada
1012735,Song Sparrow,https://xeno-canto.org/1012735/download,100.0,A,Canada
1012539,Song Sparrow,https://xeno-canto.org/1012539/download,46.0,A,Canada
1012489,Song Sparrow,https://xeno-canto.org/1012489/download,42.0,A,Canada
1007101,Song Sparrow,https://xeno-canto.org/1007101/download,18.0,A,United States
1005250,Song Sparrow,https://xeno-canto.org/1005250/download,40.0,A,United States
972394,Song Sparrow,https://xeno-canto.org/972394/download,17.0,A,United States
963184,Song Sparrow,https://xeno-canto.org/963184/download,40.0,A,United States
963135,Song Sparrow,https://xeno-canto.org/963135/download,70.0,A,United States
958106,Song Sparrow,https://xeno-canto.org/958106/download,45.0,A,Canada
939373,Song Sparrow,https://xeno-canto.org/939373/download,33.0,A,United States
930839,Song Sparrow,https://xeno-canto.org/930839/download,44.0,A,United States
924411,Song Sparrow,https://xeno-canto.org/924411/download,36.0,A,Canada
922566,Song Sparrow,https://xeno-canto.org/922566/download,74.0,A,Norway
900123,Song Sparrow,https://xeno-canto.org/900123/download,87.0,A,United States
900079,Song Sparrow,https://xeno-canto.org/900079/download,35.0,A,United States
900078,Song Sparrow,https://xeno-canto.org/900078/download,29.0,A,United States
878333,Song Sparrow,https://xeno-canto.org/878333/download,60.0,A,United States
837816,Song Sparrow,https://xeno-canto.org/837816/download,15.0,A,Canada
836992,Song Sparrow,https://xeno-canto.org/836992/download,12.0,A,United States
829233,Song Sparrow,https://xeno-canto.org/829233/download,10.0,A,Canada
829230,Song Sparrow,https://xeno-canto.org/829230/download,18.0,A,Canada
826141,Song Sparrow,https://xeno-canto.org/826141/download,25.0,A,United States
826140,Song Sparrow,https://xeno-canto.org/826140/download,36.0,A,United States
826136,Song Sparrow,https://xeno-canto.org/826136/download,69.0,A,United States
820371,Song Sparrow,https://xeno-canto.org/820371/download,33.0,A,United States
820368,Song Sparrow,https://xeno-canto.org/820368/download,16.0,A,United States
818092,Song Sparrow,https://xeno-canto.org/818092/download,107.0,A,Mexico
818091,Song Sparrow,https://xeno-canto.org/818091/download,73.0,A,Mexico
813021,Song Sparrow,https://xeno-canto.org/813021/download,48.0,A,Canada
812122,Song Sparrow,https://xeno-canto.org/812122/download,87.0,A,United States
809116,Song Sparrow,https://xeno-canto.org/809116/download,35.0,A,Mexico
807468,Song Sparrow,https://xeno-canto.org/807468/download,43.0,A,United States
806268,Song Sparrow,https://xeno-canto.org/806268/download,115.0,A,United States
806074,Song Sparrow,https://xeno-canto.org/806074/download,23.0,A,Canada
805128,Song Sparrow,https://xeno-canto.org/805128/download,40.0,A,United States
801723,Song Sparrow,https://xeno-canto.org/801723/download,74.0,A,Canada
800399,Song Sparrow,https://xeno-canto.org/800399/download,49.0,A,Canada
784137,Song Sparrow,https://xeno-canto.org/784137/download,51.0,A,United States
778502,Song Sparrow,https://xeno-canto.org/778502/download,85.0,A,United States
756325,Song Sparrow,https://xeno-canto.org/756325/download,41.0,A,United States
754219,Song Sparrow,https://xeno-canto.org/754219/download,41.0,A,Mexico
754218,Song Sparrow,https://xeno-canto.org/754218/download,23.0,A,Mexico
753494,Song Sparrow,https://xeno-canto.org/753494/download,103.0,A,United States
737190,Song Sparrow,https://xeno-canto.org/737190/download,93.0,A,Mexico
737189,Song Sparrow,https://xeno-canto.org/737189/download,18.0,A,Mexico
737188,Song Sparrow,https://xeno-canto.org/737188/download,21.0,A,Mexico
728359,Song Sparrow,https://xeno-canto.org/728359/download,58.0,A,United States
720640,Song Sparrow,https://xeno-canto.org/720640/download,34.0,A,United States
714782,Song Sparrow,https://xeno-canto.org/714782/download,115.0,A,Mexico
713543,Song Sparrow,https://xeno-canto.org/713543/download,35.0,A,Mexico
710942,Song Sparrow,https://xeno-canto.org/710942/download,64.0,A,United States
707950,Song Sparrow,https://xeno-canto.org/707950/download,25.0,A,Mexico
707949,Song Sparrow,https://xeno-canto.org/707949/download,36.0,A,Mexico
707948,Song Sparrow,https://xeno-canto.org/707948/download,44.0,A,Mexico
707946,Song Sparrow,https://xeno-canto.org/707946/download,59.0,A,Mexico
706925,Song Sparrow,https://xeno-canto.org/706925/download,20.0,A,Canada
702849,Song Sparrow,https://xeno-canto.org/702849/download,22.0,A,United States
697251,Song Sparrow,https://xeno-canto.org/697251/download,31.0,A,United States
692183,Song Sparrow,https://xeno-canto.org/692183/download,92.0,A,United States
692182,Song Sparrow,https://xeno-canto.org/692182/download,46.0,A,United States
692181,Song Sparrow,https://xeno-canto.org/692181/download,41.0,A,United States
692180,Song Sparrow,https://xeno-canto.org/692180/download,43.0,A,United States
691908,Song Sparrow,https://xeno-canto.org/691908/download,90.0,A,Mexico
689007,Song Sparrow,https://xeno-canto.org/689007/download,21.0,A,United States
686055,Song Sparrow,https://xeno-canto.org/686055/download,19.0,A,Canada
683210,Song Sparrow,https://xeno-canto.org/683210/download,12.0,A,Mexico
682571,Song Sparrow,https://xeno-canto.org/682571/download,51.0,A,Canada
679874,Song Sparrow,https://xeno-canto.org/679874/download,65.0,A,United States
679453,Song Sparrow,https://xeno-canto.org/679453/download,99.0,A,Canada
676906,Song Sparrow,https://xeno-canto.org/676906/download,49.0,A,Canada
664838,Song Sparrow,https://xeno-canto.org/664838/download,18.0,A,United States
663804,Song Sparrow,https://xeno-canto.org/663804/download,102.0,A,United States
663803,Song Sparrow,https://xeno-canto.org/663803/download,106.0,A,United States
663787,Song Sparrow,https://xeno-canto.org/663787/download,26.0,A,United States
663784,Song Sparrow,https://xeno-canto.org/663784/download,34.0,A,United States
663759,Song Sparrow,https://xeno-canto.org/663759/download,12.0,A,United States
663757,Song Sparrow,https://xeno-canto.org/663757/download,27.0,A,United States
663755,Song Sparrow,https://xeno-canto.org/663755/download,55.0,A,United States
663753,Song Sparrow,https://xeno-canto.org/663753/download,23.0,A,United States
663749,Song Sparrow,https://xeno-canto.org/663749/download,26.0,A,United States
663748,Song Sparrow,https://xeno-canto.org/663748/download,31.0,A,United States
663745,Song Sparrow,https://xeno-canto.org/663745/download,82.0,A,United States
663744,Song Sparrow,https://xeno-canto.org/663744/download,38.0,A,United States
663741,Song Sparrow,https://xeno-canto.org/663741/download,84.0,A,United States
663734,Song Sparrow,https://xeno-canto.org/663734/download,78.0,A,United States
663733,Song Sparrow,https://xeno-canto.org/663733/download,32.0,A,United States
663151,Song Sparrow,https://xeno-canto.org/663151/download,46.0,A,Mexico
661914,Song Sparrow,https://xeno-canto.org/661914/download,48.0,A,Canada
661913,Song Sparrow,https://xeno-canto.org/661913/download,56.0,A,Canada
661369,Song Sparrow,https://xeno-canto.org/661369/download,22.0,A,Mexico
661078,Song Sparrow,https://xeno-canto.org/661078/download,106.0,A,Canada
660438,Song Sparrow,https://xeno-canto.org/660438/download,95.0,A,United States
660363,Song Sparrow,https://xeno-canto.org/660363/download,49.0,A,United States
660362,Song Sparrow,https://xeno-canto.org/660362/download,11.0,A,United States
655935,Song Sparrow,https://xeno-canto.org/655935/download,67.0,A,Mexico
651933,Song Sparrow,https://xeno-canto.org/651933/download,49.0,A,United States
651192,Song Sparrow,https://xeno-canto.org/651192/download,31.0,A,United States
649066,Song Sparrow,https://xeno-canto.org/649066/download,60.0,A,United States
648391,Song Sparrow,https://xeno-canto.org/648391/download,59.0,A,United States
648387,Song Sparrow,https://xeno-canto.org/648387/download,44.0,A,United States
648385,Song Sparrow,https://xeno-canto.org/648385/download,42.0,A,United States
645517,Song Sparrow,https://xeno-canto.org/645517/download,26.0,A,United States
642034,Song Sparrow,https://xeno-canto.org/642034/download,45.0,A,United States
639389,Song Sparrow,https://xeno-canto.org/639389/download,105.0,A,United States
638590,Song Sparrow,https://xeno-canto.org/638590/download,69.0,A,Canada
638322,Song Sparrow,https://xeno-canto.org/638322/download,118.0,A,United States
638321,Song Sparrow,https://xeno-canto.org/638321/download,26.0,A,United States
638313,Song Sparrow,https://xeno-canto.org/638313/download,92.0,A,United States
638312,Song Sparrow,https://xeno-canto.org/638312/download,46.0,A,United States
637802,Song Sparrow,https://xeno-canto.org/637802/download,53.0,A,United States
636580,Song Sparrow,https://xeno-canto.org/636580/download,25.0,A,Canada
636579,Song Sparrow,https://xeno-canto.org/636579/download,16.0,A,Canada
636578,Song Sparrow,https://xeno-canto.org/636578/download,29.0,A,Canada
636474,Song Sparrow,https://xeno-canto.org/636474/download,52.0,A,United States
636460,Song Sparrow,https://xeno-canto.org/636460/download,28.0,A,Canada
636459,Song Sparrow,https://xeno-canto.org/636459/download,24.0,A,Canada
636457,Song Sparrow,https://xeno-canto.org/636457/download,27.0,A,Canada
634794,Song Sparrow,https://xeno-canto.org/634794/download,76.0,A,United States
629086,Song Sparrow,https://xeno-canto.org/629086/download,77.0,A,United States
625527,Song Sparrow,https://xeno-canto.org/625527/download,92.0,A,United States
620966,Song Sparrow,https://xeno-canto.org/620966/download,52.0,A,United States
619888,Song Sparrow,https://xeno-canto.org/619888/download,25.0,A,United States
618137,Song Sparrow,https://xeno-canto.org/618137/download,16.0,A,Mexico
618136,Song Sparrow,https://xeno-canto.org/618136/download,30.0,A,Mexico
618135,Song Sparrow,https://xeno-canto.org/618135/download,20.0,A,Mexico
618134,Song Sparrow,https://xeno-canto.org/618134/download,56.0,A,Mexico
618133,Song Sparrow,https://xeno-canto.org/618133/download,15.0,A,Mexico
618132,Song Sparrow,https://xeno-canto.org/618132/download,41.0,A,Mexico
608838,Song Sparrow,https://xeno-canto.org/608838/download,54.0,A,United States
602565,Song Sparrow,https://xeno-canto.org/602565/download,47.0,A,United States
602564,Song Sparrow,https://xeno-canto.org/602564/download,93.0,A,United States
602562,Song Sparrow,https://xeno-canto.org/602562/download,80.0,A,United States
602561,Song Sparrow,https://xeno-canto.org/602561/download,61.0,A,United States
599856,Song Sparrow,https://xeno-canto.org/599856/download,105.0,A,United States
599855,Song Sparrow,https://xeno-canto.org/599855/download,59.0,A,United States
599851,Song Sparrow,https://xeno-canto.org/599851/download,31.0,A,United States
598439,Song Sparrow,https://xeno-canto.org/598439/download,79.0,A,Canada
597664,Song Sparrow,https://xeno-canto.org/597664/download,25.0,A,Canada
596371,Song Sparrow,https://xeno-canto.org/596371/download,33.0,A,United States
591827,Song Sparrow,https://xeno-canto.org/591827/download,32.0,A,United States
591818,Song Sparrow,https://xeno-canto.org/591818/download,29.0,A,United States
585149,Song Sparrow,https://xeno-canto.org/585149/download,44.0,A,United States
585148,Song Sparrow,https://xeno-canto.org/585148/download,11.0,A,United States
583978,Song Sparrow,https://xeno-canto.org/583978/download,44.0,A,United States
583977,Song Sparrow,https://xeno-canto.org/583977/download,44.0,A,United States
582723,Song Sparrow,https://xeno-canto.org/582723/download,21.0,A,United States
582701,Song Sparrow,https://xeno-canto.org/582701/download,29.0,A,United States
582154,Song Sparrow,https://xeno-canto.org/582154/download,48.0,A,United States
582152,Song Sparrow,https://xeno-canto.org/582152/download,22.0,A,United States
582148,Song Sparrow,https://xeno-canto.org/582148/download,55.0,A,United States
580552,Song Sparrow,https://xeno-canto.org/580552/download,27.0,A,Canada
576143,Song Sparrow,https://xeno-canto.org/576143/download,62.0,A,United States
575671,Song Sparrow,https://xeno-canto.org/575671/download,52.0,A,Mexico
575046,Song Sparrow,https://xeno-canto.org/575046/download,86.0,A,United States
575035,Song Sparrow,https://xeno-canto.org/575035/download,72.0,A,United States
575030,Song Sparrow,https://xeno-canto.org/575030/download,109.0,A,United States
572964,Song Sparrow,https://xeno-canto.org/572964/download,92.0,A,United States
572852,Song Sparrow,https://xeno-canto.org/572852/download,19.0,A,United States
570789,Song Sparrow,https://xeno-canto.org/570789/download,37.0,A,Canada
569830,Song Sparrow,https://xeno-canto.org/569830/download,36.0,A,Mexico
569603,Song Sparrow,https://xeno-canto.org/569603/download,40.0,A,Mexico
566606,Song Sparrow,https://xeno-canto.org/566606/download,75.0,A,Mexico
565794,Song Sparrow,https://xeno-canto.org/565794/download,35.0,A,United States
565508,Song Sparrow,https://xeno-canto.org/565508/download,21.0,A,United States
565240,Song Sparrow,https://xeno-canto.org/565240/download,55.0,A,United States
564939,Song Sparrow,https://xeno-canto.org/564939/download,93.0,A,Mexico
562168,Song Sparrow,https://xeno-canto.org/562168/download,21.0,A,United States
559523,Song Sparrow,https://xeno-canto.org/559523/download,21.0,A,United States
559479,Song Sparrow,https://xeno-canto.org/559479/download,14.0,A,United States
558357,Song Sparrow,https://xeno-canto.org/558357/download,32.0,A,United States
557836,Song Sparrow,https://xeno-canto.org/557836/download,52.0,A,United States
556405,Song Sparrow,https://xeno-canto.org/556405/download,45.0,A,United States
556402,Song Sparrow,https://xeno-canto.org/556402/download,21.0,A,United States
549598,Song Sparrow,https://xeno-canto.org/549598/download,13.0,A,United States
549591,Song Sparrow,https://xeno-canto.org/549591/download,52.0,A,United States
545908,Song Sparrow,https://xeno-canto.org/545908/download,77.0,A,United States
545907,Song Sparrow,https://xeno-canto.org/545907/download,11.0,A,United States
545781,Song Sparrow,https://xeno-canto.org/545781/download,23.0,A,United States
544296,Song Sparrow,https://xeno-canto.org/544296/download,68.0,A,Canada
542596,Song Sparrow,https://xeno-canto.org/542596/download,26.0,A,United States
541150,Song Sparrow,https://xeno-canto.org/541150/download,69.0,A,Canada
539872,Song Sparrow,https://xeno-canto.org/539872/download,28.0,A,United States
533413,Song Sparrow,https://xeno-canto.org/533413/download,12.0,A,Mexico
531548,Song Sparrow,https://xeno-canto.org/531548/download,41.0,A,Canada
523646,Song Sparrow,https://xeno-canto.org/523646/download,19.0,A,Mexico
523645,Song Sparrow,https://xeno-canto.org/523645/download,11.0,A,Mexico
507777,Song Sparrow,https://xeno-canto.org/507777/download,67.0,A,United States
500924,Song Sparrow,https://xeno-canto.org/500924/download,60.0,A,United States
497428,Song Sparrow,https://xeno-canto.org/497428/download,71.0,A,United States
497165,Song Sparrow,https://xeno-canto.org/497165/download,62.0,A,United States
493448,Song Sparrow,https://xeno-canto.org/493448/download,36.0,A,United States
490353,Song Sparrow,https://xeno-canto.org/490353/download,87.0,A,United States
490351,Song Sparrow,https://xeno-canto.org/490351/download,46.0,A,United States
488447,Song Sparrow,https://xeno-canto.org/488447/download,51.0,A,Mexico
488441,Song Sparrow,https://xeno-canto.org/488441/download,53.0,A,Mexico
488248,Song Sparrow,https://xeno-canto.org/488248/download,12.0,A,Mexico
484165,Song Sparrow,https://xeno-canto.org/484165/download,82.0,A,Canada
484162,Song Sparrow,https://xeno-canto.org/484162/download,21.0,A,Canada
483978,Song Sparrow,https://xeno-canto.org/483978/download,106.0,A,United States
483884,Song Sparrow,https://xeno-canto.org/483884/download,56.0,A,United States
483881,Song Sparrow,https://xeno-canto.org/483881/download,61.0,A,United States
483220,Song Sparrow,https://xeno-canto.org/483220/download,38.0,A,United States
482639,Song Sparrow,https://xeno-canto.org/482639/download,44.0,A,United States
481865,Song Sparrow,https://xeno-canto.org/481865/download,50.0,A,Mexico
481115,Song Sparrow,https://xeno-canto.org/481115/download,41.0,A,United States
480224,Song Sparrow,https://xeno-canto.org/480224/download,42.0,A,United States
480223,Song Sparrow,https://xeno-canto.org/480223/download,26.0,A,United States
480080,Song Sparrow,https://xeno-canto.org/480080/download,54.0,A,Mexico
478217,Song Sparrow,https://xeno-canto.org/478217/download,66.0,A,Mexico
477042,Song Sparrow,https://xeno-canto.org/477042/download,27.0,A,Canada
473434,Song Sparrow,https://xeno-canto.org/473434/download,21.0,A,United States
473424,Song Sparrow,https://xeno-canto.org/473424/download,29.0,A,United States
469877,Song Sparrow,https://xeno-canto.org/469877/download,83.0,A,United States
469569,Song Sparrow,https://xeno-canto.org/469569/download,35.0,A,United States
467022,Song Sparrow,https://xeno-canto.org/467022/download,28.0,A,United States
466633,Song Sparrow,https://xeno-canto.org/466633/download,13.0,A,United States
462899,Song Sparrow,https://xeno-canto.org/462899/download,44.0,A,United States
462123,Song Sparrow,https://xeno-canto.org/462123/download,30.0,A,Mexico
461612,Song Sparrow,https://xeno-canto.org/461612/download,28.0,A,United States
459059,Song Sparrow,https://xeno-canto.org/459059/download,31.0,A,Mexico
449270,Song Sparrow,https://xeno-canto.org/449270/download,53.0,A,Mexico
445425,Song Sparrow,https://xeno-canto.org/445425/download,18.0,A,United States
445424,Song Sparrow,https://xeno-canto.org/445424/download,28.0,A,United States
434169,Song Sparrow,https://xeno-canto.org/434169/download,65.0,A,United States
433075,Song Sparrow,https://xeno-canto.org/433075/download,23.0,A,United States
429250,Song Sparrow,https://xeno-canto.org/429250/download,23.0,A,United States
429249,Song Sparrow,https://xeno-canto.org/429249/download,38.0,A,United States
426314,Song Sparrow,https://xeno-canto.org/426314/download,40.0,A,United States
425799,Song Sparrow,https://xeno-canto.org/425799/download,45.0,A,United States
420819,Song Sparrow,https://xeno-canto.org/420819/download,24.0,A,United States
417352,Song Sparrow,https://xeno-canto.org/417352/download,35.0,A,Mexico
413799,Song Sparrow,https://xeno-canto.org/413799/download,22.0,A,United States
413798,Song Sparrow,https://xeno-canto.org/413798/download,30.0,A,United States
408811,Song Sparrow,https://xeno-canto.org/408811/download,34.0,A,United States
408810,Song Sparrow,https://xeno-canto.org/408810/download,32.0,A,United States
408571,Song Sparrow,https://xeno-canto.org/408571/download,40.0,A,United States
408127,Song Sparrow,https://xeno-canto.org/408127/download,58.0,A,United States
408126,Song Sparrow,https://xeno-canto.org/408126/download,44.0,A,United States
408093,Song Sparrow,https://xeno-canto.org/408093/download,19.0,A,United States
408014,Song Sparrow,https://xeno-canto.org/408014/download,32.0,A,United States
407930,Song Sparrow,https://xeno-canto.org/407930/download,16.0,A,United States
394309,Song Sparrow,https://xeno-canto.org/394309/download,65.0,A,Mexico
393996,Song Sparrow,https://xeno-canto.org/393996/download,68.0,A,United States
388773,Song Sparrow,https://xeno-canto.org/388773/download,45.0,A,United States
386586,Song Sparrow,https://xeno-canto.org/386586/download,38.0,A,United States
384033,Song Sparrow,https://xeno-canto.org/384033/download,40.0,A,United States
383971,Song Sparrow,https://xeno-canto.org/383971/download,24.0,A,United States
382858,Song Sparrow,https://xeno-canto.org/382858/download,28.0,A,Mexico
381570,Song Sparrow,https://xeno-canto.org/381570/download,47.0,A,United States
381568,Song Sparrow,https://xeno-canto.org/381568/download,103.0,A,United States
381508,Song Sparrow,https://xeno-canto.org/381508/download,27.0,A,United States
379143,Song Sparrow,https://xeno-canto.org/379143/download,23.0,A,United States
376028,Song Sparrow,https://xeno-canto.org/376028/download,33.0,A,United States
375662,Song Sparrow,https://xeno-canto.org/375662/download,65.0,A,United States
375515,Song Sparrow,https://xeno-canto.org/375515/download,27.0,A,United States
368073,Song Sparrow,https://xeno-canto.org/368073/download,16.0,A,United States
368065,Song Sparrow,https://xeno-canto.org/368065/download,50.0,A,United States
366606,Song Sparrow,https://xeno-canto.org/366606/download,17.0,A,United States
366598,Song Sparrow,https://xeno-canto.org/366598/download,55.0,A,United States
363141,Song Sparrow,https://xeno-canto.org/363141/download,64.0,A,United States
362470,Song Sparrow,https://xeno-canto.org/362470/download,44.0,A,United States
362469,Song Sparrow,https://xeno-canto.org/362469/download,82.0,A,United States
358837,Song Sparrow,https://xeno-canto.org/358837/download,31.0,A,United States
349555,Song Sparrow,https://xeno-canto.org/349555/download,15.0,A,United States
349554,Song Sparrow,https://xeno-canto.org/349554/download,29.0,A,United States
336819,Song Sparrow,https://xeno-canto.org/336819/download,65.0,A,United States
327795,Song Sparrow,https://xeno-canto.org/327795/download,69.0,A,United States
325932,Song Sparrow,https://xeno-canto.org/325932/download,67.0,A,Canada
325378,Song Sparrow,https://xeno-canto.org/325378/download,44.0,A,United States
325340,Song Sparrow,https://xeno-canto.org/325340/download,12.0,A,United States
322699,Song Sparrow,https://xeno-canto.org/322699/download,33.0,A,United States
321882,Song Sparrow,https://xeno-canto.org/321882/download,25.0,A,Canada
320469,Song Sparrow,https://xeno-canto.org/320469/download,55.0,A,United States
312736,Song Sparrow,https://xeno-canto.org/312736/download,35.0,A,United States
311716,Song Sparrow,https://xeno-canto.org/311716/download,22.0,A,United States
309650,Song Sparrow,https://xeno-canto.org/309650/download,30.0,A,United States
307660,Song Sparrow,https://xeno-canto.org/307660/download,13.0,A,United States
307230,Song Sparrow,https://xeno-canto.org/307230/download,53.0,A,Mexico
306941,Song Sparrow,https://xeno-canto.org/306941/download,90.0,A,Mexico
306748,Song Sparrow,https://xeno-canto.org/306748/download,38.0,A,United States
302550,Song Sparrow,https://xeno-canto.org/302550/download,47.0,A,Canada
301678,Song Sparrow,https://xeno-canto.org/301678/download,20.0,A,United States
298454,Song Sparrow,https://xeno-canto.org/298454/download,22.0,A,Canada
297670,Song Sparrow,https://xeno-canto.org/297670/download,53.0,A,Mexico
290140,Song Sparrow,https://xeno-canto.org/290140/download,12.0,A,United States
290138,Song Sparrow,https://xeno-canto.org/290138/download,24.0,A,United States
290132,Song Sparrow,https://xeno-canto.org/290132/download,20.0,A,Mexico
290096,Song Sparrow,https://xeno-canto.org/290096/download,28.0,A,United States
289225,Song Sparrow,https://xeno-canto.org/289225/download,30.0,A,United States
287881,Song Sparrow,https://xeno-canto.org/287881/download,17.0,A,United States
286977,Song Sparrow,https://xeno-canto.org/286977/download,64.0,A,United States
283691,Song Sparrow,https://xeno-canto.org/283691/download,12.0,A,United States
282512,Song Sparrow,https://xeno-canto.org/282512/download,48.0,A,United States
269172,Song Sparrow,https://xeno-canto.org/269172/download,56.0,A,United States
255726,Song Sparrow,https://xeno-canto.org/255726/download,43.0,A,Mexico
253526,Song Sparrow,https://xeno-canto.org/253526/download,22.0,A,United States
253352,Song Sparrow,https://xeno-canto.org/253352/download,21.0,A,Mexico
246812,Song Sparrow,https://xeno-canto.org/246812/download,73.0,A,United States
235955,Song Sparrow,https://xeno-canto.org/235955/download,35.0,A,United States
225619,Song Sparrow,https://xeno-canto.org/225619/download,32.0,A,United States
225618,Song Sparrow,https://xeno-canto.org/225618/download,21.0,A,United States
225617,Song Sparrow,https://xeno-canto.org/225617/download,21.0,A,United States
225616,Song Sparrow,https://xeno-canto.org/225616/download,87.0,A,Mexico
225615,Song Sparrow,https://xeno-canto.org/225615/download,97.0,A,Mexico
215342,Song Sparrow,https://xeno-canto.org/215342/download,60.0,A,Canada
196037,Song Sparrow,https://xeno-canto.org/196037/download,14.0,A,Canada
195565,Song Sparrow,https://xeno-canto.org/195565/download,91.0,A,Canada
195046,Song Sparrow,https://xeno-canto.org/195046/download,54.0,A,United States
193773,Song Sparrow,https://xeno-canto.org/193773/download,52.0,A,Canada
193145,Song Sparrow,https://xeno-canto.org/193145/download,27.0,A,Canada
193141,Song Sparrow,https://xeno-canto.org/193141/download,21.0,A,Canada
190543,Song Sparrow,https://xeno-canto.org/190543/download,10.0,A,United States
190476,Song Sparrow,https://xeno-canto.org/190476/download,11.0,A,United States
189286,Song Sparrow,https://xeno-canto.org/189286/download,45.0,A,United States
188448,Song Sparrow,https://xeno-canto.org/188448/download,58.0,A,Canada
188370,Song Sparrow,https://xeno-canto.org/188370/download,10.0,A,United States
185605,Song Sparrow,https://xeno-canto.org/185605/download,77.0,A,United States
185279,Song Sparrow,https://xeno-canto.org/185279/download,20.0,A,United States
183355,Song Sparrow,https://xeno-canto.org/183355/download,39.0,A,United States
182170,Song Sparrow,https://xeno-canto.org/182170/download,25.0,A,United States
181738,Song Sparrow,https://xeno-canto.org/181738/download,65.0,A,United States
179640,Song Sparrow,https://xeno-canto.org/179640/download,10.0,A,Canada
179182,Song Sparrow,https://xeno-canto.org/179182/download,47.0,A,United States
178318,Song Sparrow,https://xeno-canto.org/178318/download,17.0,A,United States
175509,Song Sparrow,https://xeno-canto.org/175509/download,33.0,A,United States
165236,Song Sparrow,https://xeno-canto.org/165236/download,48.0,A,Mexico
163211,Song Sparrow,https://xeno-canto.org/163211/download,45.0,A,United States
160162,Song Sparrow,https://xeno-canto.org/160162/download,32.0,A,Canada
160160,Song Sparrow,https://xeno-canto.org/160160/download,65.0,A,Canada
159968,Song Sparrow,https://xeno-canto.org/159968/download,115.0,A,Canada
159966,Song Sparrow,https://xeno-canto.org/159966/download,82.0,A,Canada
159908,Song Sparrow,https://xeno-canto.org/159908/download,12.0,A,Canada
159703,Song Sparrow,https://xeno-canto.org/159703/download,62.0,A,Canada
159332,Song Sparrow,https://xeno-canto.org/159332/download,52.0,A,Canada
159078,Song Sparrow,https://xeno-canto.org/159078/download,58.0,A,Canada
159000,Song Sparrow,https://xeno-canto.org/159000/download,33.0,A,Canada
158992,Song Sparrow,https://xeno-canto.org/158992/download,56.0,A,Canada
158951,Song Sparrow,https://xeno-canto.org/158951/download,42.0,A,Canada
158922,Song Sparrow,https://xeno-canto.org/158922/download,61.0,A,Canada
158918,Song Sparrow,https://xeno-canto.org/158918/download,79.0,A,Canada
155237,Song Sparrow,https://xeno-canto.org/155237/download,117.0,A,United States
155236,Song Sparrow,https://xeno-canto.org/155236/download,85.0,A,United States
155235,Song Sparrow,https://xeno-canto.org/155235/download,50.0,A,United States
155234,Song Sparrow,https://xeno-canto.org/155234/download,21.0,A,United States
155232,Song Sparrow,https://xeno-canto.org/155232/download,55.0,A,United States
153555,Song Sparrow,https://xeno-canto.org/153555/download,12.0,A,United States
152505,Song Sparrow,https://xeno-canto.org/152505/download,32.0,A,Canada
149420,Song Sparrow,https://xeno-canto.org/149420/download,48.0,A,United States
149419,Song Sparrow,https://xeno-canto.org/149419/download,17.0,A,United States
149417,Song Sparrow,https://xeno-canto.org/149417/download,29.0,A,United States
149412,Song Sparrow,https://xeno-canto.org/149412/download,33.0,A,United States
149408,Song Sparrow,https://xeno-canto.org/149408/download,50.0,A,United States
149407,Song Sparrow,https://xeno-canto.org/149407/download,54.0,A,United States
147921,Song Sparrow,https://xeno-canto.org/147921/download,26.0,A,Mexico
147920,Song Sparrow,https://xeno-canto.org/147920/download,16.0,A,Mexico
144116,Song Sparrow,https://xeno-canto.org/144116/download,72.0,A,United States
143923,Song Sparrow,https://xeno-canto.org/143923/download,60.0,A,United States
142621,Song Sparrow,https://xeno-canto.org/142621/download,75.0,A,United States
138338,Song Sparrow,https://xeno-canto.org/138338/download,24.0,A,Canada
138337,Song Sparrow,https://xeno-canto.org/138337/download,40.0,A,Canada
134164,Song Sparrow,https://xeno-canto.org/134164/download,37.0,A,United States
131960,Song Sparrow,https://xeno-canto.org/131960/download,34.0,A,Canada
131959,Song Sparrow,https://xeno-canto.org/131959/download,60.0,A,Canada
128904,Song Sparrow,https://xeno-canto.org/128904/download,77.0,A,United States
128238,Song Sparrow,https://xeno-canto.org/128238/download,96.0,A,United States
125723,Song Sparrow,https://xeno-canto.org/125723/download,47.0,A,United States
125721,Song Sparrow,https://xeno-canto.org/125721/download,110.0,A,United States
125719,Song Sparrow,https://xeno-canto.org/125719/download,57.0,A,Mexico
1083908,Anna's Hummingbird,https://xeno-canto.org/1083908/download,39.0,A,United States
1080235,Anna's Hummingbird,https://xeno-canto.org/1080235/download,23.0,A,United States
1077841,Anna's Hummingbird,https://xeno-canto.org/1077841/download,54.0,A,United States
1074392,Anna's Hummingbird,https://xeno-canto.org/1074392/download,21.0,A,United States
1072200,Anna's Hummingbird,https://xeno-canto.org/1072200/download,31.0,A,United States
1041019,Anna's Hummingbird,https://xeno-canto.org/1041019/download,14.0,A,United States
958844,Anna's Hummingbird,https://xeno-canto.org/958844/download,26.0,A,United States
958843,Anna's Hummingbird,https://xeno-canto.org/958843/download,23.0,A,United States
958842,Anna's Hummingbird,https://xeno-canto.org/958842/download,34.0,A,United States
958841,Anna's Hummingbird,https://xeno-canto.org/958841/download,35.0,A,United States
958840,Anna's Hummingbird,https://xeno-canto.org/958840/download,19.0,A,United States
958839,Anna's Hummingbird,https://xeno-canto.org/958839/download,15.0,A,United States
958838,Anna's Hummingbird,https://xeno-canto.org/958838/download,15.0,A,United States
958837,Anna's Hummingbird,https://xeno-canto.org/958837/download,31.0,A,United States
958836,Anna's Hummingbird,https://xeno-canto.org/958836/download,19.0,A,United States
958835,Anna's Hummingbird,https://xeno-canto.org/958835/download,25.0,A,United States
958834,Anna's Hummingbird,https://xeno-canto.org/958834/download,14.0,A,United States
958833,Anna's Hummingbird,https://xeno-canto.org/958833/download,19.0,A,United States
958832,Anna's Hummingbird,https://xeno-canto.org/958832/download,19.0,A,United States
955954,Anna's Hummingbird,https://xeno-canto.org/955954/download,48.0,A,United States
955953,Anna's Hummingbird,https://xeno-canto.org/955953/download,15.0,A,United States
955945,Anna's Hummingbird,https://xeno-canto.org/955945/download,26.0,A,United States
955944,Anna's Hummingbird,https://xeno-canto.org/955944/download,24.0,A,United States
955943,Anna's Hummingbird,https://xeno-canto.org/955943/download,33.0,A,United States
955942,Anna's Hummingbird,https://xeno-canto.org/955942/download,23.0,A,United States
955938,Anna's Hummingbird,https://xeno-canto.org/955938/download,11.0,A,United States
955923,Anna's Hummingbird,https://xeno-canto.org/955923/download,11.0,A,United States
860679,Anna's Hummingbird,https://xeno-canto.org/860679/download,39.0,A,United States
731971,Anna's Hummingbird,https://xeno-canto.org/731971/download,40.0,A,United States
701552,Anna's Hummingbird,https://xeno-canto.org/701552/download,27.0,A,Canada
691002,Anna's Hummingbird,https://xeno-canto.org/691002/download,22.0,A,United States
603659,Anna's Hummingbird,https://xeno-canto.org/603659/download,21.0,A,United States
549602,Anna's Hummingbird,https://xeno-canto.org/549602/download,12.0,A,United States
501895,Anna's Hummingbird,https://xeno-canto.org/501895/download,52.0,A,United States
473411,Anna's Hummingbird,https://xeno-canto.org/473411/download,20.0,A,United States
473410,Anna's Hummingbird,https://xeno-canto.org/473410/download,85.0,A,United States
469881,Anna's Hummingbird,https://xeno-canto.org/469881/download,18.0,A,United States
457444,Anna's Hummingbird,https://xeno-canto.org/457444/download,18.0,A,United States
453109,Anna's Hummingbird,https://xeno-canto.org/453109/download,48.0,A,United States
449497,Anna's Hummingbird,https://xeno-canto.org/449497/download,110.0,A,United States
442359,Anna's Hummingbird,https://xeno-canto.org/442359/download,97.0,A,United States
442358,Anna's Hummingbird,https://xeno-canto.org/442358/download,53.0,A,United States
408489,Anna's Hummingbird,https://xeno-canto.org/408489/download,52.0,A,United States
408456,Anna's Hummingbird,https://xeno-canto.org/408456/download,70.0,A,United States
362401,Anna's Hummingbird,https://xeno-canto.org/362401/download,62.0,A,United States
328180,Anna's Hummingbird,https://xeno-canto.org/328180/download,16.0,A,United States
297468,Anna's Hummingbird,https://xeno-canto.org/297468/download,17.0,A,United States
216179,Anna's Hummingbird,https://xeno-canto.org/216179/download,35.0,A,Canada
196691,Anna's Hummingbird,https://xeno-canto.org/196691/download,118.0,A,United States
173184,Anna's Hummingbird,https://xeno-canto.org/173184/download,96.0,A,United States
169597,Anna's Hummingbird,https://xeno-canto.org/169597/download,62.0,A,United States
160913,Anna's Hummingbird,https://xeno-canto.org/160913/download,41.0,A,United States
160911,Anna's Hummingbird,https://xeno-canto.org/160911/download,12.0,A,United States
160910,Anna's Hummingbird,https://xeno-canto.org/160910/download,15.0,A,United States
160906,Anna's Hummingbird,https://xeno-canto.org/160906/download,14.0,A,United States
160078,Anna's Hummingbird,https://xeno-canto.org/160078/download,97.0,A,Canada
160060,Anna's Hummingbird,https://xeno-canto.org/160060/download,98.0,A,Canada
160046,Anna's Hummingbird,https://xeno-canto.org/160046/download,100.0,A,Canada
160044,Anna's Hummingbird,https://xeno-canto.org/160044/download,23.0,A,Canada
159940,Anna's Hummingbird,https://xeno-canto.org/159940/download,53.0,A,Canada
159875,Anna's Hummingbird,https://xeno-canto.org/159875/download,33.0,A,Canada
159808,Anna's Hummingbird,https://xeno-canto.org/159808/download,90.0,A,Canada
159535,Anna's Hummingbird,https://xeno-canto.org/159535/download,42.0,A,Canada
158923,Anna's Hummingbird,https://xeno-canto.org/158923/download,60.0,A,Canada
158912,Anna's Hummingbird,https://xeno-canto.org/158912/download,54.0,A,Canada
157666,Anna's Hummingbird,https://xeno-canto.org/157666/download,106.0,A,United States
151103,Anna's Hummingbird,https://xeno-canto.org/151103/download,17.0,A,United States
132250,Anna's Hummingbird,https://xeno-canto.org/132250/download,17.0,A,United States
132248,Anna's Hummingbird,https://xeno-canto.org/132248/download,23.0,A,United States
132241,Anna's Hummingbird,https://xeno-canto.org/132241/download,38.0,A,United States
132239,Anna's Hummingbird,https://xeno-canto.org/132239/download,23.0,A,United States
132220,Anna's Hummingbird,https://xeno-canto.org/132220/download,41.0,A,United States
132219,Anna's Hummingbird,https://xeno-canto.org/132219/download,59.0,A,United States
132217,Anna's Hummingbird,https://xeno-canto.org/132217/download,71.0,A,United States
80361,Anna's Hummingbird,https://xeno-canto.org/80361/download,78.0,A,United States
71034,Anna's Hummingbird,https://xeno-canto.org/71034/download,53.0,A,United States
70079,Anna's Hummingbird,https://xeno-canto.org/70079/download,37.0,A,United States
43423,Anna's Hummingbird,https://xeno-canto.org/43423/download,73.0,A,United States
42442,Anna's Hummingbird,https://xeno-canto.org/42442/download,55.0,A,United States
17924,Anna's Hummingbird,https://xeno-canto.org/17924/download,48.0,A,United States
1090312,Anna's Hummingbird,https://xeno-canto.org/1090312/download,10.0,B,United States
1090309,Anna's Hummingbird,https://xeno-canto.org/1090309/download,26.0,B,United States
1083376,Anna's Hummingbird,https://xeno-canto.org/1083376/download,14.0,B,United States
1082012,Anna's Hummingbird,https://xeno-canto.org/1082012/download,35.0,B,United States
1073198,Anna's Hummingbird,https://xeno-canto.org/1073198/download,50.0,B,United States
1073197,Anna's Hummingbird,https://xeno-canto.org/1073197/download,11.0,B,United States
1073196,Anna's Hummingbird,https://xeno-canto.org/1073196/download,25.0,B,United States
1072201,Anna's Hummingbird,https://xeno-canto.org/1072201/download,52.0,B,United States
1047646,Anna's Hummingbird,https://xeno-canto.org/1047646/download,31.0,B,United States
999241,Anna's Hummingbird,https://xeno-canto.org/999241/download,62.0,B,United States
958907,Anna's Hummingbird,https://xeno-canto.org/958907/download,26.0,B,United States
958903,Anna's Hummingbird,https://xeno-canto.org/958903/download,20.0,B,United States
958902,Anna's Hummingbird,https://xeno-canto.org/958902/download,14.0,B,United States
958901,Anna's Hummingbird,https://xeno-canto.org/958901/download,14.0,B,United States
958900,Anna's Hummingbird,https://xeno-canto.org/958900/download,26.0,B,United States
958899,Anna's Hummingbird,https://xeno-canto.org/958899/download,35.0,B,United States
958897,Anna's Hummingbird,https://xeno-canto.org/958897/download,15.0,B,United States
958896,Anna's Hummingbird,https://xeno-canto.org/958896/download,19.0,B,United States
958895,Anna's Hummingbird,https://xeno-canto.org/958895/download,16.0,B,United States
958893,Anna's Hummingbird,https://xeno-canto.org/958893/download,12.0,B,United States
955950,Anna's Hummingbird,https://xeno-canto.org/955950/download,21.0,B,United States
906383,Anna's Hummingbird,https://xeno-canto.org/906383/download,34.0,B,United States
805459,Anna's Hummingbird,https://xeno-canto.org/805459/download,91.0,B,United States
775363,Anna's Hummingbird,https://xeno-canto.org/775363/download,10.0,B,United States
712726,Anna's Hummingbird,https://xeno-canto.org/712726/download,17.0,B,United States
695151,Anna's Hummingbird,https://xeno-canto.org/695151/download,33.0,B,United States
691958,Anna's Hummingbird,https://xeno-canto.org/691958/download,20.0,B,United States
686822,Anna's Hummingbird,https://xeno-canto.org/686822/download,26.0,B,United States
686821,Anna's Hummingbird,https://xeno-canto.org/686821/download,26.0,B,United States
686820,Anna's Hummingbird,https://xeno-canto.org/686820/download,48.0,B,United States
686819,Anna's Hummingbird,https://xeno-canto.org/686819/download,47.0,B,United States
686818,Anna's Hummingbird,https://xeno-canto.org/686818/download,20.0,B,United States
679336,Anna's Hummingbird,https://xeno-canto.org/679336/download,53.0,B,United States
678312,Anna's Hummingbird,https://xeno-canto.org/678312/download,106.0,B,United States
678282,Anna's Hummingbird,https://xeno-canto.org/678282/download,94.0,B,United States
678281,Anna's Hummingbird,https://xeno-canto.org/678281/download,11.0,B,United States
666020,Anna's Hummingbird,https://xeno-canto.org/666020/download,21.0,B,United States
666018,Anna's Hummingbird,https://xeno-canto.org/666018/download,20.0,B,United States
666014,Anna's Hummingbird,https://xeno-canto.org/666014/download,20.0,B,United States
624430,Anna's Hummingbird,https://xeno-canto.org/624430/download,16.0,B,United States
624426,Anna's Hummingbird,https://xeno-canto.org/624426/download,18.0,B,United States
569995,Anna's Hummingbird,https://xeno-canto.org/569995/download,10.0,B,United States
557422,Anna's Hummingbird,https://xeno-canto.org/557422/download,36.0,B,United States
544458,Anna's Hummingbird,https://xeno-canto.org/544458/download,49.0,B,United States
543356,Anna's Hummingbird,https://xeno-canto.org/543356/download,23.0,B,United States
524810,Anna's Hummingbird,https://xeno-canto.org/524810/download,17.0,B,United States
524806,Anna's Hummingbird,https://xeno-canto.org/524806/download,15.0,B,United States
524805,Anna's Hummingbird,https://xeno-canto.org/524805/download,45.0,B,United States
524667,Anna's Hummingbird,https://xeno-canto.org/524667/download,15.0,B,United States
519013,Anna's Hummingbird,https://xeno-canto.org/519013/download,11.0,B,United States
479795,Anna's Hummingbird,https://xeno-canto.org/479795/download,58.0,B,Canada
465010,Anna's Hummingbird,https://xeno-canto.org/465010/download,25.0,B,United States
461240,Anna's Hummingbird,https://xeno-canto.org/461240/download,65.0,B,United States
452505,Anna's Hummingbird,https://xeno-canto.org/452505/download,19.0,B,United States
451240,Anna's Hummingbird,https://xeno-canto.org/451240/download,19.0,B,United States
406526,Anna's Hummingbird,https://xeno-canto.org/406526/download,39.0,B,United States
406522,Anna's Hummingbird,https://xeno-canto.org/406522/download,27.0,B,United States
354737,Anna's Hummingbird,https://xeno-canto.org/354737/download,14.0,B,United States
348985,Anna's Hummingbird,https://xeno-canto.org/348985/download,60.0,B,United States
297440,Anna's Hummingbird,https://xeno-canto.org/297440/download,12.0,B,United States
297296,Anna's Hummingbird,https://xeno-canto.org/297296/download,19.0,B,United States
296918,Anna's Hummingbird,https://xeno-canto.org/296918/download,14.0,B,United States
289049,Anna's Hummingbird,https://xeno-canto.org/289049/download,38.0,B,United States
282320,Anna's Hummingbird,https://xeno-canto.org/282320/download,24.0,B,United States
220096,Anna's Hummingbird,https://xeno-canto.org/220096/download,32.0,B,United States
198499,Anna's Hummingbird,https://xeno-canto.org/198499/download,18.0,B,United States
198054,Anna's Hummingbird,https://xeno-canto.org/198054/download,16.0,B,Canada
196545,Anna's Hummingbird,https://xeno-canto.org/196545/download,33.0,B,United States
169596,Anna's Hummingbird,https://xeno-canto.org/169596/download,29.0,B,United States
160914,Anna's Hummingbird,https://xeno-canto.org/160914/download,20.0,B,United States
160908,Anna's Hummingbird,https://xeno-canto.org/160908/download,14.0,B,United States
160907,Anna's Hummingbird,https://xeno-canto.org/160907/download,79.0,B,United States
160259,Anna's Hummingbird,https://xeno-canto.org/160259/download,13.0,B,Canada
160137,Anna's Hummingbird,https://xeno-canto.org/160137/download,19.0,B,Canada
159352,Anna's Hummingbird,https://xeno-canto.org/159352/download,80.0,B,Canada
159347,Anna's Hummingbird,https://xeno-canto.org/159347/download,30.0,B,Canada
159137,Anna's Hummingbird,https://xeno-canto.org/159137/download,19.0,B,Canada
158963,Anna's Hummingbird,https://xeno-canto.org/158963/download,13.0,B,Canada
158914,Anna's Hummingbird,https://xeno-canto.org/158914/download,19.0,B,Canada
156822,Anna's Hummingbird,https://xeno-canto.org/156822/download,60.0,B,United States
153035,Anna's Hummingbird,https://xeno-canto.org/153035/download,40.0,B,United States
144101,Anna's Hummingbird,https://xeno-canto.org/144101/download,30.0,B,United States
132257,Anna's Hummingbird,https://xeno-canto.org/132257/download,52.0,B,United States
132255,Anna's Hummingbird,https://xeno-canto.org/132255/download,51.0,B,United States
132246,Anna's Hummingbird,https://xeno-canto.org/132246/download,41.0,B,United States
132237,Anna's Hummingbird,https://xeno-canto.org/132237/download,54.0,B,United States
132236,Anna's Hummingbird,https://xeno-canto.org/132236/download,63.0,B,United States
132229,Anna's Hummingbird,https://xeno-canto.org/132229/download,76.0,B,United States
132223,Anna's Hummingbird,https://xeno-canto.org/132223/download,28.0,B,United States
124484,Anna's Hummingbird,https://xeno-canto.org/124484/download,25.0,B,United States
120843,Anna's Hummingbird,https://xeno-canto.org/120843/download,114.0,B,United States
120842,Anna's Hummingbird,https://xeno-canto.org/120842/download,105.0,B,United States
109852,Anna's Hummingbird,https://xeno-canto.org/109852/download,73.0,B,United States
109651,Anna's Hummingbird,https://xeno-canto.org/109651/download,15.0,B,United States
71968,Anna's Hummingbird,https://xeno-canto.org/71968/download,64.0,B,Mexico
70078,Anna's Hummingbird,https://xeno-canto.org/70078/download,15.0,B,United States
66239,Anna's Hummingbird,https://xeno-canto.org/66239/download,11.0,B,Canada
57971,Anna's Hummingbird,https://xeno-canto.org/57971/download,18.0,B,United States
41585,Anna's Hummingbird,https://xeno-canto.org/41585/download,34.0,B,United States
1133668,Dark-eyed Junco,https://xeno-canto.org/1133668/download,101.0,A,United States
1105892,Dark-eyed Junco,https://xeno-canto.org/1105892/download,80.0,A,United States
1105890,Dark-eyed Junco,https://xeno-canto.org/1105890/download,28.0,A,United States
1083920,Dark-eyed Junco,https://xeno-canto.org/1083920/download,48.0,A,United States
1082015,Dark-eyed Junco,https://xeno-canto.org/1082015/download,37.0,A,United States
1046357,Dark-eyed Junco,https://xeno-canto.org/1046357/download,23.0,A,United States
1046356,Dark-eyed Junco,https://xeno-canto.org/1046356/download,18.0,A,United States
1038383,Dark-eyed Junco,https://xeno-canto.org/1038383/download,24.0,A,United States
1024572,Dark-eyed Junco,https://xeno-canto.org/1024572/download,19.0,A,United States
1015051,Dark-eyed Junco,https://xeno-canto.org/1015051/download,77.0,A,Canada
1014357,Dark-eyed Junco,https://xeno-canto.org/1014357/download,38.0,A,Canada
1014090,Dark-eyed Junco,https://xeno-canto.org/1014090/download,58.0,A,Canada
1013847,Dark-eyed Junco,https://xeno-canto.org/1013847/download,22.0,A,Canada
1013749,Dark-eyed Junco,https://xeno-canto.org/1013749/download,101.0,A,Canada
1013748,Dark-eyed Junco,https://xeno-canto.org/1013748/download,25.0,A,Canada
1013745,Dark-eyed Junco,https://xeno-canto.org/1013745/download,10.0,A,Canada
1013743,Dark-eyed Junco,https://xeno-canto.org/1013743/download,90.0,A,Canada
1013742,Dark-eyed Junco,https://xeno-canto.org/1013742/download,42.0,A,Canada
1012134,Dark-eyed Junco,https://xeno-canto.org/1012134/download,29.0,A,Canada
804601,Dark-eyed Junco,https://xeno-canto.org/804601/download,36.0,A,United States
797245,Dark-eyed Junco,https://xeno-canto.org/797245/download,21.0,A,United States
776032,Dark-eyed Junco,https://xeno-canto.org/776032/download,55.0,A,United States
766386,Dark-eyed Junco,https://xeno-canto.org/766386/download,22.0,A,United States
749982,Dark-eyed Junco,https://xeno-canto.org/749982/download,46.0,A,Canada
737551,Dark-eyed Junco,https://xeno-canto.org/737551/download,49.0,A,United States
735828,Dark-eyed Junco,https://xeno-canto.org/735828/download,105.0,A,United States
732715,Dark-eyed Junco,https://xeno-canto.org/732715/download,61.0,A,United States
720922,Dark-eyed Junco,https://xeno-canto.org/720922/download,18.0,A,Canada
720921,Dark-eyed Junco,https://xeno-canto.org/720921/download,38.0,A,Canada
718181,Dark-eyed Junco,https://xeno-canto.org/718181/download,112.0,A,United States
714834,Dark-eyed Junco,https://xeno-canto.org/714834/download,15.0,A,United States
691318,Dark-eyed Junco,https://xeno-canto.org/691318/download,47.0,A,United States
691316,Dark-eyed Junco,https://xeno-canto.org/691316/download,49.0,A,United States
676870,Dark-eyed Junco,https://xeno-canto.org/676870/download,27.0,A,Canada
667170,Dark-eyed Junco,https://xeno-canto.org/667170/download,34.0,A,United States
662858,Dark-eyed Junco,https://xeno-canto.org/662858/download,41.0,A,United States
638300,Dark-eyed Junco,https://xeno-canto.org/638300/download,47.0,A,United States
636425,Dark-eyed Junco,https://xeno-canto.org/636425/download,47.0,A,Canada
628051,Dark-eyed Junco,https://xeno-canto.org/628051/download,96.0,A,United States
628047,Dark-eyed Junco,https://xeno-canto.org/628047/download,99.0,A,United States
609231,Dark-eyed Junco,https://xeno-canto.org/609231/download,93.0,A,United States
606101,Dark-eyed Junco,https://xeno-canto.org/606101/download,57.0,A,United States
606100,Dark-eyed Junco,https://xeno-canto.org/606100/download,18.0,A,United States
605845,Dark-eyed Junco,https://xeno-canto.org/605845/download,110.0,A,United States
605843,Dark-eyed Junco,https://xeno-canto.org/605843/download,39.0,A,United States
600770,Dark-eyed Junco,https://xeno-canto.org/600770/download,67.0,A,United States
600769,Dark-eyed Junco,https://xeno-canto.org/600769/download,61.0,A,United States
598456,Dark-eyed Junco,https://xeno-canto.org/598456/download,70.0,A,Canada
577486,Dark-eyed Junco,https://xeno-canto.org/577486/download,49.0,A,United States
571056,Dark-eyed Junco,https://xeno-canto.org/571056/download,38.0,A,United States
571054,Dark-eyed Junco,https://xeno-canto.org/571054/download,81.0,A,United States
569535,Dark-eyed Junco,https://xeno-canto.org/569535/download,12.0,A,Canada
567901,Dark-eyed Junco,https://xeno-canto.org/567901/download,76.0,A,United States
563632,Dark-eyed Junco,https://xeno-canto.org/563632/download,15.0,A,United States
522860,Dark-eyed Junco,https://xeno-canto.org/522860/download,11.0,A,United States
497023,Dark-eyed Junco,https://xeno-canto.org/497023/download,21.0,A,Canada
487484,Dark-eyed Junco,https://xeno-canto.org/487484/download,33.0,A,Canada
487483,Dark-eyed Junco,https://xeno-canto.org/487483/download,91.0,A,Canada
477131,Dark-eyed Junco,https://xeno-canto.org/477131/download,14.0,A,United States
475740,Dark-eyed Junco,https://xeno-canto.org/475740/download,68.0,A,Canada
473419,Dark-eyed Junco,https://xeno-canto.org/473419/download,25.0,A,United States
469746,Dark-eyed Junco,https://xeno-canto.org/469746/download,25.0,A,United States
448964,Dark-eyed Junco,https://xeno-canto.org/448964/download,35.0,A,United States
421294,Dark-eyed Junco,https://xeno-canto.org/421294/download,28.0,A,United States
420400,Dark-eyed Junco,https://xeno-canto.org/420400/download,26.0,A,United States
408664,Dark-eyed Junco,https://xeno-canto.org/408664/download,22.0,A,United States
408663,Dark-eyed Junco,https://xeno-canto.org/408663/download,22.0,A,United States
408652,Dark-eyed Junco,https://xeno-canto.org/408652/download,57.0,A,United States
408651,Dark-eyed Junco,https://xeno-canto.org/408651/download,25.0,A,United States
406329,Dark-eyed Junco,https://xeno-canto.org/406329/download,62.0,A,United States
394524,Dark-eyed Junco,https://xeno-canto.org/394524/download,85.0,A,Canada
382680,Dark-eyed Junco,https://xeno-canto.org/382680/download,15.0,A,United States
381592,Dark-eyed Junco,https://xeno-canto.org/381592/download,73.0,A,United States
381590,Dark-eyed Junco,https://xeno-canto.org/381590/download,89.0,A,United States
381584,Dark-eyed Junco,https://xeno-canto.org/381584/download,25.0,A,United States
379008,Dark-eyed Junco,https://xeno-canto.org/379008/download,59.0,A,Canada
367068,Dark-eyed Junco,https://xeno-canto.org/367068/download,111.0,A,United States
365749,Dark-eyed Junco,https://xeno-canto.org/365749/download,59.0,A,United States
362894,Dark-eyed Junco,https://xeno-canto.org/362894/download,50.0,A,United States
362427,Dark-eyed Junco,https://xeno-canto.org/362427/download,13.0,A,United States
357028,Dark-eyed Junco,https://xeno-canto.org/357028/download,17.0,A,United States
353583,Dark-eyed Junco,https://xeno-canto.org/353583/download,10.0,A,United States
353513,Dark-eyed Junco,https://xeno-canto.org/353513/download,30.0,A,United States
353496,Dark-eyed Junco,https://xeno-canto.org/353496/download,51.0,A,United States
348374,Dark-eyed Junco,https://xeno-canto.org/348374/download,10.0,A,Mexico
348373,Dark-eyed Junco,https://xeno-canto.org/348373/download,98.0,A,Mexico
348371,Dark-eyed Junco,https://xeno-canto.org/348371/download,61.0,A,Mexico
348370,Dark-eyed Junco,https://xeno-canto.org/348370/download,90.0,A,Mexico
348369,Dark-eyed Junco,https://xeno-canto.org/348369/download,89.0,A,Mexico
348368,Dark-eyed Junco,https://xeno-canto.org/348368/download,60.0,A,Mexico
348367,Dark-eyed Junco,https://xeno-canto.org/348367/download,82.0,A,Mexico
348366,Dark-eyed Junco,https://xeno-canto.org/348366/download,29.0,A,Mexico
330636,Dark-eyed Junco,https://xeno-canto.org/330636/download,31.0,A,United States
327747,Dark-eyed Junco,https://xeno-canto.org/327747/download,77.0,A,United States
325254,Dark-eyed Junco,https://xeno-canto.org/325254/download,14.0,A,Canada
322995,Dark-eyed Junco,https://xeno-canto.org/322995/download,41.0,A,United States
289054,Dark-eyed Junco,https://xeno-canto.org/289054/download,25.0,A,United States
269029,Dark-eyed Junco,https://xeno-canto.org/269029/download,22.0,A,United States
269028,Dark-eyed Junco,https://xeno-canto.org/269028/download,39.0,A,United States
267999,Dark-eyed Junco,https://xeno-canto.org/267999/download,31.0,A,United States
253589,Dark-eyed Junco,https://xeno-canto.org/253589/download,99.0,A,United States
224748,Dark-eyed Junco,https://xeno-canto.org/224748/download,28.0,A,United States
224747,Dark-eyed Junco,https://xeno-canto.org/224747/download,22.0,A,United States
224746,Dark-eyed Junco,https://xeno-canto.org/224746/download,18.0,A,United States
206101,Dark-eyed Junco,https://xeno-canto.org/206101/download,46.0,A,United States
206096,Dark-eyed Junco,https://xeno-canto.org/206096/download,99.0,A,United States
195545,Dark-eyed Junco,https://xeno-canto.org/195545/download,26.0,A,Canada
195544,Dark-eyed Junco,https://xeno-canto.org/195544/download,112.0,A,Canada
195416,Dark-eyed Junco,https://xeno-canto.org/195416/download,21.0,A,Canada
193767,Dark-eyed Junco,https://xeno-canto.org/193767/download,18.0,A,Canada
192496,Dark-eyed Junco,https://xeno-canto.org/192496/download,90.0,A,Canada
192494,Dark-eyed Junco,https://xeno-canto.org/192494/download,75.0,A,Canada
189976,Dark-eyed Junco,https://xeno-canto.org/189976/download,79.0,A,Canada
189975,Dark-eyed Junco,https://xeno-canto.org/189975/download,81.0,A,Canada
186312,Dark-eyed Junco,https://xeno-canto.org/186312/download,70.0,A,Canada
181419,Dark-eyed Junco,https://xeno-canto.org/181419/download,27.0,A,United States
178940,Dark-eyed Junco,https://xeno-canto.org/178940/download,29.0,A,United States
172408,Dark-eyed Junco,https://xeno-canto.org/172408/download,37.0,A,United States
172401,Dark-eyed Junco,https://xeno-canto.org/172401/download,34.0,A,United States
169594,Dark-eyed Junco,https://xeno-canto.org/169594/download,86.0,A,United States
152586,Dark-eyed Junco,https://xeno-canto.org/152586/download,24.0,A,United States
139623,Dark-eyed Junco,https://xeno-canto.org/139623/download,69.0,A,United States
134508,Dark-eyed Junco,https://xeno-canto.org/134508/download,15.0,A,Canada
131953,Dark-eyed Junco,https://xeno-canto.org/131953/download,20.0,A,Canada
125725,Dark-eyed Junco,https://xeno-canto.org/125725/download,48.0,A,United States
125081,Dark-eyed Junco,https://xeno-canto.org/125081/download,17.0,A,United States
125078,Dark-eyed Junco,https://xeno-canto.org/125078/download,64.0,A,United States
125077,Dark-eyed Junco,https://xeno-canto.org/125077/download,50.0,A,United States
125076,Dark-eyed Junco,https://xeno-canto.org/125076/download,66.0,A,United States
125075,Dark-eyed Junco,https://xeno-canto.org/125075/download,34.0,A,United States
125073,Dark-eyed Junco,https://xeno-canto.org/125073/download,31.0,A,United States
125072,Dark-eyed Junco,https://xeno-canto.org/125072/download,26.0,A,United States
125070,Dark-eyed Junco,https://xeno-canto.org/125070/download,50.0,A,United States
125069,Dark-eyed Junco,https://xeno-canto.org/125069/download,75.0,A,United States
114667,Dark-eyed Junco,https://xeno-canto.org/114667/download,47.0,A,United States
113826,Dark-eyed Junco,https://xeno-canto.org/113826/download,31.0,A,United States
110975,Dark-eyed Junco,https://xeno-canto.org/110975/download,50.0,A,United States
109855,Dark-eyed Junco,https://xeno-canto.org/109855/download,44.0,A,United States
107854,Dark-eyed Junco,https://xeno-canto.org/107854/download,42.0,A,United States
104587,Dark-eyed Junco,https://xeno-canto.org/104587/download,32.0,A,United States
104586,Dark-eyed Junco,https://xeno-canto.org/104586/download,21.0,A,United States
104585,Dark-eyed Junco,https://xeno-canto.org/104585/download,105.0,A,United States
104584,Dark-eyed Junco,https://xeno-canto.org/104584/download,80.0,A,United States
104514,Dark-eyed Junco,https://xeno-canto.org/104514/download,35.0,A,United States
99379,Dark-eyed Junco,https://xeno-canto.org/99379/download,36.0,A,Canada
83520,Dark-eyed Junco,https://xeno-canto.org/83520/download,11.0,A,United States
79986,Dark-eyed Junco,https://xeno-canto.org/79986/download,63.0,A,United States
79618,Dark-eyed Junco,https://xeno-canto.org/79618/download,88.0,A,United States
79077,Dark-eyed Junco,https://xeno-canto.org/79077/download,15.0,A,United States
79076,Dark-eyed Junco,https://xeno-canto.org/79076/download,36.0,A,United States
76622,Dark-eyed Junco,https://xeno-canto.org/76622/download,90.0,A,United States
76621,Dark-eyed Junco,https://xeno-canto.org/76621/download,44.0,A,United States
76620,Dark-eyed Junco,https://xeno-canto.org/76620/download,62.0,A,United States
76515,Dark-eyed Junco,https://xeno-canto.org/76515/download,20.0,A,United States
72923,Dark-eyed Junco,https://xeno-canto.org/72923/download,43.0,A,United States
72013,Dark-eyed Junco,https://xeno-canto.org/72013/download,47.0,A,Mexico
72011,Dark-eyed Junco,https://xeno-canto.org/72011/download,80.0,A,Mexico
72010,Dark-eyed Junco,https://xeno-canto.org/72010/download,20.0,A,Mexico
72007,Dark-eyed Junco,https://xeno-canto.org/72007/download,36.0,A,Mexico
71990,Dark-eyed Junco,https://xeno-canto.org/71990/download,44.0,A,Mexico
71988,Dark-eyed Junco,https://xeno-canto.org/71988/download,19.0,A,Mexico
35301,Dark-eyed Junco,https://xeno-canto.org/35301/download,24.0,A,United States
22066,Dark-eyed Junco,https://xeno-canto.org/22066/download,46.0,A,United States
20831,Dark-eyed Junco,https://xeno-canto.org/20831/download,18.0,A,United States
20830,Dark-eyed Junco,https://xeno-canto.org/20830/download,41.0,A,United States
20829,Dark-eyed Junco,https://xeno-canto.org/20829/download,45.0,A,United States
14233,Dark-eyed Junco,https://xeno-canto.org/14233/download,20.0,A,United States
14232,Dark-eyed Junco,https://xeno-canto.org/14232/download,31.0,A,United States
13880,Dark-eyed Junco,https://xeno-canto.org/13880/download,40.0,A,United States
13879,Dark-eyed Junco,https://xeno-canto.org/13879/download,52.0,A,United States
13878,Dark-eyed Junco,https://xeno-canto.org/13878/download,46.0,A,United States
1139591,Dark-eyed Junco,https://xeno-canto.org/1139591/download,64.0,B,United States
1137370,Dark-eyed Junco,https://xeno-canto.org/1137370/download,61.0,B,United States
1137369,Dark-eyed Junco,https://xeno-canto.org/1137369/download,19.0,B,United States
1137368,Dark-eyed Junco,https://xeno-canto.org/1137368/download,20.0,B,United States
1133671,Dark-eyed Junco,https://xeno-canto.org/1133671/download,21.0,B,United States
1133670,Dark-eyed Junco,https://xeno-canto.org/1133670/download,50.0,B,United States
1133667,Dark-eyed Junco,https://xeno-canto.org/1133667/download,51.0,B,United States
1133666,Dark-eyed Junco,https://xeno-canto.org/1133666/download,42.0,B,United States
1105891,Dark-eyed Junco,https://xeno-canto.org/1105891/download,31.0,B,United States
1103012,Dark-eyed Junco,https://xeno-canto.org/1103012/download,32.0,B,United States
1100163,Dark-eyed Junco,https://xeno-canto.org/1100163/download,101.0,B,Canada
1094790,Dark-eyed Junco,https://xeno-canto.org/1094790/download,46.0,B,United States
1094333,Dark-eyed Junco,https://xeno-canto.org/1094333/download,95.0,B,United States
1094332,Dark-eyed Junco,https://xeno-canto.org/1094332/download,26.0,B,United States
1090407,Dark-eyed Junco,https://xeno-canto.org/1090407/download,15.0,B,United States
1089479,Dark-eyed Junco,https://xeno-canto.org/1089479/download,27.0,B,United States
1088358,Dark-eyed Junco,https://xeno-canto.org/1088358/download,86.0,B,United States
1088332,Dark-eyed Junco,https://xeno-canto.org/1088332/download,59.0,B,United States
1083922,Dark-eyed Junco,https://xeno-canto.org/1083922/download,12.0,B,United States
1083204,Dark-eyed Junco,https://xeno-canto.org/1083204/download,78.0,B,United States
1083203,Dark-eyed Junco,https://xeno-canto.org/1083203/download,63.0,B,United States
1080234,Dark-eyed Junco,https://xeno-canto.org/1080234/download,52.0,B,United States
1072498,Dark-eyed Junco,https://xeno-canto.org/1072498/download,21.0,B,United States
1065283,Dark-eyed Junco,https://xeno-canto.org/1065283/download,16.0,B,United States
1055884,Dark-eyed Junco,https://xeno-canto.org/1055884/download,59.0,B,United States
1055883,Dark-eyed Junco,https://xeno-canto.org/1055883/download,59.0,B,United States
1043879,Dark-eyed Junco,https://xeno-canto.org/1043879/download,41.0,B,United States
1035670,Dark-eyed Junco,https://xeno-canto.org/1035670/download,27.0,B,United States
1022553,Dark-eyed Junco,https://xeno-canto.org/1022553/download,32.0,B,Canada
1022552,Dark-eyed Junco,https://xeno-canto.org/1022552/download,90.0,B,Canada
1022551,Dark-eyed Junco,https://xeno-canto.org/1022551/download,75.0,B,Canada
1022549,Dark-eyed Junco,https://xeno-canto.org/1022549/download,118.0,B,Canada
1022547,Dark-eyed Junco,https://xeno-canto.org/1022547/download,11.0,B,Canada
1022538,Dark-eyed Junco,https://xeno-canto.org/1022538/download,13.0,B,Canada
1020827,Dark-eyed Junco,https://xeno-canto.org/1020827/download,46.0,B,Canada
1020826,Dark-eyed Junco,https://xeno-canto.org/1020826/download,33.0,B,Canada
1018816,Dark-eyed Junco,https://xeno-canto.org/1018816/download,111.0,B,United States
1014481,Dark-eyed Junco,https://xeno-canto.org/1014481/download,101.0,B,Canada
1014480,Dark-eyed Junco,https://xeno-canto.org/1014480/download,12.0,B,Canada
1014356,Dark-eyed Junco,https://xeno-canto.org/1014356/download,32.0,B,Canada
1010846,Dark-eyed Junco,https://xeno-canto.org/1010846/download,73.0,B,United States
1009857,Dark-eyed Junco,https://xeno-canto.org/1009857/download,32.0,B,United States
984717,Dark-eyed Junco,https://xeno-canto.org/984717/download,52.0,B,Canada
984330,Dark-eyed Junco,https://xeno-canto.org/984330/download,65.0,B,United States
946599,Dark-eyed Junco,https://xeno-canto.org/946599/download,23.0,B,United States
945851,Dark-eyed Junco,https://xeno-canto.org/945851/download,52.0,B,United States
945849,Dark-eyed Junco,https://xeno-canto.org/945849/download,51.0,B,United States
943327,Dark-eyed Junco,https://xeno-canto.org/943327/download,31.0,B,United States
935465,Dark-eyed Junco,https://xeno-canto.org/935465/download,16.0,B,United States
929919,Dark-eyed Junco,https://xeno-canto.org/929919/download,43.0,B,United States
929818,Dark-eyed Junco,https://xeno-canto.org/929818/download,15.0,B,United States
929684,Dark-eyed Junco,https://xeno-canto.org/929684/download,16.0,B,United States
926547,Dark-eyed Junco,https://xeno-canto.org/926547/download,12.0,B,United States
912035,Dark-eyed Junco,https://xeno-canto.org/912035/download,18.0,B,Canada
911998,Dark-eyed Junco,https://xeno-canto.org/911998/download,35.0,B,United States
909715,Dark-eyed Junco,https://xeno-canto.org/909715/download,16.0,B,United States
856587,Dark-eyed Junco,https://xeno-canto.org/856587/download,44.0,B,United States
845605,Dark-eyed Junco,https://xeno-canto.org/845605/download,31.0,B,United States
839240,Dark-eyed Junco,https://xeno-canto.org/839240/download,13.0,B,United States
812920,Dark-eyed Junco,https://xeno-canto.org/812920/download,46.0,B,United States
804568,Dark-eyed Junco,https://xeno-canto.org/804568/download,23.0,B,United States
801708,Dark-eyed Junco,https://xeno-canto.org/801708/download,22.0,B,Canada
786550,Dark-eyed Junco,https://xeno-canto.org/786550/download,18.0,B,United States
785275,Dark-eyed Junco,https://xeno-canto.org/785275/download,29.0,B,United States
785274,Dark-eyed Junco,https://xeno-canto.org/785274/download,56.0,B,United States
785273,Dark-eyed Junco,https://xeno-canto.org/785273/download,34.0,B,United States
783591,Dark-eyed Junco,https://xeno-canto.org/783591/download,57.0,B,United States
783590,Dark-eyed Junco,https://xeno-canto.org/783590/download,77.0,B,United States
778041,Dark-eyed Junco,https://xeno-canto.org/778041/download,25.0,B,Canada
771793,Dark-eyed Junco,https://xeno-canto.org/771793/download,22.0,B,United States
767490,Dark-eyed Junco,https://xeno-canto.org/767490/download,19.0,B,United States
743168,Dark-eyed Junco,https://xeno-canto.org/743168/download,80.0,B,United States
731844,Dark-eyed Junco,https://xeno-canto.org/731844/download,63.0,B,United States
731843,Dark-eyed Junco,https://xeno-canto.org/731843/download,18.0,B,United States
729535,Dark-eyed Junco,https://xeno-canto.org/729535/download,29.0,B,Canada
729534,Dark-eyed Junco,https://xeno-canto.org/729534/download,10.0,B,Canada
727513,Dark-eyed Junco,https://xeno-canto.org/727513/download,29.0,B,United States
727505,Dark-eyed Junco,https://xeno-canto.org/727505/download,30.0,B,United States
725633,Dark-eyed Junco,https://xeno-canto.org/725633/download,61.0,B,Canada
720920,Dark-eyed Junco,https://xeno-canto.org/720920/download,21.0,B,Canada
718210,Dark-eyed Junco,https://xeno-canto.org/718210/download,86.0,B,United States
718203,Dark-eyed Junco,https://xeno-canto.org/718203/download,100.0,B,United States
718196,Dark-eyed Junco,https://xeno-canto.org/718196/download,11.0,B,United States
718195,Dark-eyed Junco,https://xeno-canto.org/718195/download,32.0,B,United States
718191,Dark-eyed Junco,https://xeno-canto.org/718191/download,108.0,B,United States
718167,Dark-eyed Junco,https://xeno-canto.org/718167/download,15.0,B,United States
718153,Dark-eyed Junco,https://xeno-canto.org/718153/download,24.0,B,United States
716061,Dark-eyed Junco,https://xeno-canto.org/716061/download,21.0,B,United States
714338,Dark-eyed Junco,https://xeno-canto.org/714338/download,18.0,B,United States
714337,Dark-eyed Junco,https://xeno-canto.org/714337/download,17.0,B,United States
714315,Dark-eyed Junco,https://xeno-canto.org/714315/download,79.0,B,United States
713868,Dark-eyed Junco,https://xeno-canto.org/713868/download,23.0,B,United States
710152,Dark-eyed Junco,https://xeno-canto.org/710152/download,25.0,B,United States
705111,Dark-eyed Junco,https://xeno-canto.org/705111/download,31.0,B,United States
703742,Dark-eyed Junco,https://xeno-canto.org/703742/download,39.0,B,United States
694240,Dark-eyed Junco,https://xeno-canto.org/694240/download,64.0,B,Canada
691317,Dark-eyed Junco,https://xeno-canto.org/691317/download,107.0,B,United States
680356,Dark-eyed Junco,https://xeno-canto.org/680356/download,13.0,B,United States
669690,Dark-eyed Junco,https://xeno-canto.org/669690/download,39.0,B,United States
660594,Dark-eyed Junco,https://xeno-canto.org/660594/download,24.0,B,United States
660255,Dark-eyed Junco,https://xeno-canto.org/660255/download,21.0,B,United States
657208,Dark-eyed Junco,https://xeno-canto.org/657208/download,23.0,B,United States
657207,Dark-eyed Junco,https://xeno-canto.org/657207/download,43.0,B,United States
652402,Dark-eyed Junco,https://xeno-canto.org/652402/download,21.0,B,Canada
648078,Dark-eyed Junco,https://xeno-canto.org/648078/download,22.0,B,Canada
638299,Dark-eyed Junco,https://xeno-canto.org/638299/download,107.0,B,United States
636426,Dark-eyed Junco,https://xeno-canto.org/636426/download,45.0,B,Canada
636424,Dark-eyed Junco,https://xeno-canto.org/636424/download,61.0,B,Canada
636156,Dark-eyed Junco,https://xeno-canto.org/636156/download,56.0,B,Canada
636026,Dark-eyed Junco,https://xeno-canto.org/636026/download,85.0,B,United States
634303,Dark-eyed Junco,https://xeno-canto.org/634303/download,116.0,B,United States
632617,Dark-eyed Junco,https://xeno-canto.org/632617/download,27.0,B,United States
631651,Dark-eyed Junco,https://xeno-canto.org/631651/download,24.0,B,United States
628059,Dark-eyed Junco,https://xeno-canto.org/628059/download,66.0,B,United States
628056,Dark-eyed Junco,https://xeno-canto.org/628056/download,31.0,B,United States
628052,Dark-eyed Junco,https://xeno-canto.org/628052/download,108.0,B,United States
611019,Dark-eyed Junco,https://xeno-canto.org/611019/download,41.0,B,United States
605844,Dark-eyed Junco,https://xeno-canto.org/605844/download,100.0,B,United States
605343,Dark-eyed Junco,https://xeno-canto.org/605343/download,45.0,B,United States
604956,Dark-eyed Junco,https://xeno-canto.org/604956/download,58.0,B,United States
601092,Dark-eyed Junco,https://xeno-canto.org/601092/download,39.0,B,Canada
600771,Dark-eyed Junco,https://xeno-canto.org/600771/download,71.0,B,United States
600767,Dark-eyed Junco,https://xeno-canto.org/600767/download,51.0,B,United States
582574,Dark-eyed Junco,https://xeno-canto.org/582574/download,33.0,B,United States
582530,Dark-eyed Junco,https://xeno-canto.org/582530/download,25.0,B,United States
578965,Dark-eyed Junco,https://xeno-canto.org/578965/download,28.0,B,United States
578504,Dark-eyed Junco,https://xeno-canto.org/578504/download,48.0,B,United States
571074,Dark-eyed Junco,https://xeno-canto.org/571074/download,44.0,B,United States
571055,Dark-eyed Junco,https://xeno-canto.org/571055/download,42.0,B,United States
571052,Dark-eyed Junco,https://xeno-canto.org/571052/download,10.0,B,United States
570242,Dark-eyed Junco,https://xeno-canto.org/570242/download,33.0,B,United States
567924,Dark-eyed Junco,https://xeno-canto.org/567924/download,86.0,B,United States
563732,Dark-eyed Junco,https://xeno-canto.org/563732/download,75.0,B,United States
563730,Dark-eyed Junco,https://xeno-canto.org/563730/download,88.0,B,United States
563644,Dark-eyed Junco,https://xeno-canto.org/563644/download,27.0,B,United States
561763,Dark-eyed Junco,https://xeno-canto.org/561763/download,43.0,B,United States
554504,Dark-eyed Junco,https://xeno-canto.org/554504/download,25.0,B,United States
554463,Dark-eyed Junco,https://xeno-canto.org/554463/download,25.0,B,United States
553357,Dark-eyed Junco,https://xeno-canto.org/553357/download,17.0,B,United States
553317,Dark-eyed Junco,https://xeno-canto.org/553317/download,17.0,B,United States
539422,Dark-eyed Junco,https://xeno-canto.org/539422/download,52.0,B,United States
538591,Dark-eyed Junco,https://xeno-canto.org/538591/download,36.0,B,United States
483713,Dark-eyed Junco,https://xeno-canto.org/483713/download,37.0,B,United States
481068,Dark-eyed Junco,https://xeno-canto.org/481068/download,21.0,B,United States
479476,Dark-eyed Junco,https://xeno-canto.org/479476/download,67.0,B,United States
474561,Dark-eyed Junco,https://xeno-canto.org/474561/download,13.0,B,United States
473421,Dark-eyed Junco,https://xeno-canto.org/473421/download,39.0,B,United States
467320,Dark-eyed Junco,https://xeno-canto.org/467320/download,63.0,B,United States
449495,Dark-eyed Junco,https://xeno-canto.org/449495/download,82.0,B,United States
445568,Dark-eyed Junco,https://xeno-canto.org/445568/download,118.0,B,Canada
444869,Dark-eyed Junco,https://xeno-canto.org/444869/download,56.0,B,United States
433230,Dark-eyed Junco,https://xeno-canto.org/433230/download,17.0,B,United States
421265,Dark-eyed Junco,https://xeno-canto.org/421265/download,29.0,B,United States
415745,Dark-eyed Junco,https://xeno-canto.org/415745/download,89.0,B,United States
413015,Dark-eyed Junco,https://xeno-canto.org/413015/download,42.0,B,United States
409014,Dark-eyed Junco,https://xeno-canto.org/409014/download,15.0,B,United States
408768,Dark-eyed Junco,https://xeno-canto.org/408768/download,41.0,B,United States
408653,Dark-eyed Junco,https://xeno-canto.org/408653/download,61.0,B,United States
408142,Dark-eyed Junco,https://xeno-canto.org/408142/download,13.0,B,United States
406259,Dark-eyed Junco,https://xeno-canto.org/406259/download,77.0,B,United States
404296,Dark-eyed Junco,https://xeno-canto.org/404296/download,54.0,B,United States
391425,Dark-eyed Junco,https://xeno-canto.org/391425/download,26.0,B,United States
382749,Dark-eyed Junco,https://xeno-canto.org/382749/download,12.0,B,Canada
379274,Dark-eyed Junco,https://xeno-canto.org/379274/download,52.0,B,United States
379007,Dark-eyed Junco,https://xeno-canto.org/379007/download,56.0,B,Canada
377735,Dark-eyed Junco,https://xeno-canto.org/377735/download,34.0,B,United States
373781,Dark-eyed Junco,https://xeno-canto.org/373781/download,112.0,B,United States
371882,Dark-eyed Junco,https://xeno-canto.org/371882/download,15.0,B,United States
369695,Dark-eyed Junco,https://xeno-canto.org/369695/download,42.0,B,United States
369689,Dark-eyed Junco,https://xeno-canto.org/369689/download,21.0,B,United States
368608,Dark-eyed Junco,https://xeno-canto.org/368608/download,46.0,B,United States
368497,Dark-eyed Junco,https://xeno-canto.org/368497/download,18.0,B,United States
367058,Dark-eyed Junco,https://xeno-canto.org/367058/download,23.0,B,United States
363228,Dark-eyed Junco,https://xeno-canto.org/363228/download,98.0,B,United States
363160,Dark-eyed Junco,https://xeno-canto.org/363160/download,33.0,B,United States
362429,Dark-eyed Junco,https://xeno-canto.org/362429/download,25.0,B,United States
362348,Dark-eyed Junco,https://xeno-canto.org/362348/download,56.0,B,United States
362028,Dark-eyed Junco,https://xeno-canto.org/362028/download,10.0,B,United States
353695,Dark-eyed Junco,https://xeno-canto.org/353695/download,26.0,B,United States
340518,Dark-eyed Junco,https://xeno-canto.org/340518/download,48.0,B,United States
324192,Dark-eyed Junco,https://xeno-canto.org/324192/download,40.0,B,United States
323892,Dark-eyed Junco,https://xeno-canto.org/323892/download,26.0,B,United States
323210,Dark-eyed Junco,https://xeno-canto.org/323210/download,18.0,B,United States
323024,Dark-eyed Junco,https://xeno-canto.org/323024/download,49.0,B,United States
321210,Dark-eyed Junco,https://xeno-canto.org/321210/download,14.0,B,United States
319370,Dark-eyed Junco,https://xeno-canto.org/319370/download,31.0,B,Canada
314957,Dark-eyed Junco,https://xeno-canto.org/314957/download,58.0,B,United States
314047,Dark-eyed Junco,https://xeno-canto.org/314047/download,21.0,B,United States
313672,Dark-eyed Junco,https://xeno-canto.org/313672/download,26.0,B,United States
313196,Dark-eyed Junco,https://xeno-canto.org/313196/download,31.0,B,United States
309041,Dark-eyed Junco,https://xeno-canto.org/309041/download,10.0,B,Canada
306660,Dark-eyed Junco,https://xeno-canto.org/306660/download,49.0,B,United States
293801,Dark-eyed Junco,https://xeno-canto.org/293801/download,96.0,B,United States
292089,Dark-eyed Junco,https://xeno-canto.org/292089/download,15.0,B,United States
289724,Dark-eyed Junco,https://xeno-canto.org/289724/download,38.0,B,United States
289053,Dark-eyed Junco,https://xeno-canto.org/289053/download,68.0,B,United States
288004,Dark-eyed Junco,https://xeno-canto.org/288004/download,16.0,B,United States
287996,Dark-eyed Junco,https://xeno-canto.org/287996/download,11.0,B,United States
287575,Dark-eyed Junco,https://xeno-canto.org/287575/download,32.0,B,Netherlands
283696,Dark-eyed Junco,https://xeno-canto.org/283696/download,32.0,B,United States
283695,Dark-eyed Junco,https://xeno-canto.org/283695/download,19.0,B,United States
277814,Dark-eyed Junco,https://xeno-canto.org/277814/download,13.0,B,United States
277801,Dark-eyed Junco,https://xeno-canto.org/277801/download,19.0,B,United States
269461,Dark-eyed Junco,https://xeno-canto.org/269461/download,62.0,B,United States
269107,Dark-eyed Junco,https://xeno-canto.org/269107/download,30.0,B,United States
269060,Dark-eyed Junco,https://xeno-canto.org/269060/download,73.0,B,United States
269055,Dark-eyed Junco,https://xeno-canto.org/269055/download,62.0,B,United States
269019,Dark-eyed Junco,https://xeno-canto.org/269019/download,54.0,B,United States
253373,Dark-eyed Junco,https://xeno-canto.org/253373/download,67.0,B,United States
244413,Dark-eyed Junco,https://xeno-canto.org/244413/download,23.0,B,United States
234347,Dark-eyed Junco,https://xeno-canto.org/234347/download,19.0,B,United States
224752,Dark-eyed Junco,https://xeno-canto.org/224752/download,23.0,B,United States
224751,Dark-eyed Junco,https://xeno-canto.org/224751/download,32.0,B,United States
218793,Dark-eyed Junco,https://xeno-canto.org/218793/download,112.0,B,United States
218790,Dark-eyed Junco,https://xeno-canto.org/218790/download,29.0,B,United States
218787,Dark-eyed Junco,https://xeno-canto.org/218787/download,64.0,B,United States
216187,Dark-eyed Junco,https://xeno-canto.org/216187/download,19.0,B,United States
206100,Dark-eyed Junco,https://xeno-canto.org/206100/download,103.0,B,United States
193046,Dark-eyed Junco,https://xeno-canto.org/193046/download,54.0,B,Canada
192493,Dark-eyed Junco,https://xeno-canto.org/192493/download,88.0,B,Canada
188355,Dark-eyed Junco,https://xeno-canto.org/188355/download,21.0,B,Canada
183582,Dark-eyed Junco,https://xeno-canto.org/183582/download,30.0,B,Canada
172994,Dark-eyed Junco,https://xeno-canto.org/172994/download,48.0,B,United States
172444,Dark-eyed Junco,https://xeno-canto.org/172444/download,84.0,B,United States
172430,Dark-eyed Junco,https://xeno-canto.org/172430/download,22.0,B,United States
171879,Dark-eyed Junco,https://xeno-canto.org/171879/download,25.0,B,United States
169519,Dark-eyed Junco,https://xeno-canto.org/169519/download,85.0,B,United States
169518,Dark-eyed Junco,https://xeno-canto.org/169518/download,49.0,B,United States
160195,Dark-eyed Junco,https://xeno-canto.org/160195/download,75.0,B,Canada
1133843,American Crow,https://xeno-canto.org/1133843/download,35.0,A,United States
1104243,American Crow,https://xeno-canto.org/1104243/download,28.0,A,United States
1058578,American Crow,https://xeno-canto.org/1058578/download,109.0,A,Canada
1039176,American Crow,https://xeno-canto.org/1039176/download,96.0,A,United States
1034477,American Crow,https://xeno-canto.org/1034477/download,34.0,A,United States
1031083,American Crow,https://xeno-canto.org/1031083/download,99.0,A,Canada
1020220,American Crow,https://xeno-canto.org/1020220/download,29.0,A,Canada
1020218,American Crow,https://xeno-canto.org/1020218/download,76.0,A,Canada
1013832,American Crow,https://xeno-canto.org/1013832/download,77.0,A,Canada
1013378,American Crow,https://xeno-canto.org/1013378/download,42.0,A,Canada
1012927,American Crow,https://xeno-canto.org/1012927/download,23.0,A,Canada
1012500,American Crow,https://xeno-canto.org/1012500/download,60.0,A,Canada
1012499,American Crow,https://xeno-canto.org/1012499/download,27.0,A,Canada
1012498,American Crow,https://xeno-canto.org/1012498/download,38.0,A,Canada
1012136,American Crow,https://xeno-canto.org/1012136/download,43.0,A,Canada
1007629,American Crow,https://xeno-canto.org/1007629/download,63.0,A,United States
984442,American Crow,https://xeno-canto.org/984442/download,87.0,A,United States
973034,American Crow,https://xeno-canto.org/973034/download,24.0,A,United States
964161,American Crow,https://xeno-canto.org/964161/download,30.0,A,United States
958966,American Crow,https://xeno-canto.org/958966/download,11.0,A,United States
952207,American Crow,https://xeno-canto.org/952207/download,75.0,A,United States
949456,American Crow,https://xeno-canto.org/949456/download,34.0,A,United States
928007,American Crow,https://xeno-canto.org/928007/download,59.0,A,United States
926363,American Crow,https://xeno-canto.org/926363/download,26.0,A,Canada
924638,American Crow,https://xeno-canto.org/924638/download,106.0,A,United States
924636,American Crow,https://xeno-canto.org/924636/download,61.0,A,United States
924634,American Crow,https://xeno-canto.org/924634/download,76.0,A,United States
924633,American Crow,https://xeno-canto.org/924633/download,65.0,A,United States
924631,American Crow,https://xeno-canto.org/924631/download,66.0,A,United States
924626,American Crow,https://xeno-canto.org/924626/download,23.0,A,United States
924621,American Crow,https://xeno-canto.org/924621/download,19.0,A,United States
905503,American Crow,https://xeno-canto.org/905503/download,76.0,A,United States
839179,American Crow,https://xeno-canto.org/839179/download,40.0,A,Canada
833456,American Crow,https://xeno-canto.org/833456/download,33.0,A,Canada
828487,American Crow,https://xeno-canto.org/828487/download,28.0,A,United States
826912,American Crow,https://xeno-canto.org/826912/download,34.0,A,United States
817992,American Crow,https://xeno-canto.org/817992/download,23.0,A,United States
813075,American Crow,https://xeno-canto.org/813075/download,45.0,A,Canada
807484,American Crow,https://xeno-canto.org/807484/download,48.0,A,United States
762167,American Crow,https://xeno-canto.org/762167/download,31.0,A,United States
762166,American Crow,https://xeno-canto.org/762166/download,66.0,A,United States
753154,American Crow,https://xeno-canto.org/753154/download,16.0,A,Canada
753122,American Crow,https://xeno-canto.org/753122/download,22.0,A,Canada
726412,American Crow,https://xeno-canto.org/726412/download,21.0,A,United States
722766,American Crow,https://xeno-canto.org/722766/download,36.0,A,United States
713256,American Crow,https://xeno-canto.org/713256/download,47.0,A,United States
708836,American Crow,https://xeno-canto.org/708836/download,31.0,A,United States
698321,American Crow,https://xeno-canto.org/698321/download,20.0,A,United States
692655,American Crow,https://xeno-canto.org/692655/download,97.0,A,Canada
691531,American Crow,https://xeno-canto.org/691531/download,101.0,A,United States
691189,American Crow,https://xeno-canto.org/691189/download,30.0,A,United States
682568,American Crow,https://xeno-canto.org/682568/download,77.0,A,United States
667361,American Crow,https://xeno-canto.org/667361/download,48.0,A,United States
658087,American Crow,https://xeno-canto.org/658087/download,63.0,A,United States
656092,American Crow,https://xeno-canto.org/656092/download,117.0,A,United States
653041,American Crow,https://xeno-canto.org/653041/download,34.0,A,Canada
649367,American Crow,https://xeno-canto.org/649367/download,18.0,A,United States
645148,American Crow,https://xeno-canto.org/645148/download,34.0,A,United States
638328,American Crow,https://xeno-canto.org/638328/download,40.0,A,United States
630422,American Crow,https://xeno-canto.org/630422/download,31.0,A,United States
630418,American Crow,https://xeno-canto.org/630418/download,45.0,A,United States
630414,American Crow,https://xeno-canto.org/630414/download,35.0,A,United States
627562,American Crow,https://xeno-canto.org/627562/download,63.0,A,Canada
626214,American Crow,https://xeno-canto.org/626214/download,19.0,A,Canada
612911,American Crow,https://xeno-canto.org/612911/download,52.0,A,Canada
597661,American Crow,https://xeno-canto.org/597661/download,10.0,A,Canada
575220,American Crow,https://xeno-canto.org/575220/download,44.0,A,United States
574517,American Crow,https://xeno-canto.org/574517/download,78.0,A,United States
569711,American Crow,https://xeno-canto.org/569711/download,41.0,A,United States
569624,American Crow,https://xeno-canto.org/569624/download,32.0,A,United States
568365,American Crow,https://xeno-canto.org/568365/download,78.0,A,United States
568327,American Crow,https://xeno-canto.org/568327/download,74.0,A,United States
561291,American Crow,https://xeno-canto.org/561291/download,52.0,A,United States
556240,American Crow,https://xeno-canto.org/556240/download,13.0,A,United States
550085,American Crow,https://xeno-canto.org/550085/download,17.0,A,United States
543339,American Crow,https://xeno-canto.org/543339/download,11.0,A,United States
534339,American Crow,https://xeno-canto.org/534339/download,45.0,A,United States
516376,American Crow,https://xeno-canto.org/516376/download,14.0,A,United States
513351,American Crow,https://xeno-canto.org/513351/download,108.0,A,United States
509703,American Crow,https://xeno-canto.org/509703/download,55.0,A,Canada
506622,American Crow,https://xeno-canto.org/506622/download,32.0,A,United States
496356,American Crow,https://xeno-canto.org/496356/download,69.0,A,United States
496354,American Crow,https://xeno-canto.org/496354/download,31.0,A,United States
481933,American Crow,https://xeno-canto.org/481933/download,39.0,A,United States
481136,American Crow,https://xeno-canto.org/481136/download,26.0,A,United States
480052,American Crow,https://xeno-canto.org/480052/download,78.0,A,United States
460987,American Crow,https://xeno-canto.org/460987/download,39.0,A,United States
456644,American Crow,https://xeno-canto.org/456644/download,112.0,A,United States
454252,American Crow,https://xeno-canto.org/454252/download,52.0,A,United States
451209,American Crow,https://xeno-canto.org/451209/download,40.0,A,United States
448753,American Crow,https://xeno-canto.org/448753/download,99.0,A,United States
424738,American Crow,https://xeno-canto.org/424738/download,45.0,A,United States
420584,American Crow,https://xeno-canto.org/420584/download,31.0,A,United States
414931,American Crow,https://xeno-canto.org/414931/download,100.0,A,United States
414021,American Crow,https://xeno-canto.org/414021/download,35.0,A,United States
413030,American Crow,https://xeno-canto.org/413030/download,11.0,A,United States
409010,American Crow,https://xeno-canto.org/409010/download,67.0,A,United States
406307,American Crow,https://xeno-canto.org/406307/download,63.0,A,United States
406306,American Crow,https://xeno-canto.org/406306/download,26.0,A,United States
406305,American Crow,https://xeno-canto.org/406305/download,44.0,A,United States
406303,American Crow,https://xeno-canto.org/406303/download,63.0,A,United States
393299,American Crow,https://xeno-canto.org/393299/download,111.0,A,United States
388685,American Crow,https://xeno-canto.org/388685/download,10.0,A,United States
383428,American Crow,https://xeno-canto.org/383428/download,13.0,A,Canada
381507,American Crow,https://xeno-canto.org/381507/download,64.0,A,United States
371062,American Crow,https://xeno-canto.org/371062/download,20.0,A,United States
364635,American Crow,https://xeno-canto.org/364635/download,53.0,A,United States
363862,American Crow,https://xeno-canto.org/363862/download,45.0,A,United States
354832,American Crow,https://xeno-canto.org/354832/download,26.0,A,United States
354831,American Crow,https://xeno-canto.org/354831/download,44.0,A,United States
345874,American Crow,https://xeno-canto.org/345874/download,24.0,A,United States
333146,American Crow,https://xeno-canto.org/333146/download,33.0,A,United States
332328,American Crow,https://xeno-canto.org/332328/download,74.0,A,United States
328542,American Crow,https://xeno-canto.org/328542/download,13.0,A,United States
325935,American Crow,https://xeno-canto.org/325935/download,18.0,A,Canada
320383,American Crow,https://xeno-canto.org/320383/download,27.0,A,United States
318014,American Crow,https://xeno-canto.org/318014/download,38.0,A,United States
317205,American Crow,https://xeno-canto.org/317205/download,27.0,A,United States
316302,American Crow,https://xeno-canto.org/316302/download,57.0,A,United States
315688,American Crow,https://xeno-canto.org/315688/download,50.0,A,United States
314874,American Crow,https://xeno-canto.org/314874/download,22.0,A,United States
296308,American Crow,https://xeno-canto.org/296308/download,23.0,A,United States
293291,American Crow,https://xeno-canto.org/293291/download,62.0,A,Canada
289011,American Crow,https://xeno-canto.org/289011/download,15.0,A,United States
279723,American Crow,https://xeno-canto.org/279723/download,10.0,A,United States
279721,American Crow,https://xeno-canto.org/279721/download,39.0,A,United States
277023,American Crow,https://xeno-canto.org/277023/download,60.0,A,United States
233496,American Crow,https://xeno-canto.org/233496/download,18.0,A,United States
197260,American Crow,https://xeno-canto.org/197260/download,74.0,A,United States
197259,American Crow,https://xeno-canto.org/197259/download,20.0,A,United States
193112,American Crow,https://xeno-canto.org/193112/download,89.0,A,Canada
193111,American Crow,https://xeno-canto.org/193111/download,80.0,A,Canada
191952,American Crow,https://xeno-canto.org/191952/download,57.0,A,United States
191185,American Crow,https://xeno-canto.org/191185/download,23.0,A,United States
188842,American Crow,https://xeno-canto.org/188842/download,113.0,A,United States
187483,American Crow,https://xeno-canto.org/187483/download,93.0,A,Canada
187481,American Crow,https://xeno-canto.org/187481/download,26.0,A,United States
182403,American Crow,https://xeno-canto.org/182403/download,58.0,A,Canada
181497,American Crow,https://xeno-canto.org/181497/download,84.0,A,United States
179103,American Crow,https://xeno-canto.org/179103/download,37.0,A,Canada
172878,American Crow,https://xeno-canto.org/172878/download,20.0,A,United States
172875,American Crow,https://xeno-canto.org/172875/download,49.0,A,United States
172427,American Crow,https://xeno-canto.org/172427/download,69.0,A,United States
163637,American Crow,https://xeno-canto.org/163637/download,12.0,A,Canada
160878,American Crow,https://xeno-canto.org/160878/download,93.0,A,United States
160098,American Crow,https://xeno-canto.org/160098/download,104.0,A,Canada
157656,American Crow,https://xeno-canto.org/157656/download,107.0,A,Canada
141751,American Crow,https://xeno-canto.org/141751/download,33.0,A,United States
141750,American Crow,https://xeno-canto.org/141750/download,33.0,A,United States
137865,American Crow,https://xeno-canto.org/137865/download,45.0,A,United States
134495,American Crow,https://xeno-canto.org/134495/download,47.0,A,Canada
131447,American Crow,https://xeno-canto.org/131447/download,57.0,A,United States
131445,American Crow,https://xeno-canto.org/131445/download,10.0,A,United States
115940,American Crow,https://xeno-canto.org/115940/download,57.0,A,United States
115939,American Crow,https://xeno-canto.org/115939/download,58.0,A,United States
115938,American Crow,https://xeno-canto.org/115938/download,54.0,A,United States
114561,American Crow,https://xeno-canto.org/114561/download,11.0,A,United States
114560,American Crow,https://xeno-canto.org/114560/download,28.0,A,United States
114559,American Crow,https://xeno-canto.org/114559/download,31.0,A,United States
114557,American Crow,https://xeno-canto.org/114557/download,24.0,A,United States
114556,American Crow,https://xeno-canto.org/114556/download,26.0,A,United States
114555,American Crow,https://xeno-canto.org/114555/download,18.0,A,United States
114552,American Crow,https://xeno-canto.org/114552/download,16.0,A,United States
114551,American Crow,https://xeno-canto.org/114551/download,11.0,A,United States
114550,American Crow,https://xeno-canto.org/114550/download,17.0,A,United States
109769,American Crow,https://xeno-canto.org/109769/download,39.0,A,United States
109768,American Crow,https://xeno-canto.org/109768/download,16.0,A,United States
109767,American Crow,https://xeno-canto.org/109767/download,62.0,A,United States
109766,American Crow,https://xeno-canto.org/109766/download,16.0,A,United States
109765,American Crow,https://xeno-canto.org/109765/download,17.0,A,United States
109698,American Crow,https://xeno-canto.org/109698/download,20.0,A,United States
104835,American Crow,https://xeno-canto.org/104835/download,29.0,A,United States
104834,American Crow,https://xeno-canto.org/104834/download,73.0,A,United States
98890,American Crow,https://xeno-canto.org/98890/download,49.0,A,United States
92058,American Crow,https://xeno-canto.org/92058/download,93.0,A,United States
92057,American Crow,https://xeno-canto.org/92057/download,74.0,A,United States
92055,American Crow,https://xeno-canto.org/92055/download,44.0,A,United States
90534,American Crow,https://xeno-canto.org/90534/download,23.0,A,United States
76435,American Crow,https://xeno-canto.org/76435/download,42.0,A,United States
76434,American Crow,https://xeno-canto.org/76434/download,28.0,A,United States
76433,American Crow,https://xeno-canto.org/76433/download,14.0,A,United States
72978,American Crow,https://xeno-canto.org/72978/download,49.0,A,United States
72977,American Crow,https://xeno-canto.org/72977/download,28.0,A,United States
43850,American Crow,https://xeno-canto.org/43850/download,35.0,A,United States
37386,American Crow,https://xeno-canto.org/37386/download,11.0,A,Canada
29506,American Crow,https://xeno-canto.org/29506/download,39.0,A,United States
18389,American Crow,https://xeno-canto.org/18389/download,11.0,A,United States
12786,American Crow,https://xeno-canto.org/12786/download,55.0,A,United States
1135799,American Crow,https://xeno-canto.org/1135799/download,35.0,B,United States
1090855,American Crow,https://xeno-canto.org/1090855/download,39.0,B,United States
1090854,American Crow,https://xeno-canto.org/1090854/download,63.0,B,United States
1051321,American Crow,https://xeno-canto.org/1051321/download,47.0,B,United States
1037003,American Crow,https://xeno-canto.org/1037003/download,47.0,B,United States
1034481,American Crow,https://xeno-canto.org/1034481/download,18.0,B,Canada
1022426,American Crow,https://xeno-canto.org/1022426/download,14.0,B,Canada
1022424,American Crow,https://xeno-canto.org/1022424/download,27.0,B,Canada
1020245,American Crow,https://xeno-canto.org/1020245/download,28.0,B,Canada
1020244,American Crow,https://xeno-canto.org/1020244/download,37.0,B,Canada
1020243,American Crow,https://xeno-canto.org/1020243/download,97.0,B,Canada
1020242,American Crow,https://xeno-canto.org/1020242/download,13.0,B,Canada
1020241,American Crow,https://xeno-canto.org/1020241/download,12.0,B,Canada
1020240,American Crow,https://xeno-canto.org/1020240/download,89.0,B,Canada
1020238,American Crow,https://xeno-canto.org/1020238/download,111.0,B,Canada
1020237,American Crow,https://xeno-canto.org/1020237/download,41.0,B,Canada
1020236,American Crow,https://xeno-canto.org/1020236/download,116.0,B,Canada
1020235,American Crow,https://xeno-canto.org/1020235/download,93.0,B,Canada
1020234,American Crow,https://xeno-canto.org/1020234/download,36.0,B,Canada
1020232,American Crow,https://xeno-canto.org/1020232/download,54.0,B,Canada
1020231,American Crow,https://xeno-canto.org/1020231/download,47.0,B,Canada
1020228,American Crow,https://xeno-canto.org/1020228/download,27.0,B,Canada
1020227,American Crow,https://xeno-canto.org/1020227/download,46.0,B,Canada
1020226,American Crow,https://xeno-canto.org/1020226/download,100.0,B,Canada
1020224,American Crow,https://xeno-canto.org/1020224/download,40.0,B,Canada
1020223,American Crow,https://xeno-canto.org/1020223/download,77.0,B,Canada
1020222,American Crow,https://xeno-canto.org/1020222/download,36.0,B,Canada
1020221,American Crow,https://xeno-canto.org/1020221/download,108.0,B,Canada
1020217,American Crow,https://xeno-canto.org/1020217/download,107.0,B,Canada
1020215,American Crow,https://xeno-canto.org/1020215/download,80.0,B,Canada
1013943,American Crow,https://xeno-canto.org/1013943/download,19.0,B,Canada
1013240,American Crow,https://xeno-canto.org/1013240/download,21.0,B,Canada
1013239,American Crow,https://xeno-canto.org/1013239/download,52.0,B,Canada
1011813,American Crow,https://xeno-canto.org/1011813/download,34.0,B,United States
1010432,American Crow,https://xeno-canto.org/1010432/download,61.0,B,Canada
994351,American Crow,https://xeno-canto.org/994351/download,58.0,B,Canada
963209,American Crow,https://xeno-canto.org/963209/download,26.0,B,United States
947716,American Crow,https://xeno-canto.org/947716/download,76.0,B,United States
911960,American Crow,https://xeno-canto.org/911960/download,18.0,B,Canada
911375,American Crow,https://xeno-canto.org/911375/download,22.0,B,Canada
896365,American Crow,https://xeno-canto.org/896365/download,23.0,B,United States
857348,American Crow,https://xeno-canto.org/857348/download,50.0,B,United States
840365,American Crow,https://xeno-canto.org/840365/download,66.0,B,United States
840256,American Crow,https://xeno-canto.org/840256/download,71.0,B,United States
834319,American Crow,https://xeno-canto.org/834319/download,11.0,B,United States
815111,American Crow,https://xeno-canto.org/815111/download,55.0,B,United States
783588,American Crow,https://xeno-canto.org/783588/download,30.0,B,United States
782271,American Crow,https://xeno-canto.org/782271/download,39.0,B,United States
780198,American Crow,https://xeno-canto.org/780198/download,35.0,B,Canada
754449,American Crow,https://xeno-canto.org/754449/download,83.0,B,Canada
749901,American Crow,https://xeno-canto.org/749901/download,61.0,B,Canada
741539,American Crow,https://xeno-canto.org/741539/download,54.0,B,Canada
703718,American Crow,https://xeno-canto.org/703718/download,44.0,B,United States
698541,American Crow,https://xeno-canto.org/698541/download,32.0,B,Canada
686189,American Crow,https://xeno-canto.org/686189/download,55.0,B,United States
639144,American Crow,https://xeno-canto.org/639144/download,31.0,B,United States
636546,American Crow,https://xeno-canto.org/636546/download,30.0,B,Canada
636423,American Crow,https://xeno-canto.org/636423/download,36.0,B,Canada
636422,American Crow,https://xeno-canto.org/636422/download,22.0,B,Canada
620528,American Crow,https://xeno-canto.org/620528/download,49.0,B,United States
600280,American Crow,https://xeno-canto.org/600280/download,29.0,B,United States
599335,American Crow,https://xeno-canto.org/599335/download,13.0,B,United States
578154,American Crow,https://xeno-canto.org/578154/download,10.0,B,United States
533366,American Crow,https://xeno-canto.org/533366/download,19.0,B,United States
509710,American Crow,https://xeno-canto.org/509710/download,22.0,B,Canada
504854,American Crow,https://xeno-canto.org/504854/download,63.0,B,United States
488886,American Crow,https://xeno-canto.org/488886/download,24.0,B,United States
479493,American Crow,https://xeno-canto.org/479493/download,22.0,B,United States
464018,American Crow,https://xeno-canto.org/464018/download,14.0,B,United States
453754,American Crow,https://xeno-canto.org/453754/download,14.0,B,United States
451028,American Crow,https://xeno-canto.org/451028/download,92.0,B,United States
425504,American Crow,https://xeno-canto.org/425504/download,23.0,B,United States
425502,American Crow,https://xeno-canto.org/425502/download,16.0,B,United States
422794,American Crow,https://xeno-canto.org/422794/download,103.0,B,United States
420594,American Crow,https://xeno-canto.org/420594/download,39.0,B,United States
420508,American Crow,https://xeno-canto.org/420508/download,21.0,B,United States
408017,American Crow,https://xeno-canto.org/408017/download,28.0,B,United States
407053,American Crow,https://xeno-canto.org/407053/download,40.0,B,Canada
394333,American Crow,https://xeno-canto.org/394333/download,31.0,B,United States
394324,American Crow,https://xeno-canto.org/394324/download,13.0,B,United States
394321,American Crow,https://xeno-canto.org/394321/download,27.0,B,United States
394319,American Crow,https://xeno-canto.org/394319/download,45.0,B,United States
391430,American Crow,https://xeno-canto.org/391430/download,24.0,B,United States
388254,American Crow,https://xeno-canto.org/388254/download,20.0,B,United States
379659,American Crow,https://xeno-canto.org/379659/download,61.0,B,United States
362405,American Crow,https://xeno-canto.org/362405/download,38.0,B,United States
357303,American Crow,https://xeno-canto.org/357303/download,18.0,B,United States
328541,American Crow,https://xeno-canto.org/328541/download,24.0,B,United States
327683,American Crow,https://xeno-canto.org/327683/download,15.0,B,United States
322267,American Crow,https://xeno-canto.org/322267/download,32.0,B,United States
297898,American Crow,https://xeno-canto.org/297898/download,99.0,B,United States
287852,American Crow,https://xeno-canto.org/287852/download,16.0,B,United States
284343,American Crow,https://xeno-canto.org/284343/download,14.0,B,United States
279748,American Crow,https://xeno-canto.org/279748/download,51.0,B,United States
269018,American Crow,https://xeno-canto.org/269018/download,43.0,B,United States
266710,American Crow,https://xeno-canto.org/266710/download,78.0,B,United States
264942,American Crow,https://xeno-canto.org/264942/download,15.0,B,United States
244670,American Crow,https://xeno-canto.org/244670/download,22.0,B,United States
244483,American Crow,https://xeno-canto.org/244483/download,22.0,B,United States
221647,American Crow,https://xeno-canto.org/221647/download,30.0,B,United States
205240,American Crow,https://xeno-canto.org/205240/download,10.0,B,United States
196022,American Crow,https://xeno-canto.org/196022/download,30.0,B,United States
193779,American Crow,https://xeno-canto.org/193779/download,47.0,B,United States
193114,American Crow,https://xeno-canto.org/193114/download,16.0,B,Canada
193113,American Crow,https://xeno-canto.org/193113/download,74.0,B,Canada
190472,American Crow,https://xeno-canto.org/190472/download,70.0,B,United States
172883,American Crow,https://xeno-canto.org/172883/download,76.0,B,United States
172879,American Crow,https://xeno-canto.org/172879/download,32.0,B,United States
172877,American Crow,https://xeno-canto.org/172877/download,63.0,B,United States
172876,American Crow,https://xeno-canto.org/172876/download,36.0,B,United States
172825,American Crow,https://xeno-canto.org/172825/download,67.0,B,Canada
169633,American Crow,https://xeno-canto.org/169633/download,104.0,B,Canada
160807,American Crow,https://xeno-canto.org/160807/download,10.0,B,Canada
160688,American Crow,https://xeno-canto.org/160688/download,25.0,B,Canada
160675,American Crow,https://xeno-canto.org/160675/download,44.0,B,Canada
160518,American Crow,https://xeno-canto.org/160518/download,15.0,B,Canada
160166,American Crow,https://xeno-canto.org/160166/download,30.0,B,Canada
160165,American Crow,https://xeno-canto.org/160165/download,40.0,B,Canada
160163,American Crow,https://xeno-canto.org/160163/download,14.0,B,Canada
160103,American Crow,https://xeno-canto.org/160103/download,48.0,B,Canada
160101,American Crow,https://xeno-canto.org/160101/download,28.0,B,Canada
160058,American Crow,https://xeno-canto.org/160058/download,13.0,B,Canada
153375,American Crow,https://xeno-canto.org/153375/download,38.0,B,Canada
153348,American Crow,https://xeno-canto.org/153348/download,14.0,B,Canada
153327,American Crow,https://xeno-canto.org/153327/download,52.0,B,Canada
152674,American Crow,https://xeno-canto.org/152674/download,10.0,B,Canada
149940,American Crow,https://xeno-canto.org/149940/download,14.0,B,Canada
144701,American Crow,https://xeno-canto.org/144701/download,56.0,B,United States
144670,American Crow,https://xeno-canto.org/144670/download,10.0,B,United States
130896,American Crow,https://xeno-canto.org/130896/download,88.0,B,United States
122636,American Crow,https://xeno-canto.org/122636/download,75.0,B,United States
115429,American Crow,https://xeno-canto.org/115429/download,34.0,B,United States
110263,American Crow,https://xeno-canto.org/110263/download,25.0,B,United States
92056,American Crow,https://xeno-canto.org/92056/download,52.0,B,United States
83721,American Crow,https://xeno-canto.org/83721/download,35.0,B,Canada
80525,American Crow,https://xeno-canto.org/80525/download,28.0,B,United States
71555,American Crow,https://xeno-canto.org/71555/download,62.0,B,United States
69128,American Crow,https://xeno-canto.org/69128/download,46.0,B,United States
58475,American Crow,https://xeno-canto.org/58475/download,17.0,B,United States
42470,American Crow,https://xeno-canto.org/42470/download,87.0,B,United States
37651,American Crow,https://xeno-canto.org/37651/download,39.0,B,Canada
37649,American Crow,https://xeno-canto.org/37649/download,34.0,B,Canada
37364,American Crow,https://xeno-canto.org/37364/download,32.0,B,Canada
24413,American Crow,https://xeno-canto.org/24413/download,14.0,B,Canada
16896,American Crow,https://xeno-canto.org/16896/download,25.0,B,United States
11504,American Crow,https://xeno-canto.org/11504/download,72.0,B,United States
1101455,Pacific Wren,https://xeno-canto.org/1101455/download,38.0,A,United States
1096225,Pacific Wren,https://xeno-canto.org/1096225/download,12.0,A,United States
1094466,Pacific Wren,https://xeno-canto.org/1094466/download,56.0,A,United States
1094465,Pacific Wren,https://xeno-canto.org/1094465/download,25.0,A,United States
1094464,Pacific Wren,https://xeno-canto.org/1094464/download,25.0,A,United States
1094463,Pacific Wren,https://xeno-canto.org/1094463/download,73.0,A,United States
1090318,Pacific Wren,https://xeno-canto.org/1090318/download,46.0,A,United States
1085321,Pacific Wren,https://xeno-canto.org/1085321/download,69.0,A,United States
1083198,Pacific Wren,https://xeno-canto.org/1083198/download,62.0,A,United States
1080242,Pacific Wren,https://xeno-canto.org/1080242/download,21.0,A,United States
1073385,Pacific Wren,https://xeno-canto.org/1073385/download,49.0,A,United States
1060042,Pacific Wren,https://xeno-canto.org/1060042/download,54.0,A,United States
1051517,Pacific Wren,https://xeno-canto.org/1051517/download,66.0,A,United States
1049703,Pacific Wren,https://xeno-canto.org/1049703/download,32.0,A,United States
1048430,Pacific Wren,https://xeno-canto.org/1048430/download,16.0,A,United States
1047661,Pacific Wren,https://xeno-canto.org/1047661/download,37.0,A,United States
1045832,Pacific Wren,https://xeno-canto.org/1045832/download,38.0,A,United States
1045446,Pacific Wren,https://xeno-canto.org/1045446/download,79.0,A,United States
1045441,Pacific Wren,https://xeno-canto.org/1045441/download,45.0,A,United States
1043795,Pacific Wren,https://xeno-canto.org/1043795/download,60.0,A,United States
1036594,Pacific Wren,https://xeno-canto.org/1036594/download,81.0,A,United States
1018064,Pacific Wren,https://xeno-canto.org/1018064/download,44.0,A,United States
980331,Pacific Wren,https://xeno-canto.org/980331/download,49.0,A,United States
963141,Pacific Wren,https://xeno-canto.org/963141/download,34.0,A,United States
782482,Pacific Wren,https://xeno-canto.org/782482/download,32.0,A,United States
782448,Pacific Wren,https://xeno-canto.org/782448/download,22.0,A,United States
749024,Pacific Wren,https://xeno-canto.org/749024/download,80.0,A,United States
729504,Pacific Wren,https://xeno-canto.org/729504/download,52.0,A,Canada
706924,Pacific Wren,https://xeno-canto.org/706924/download,33.0,A,Canada
706135,Pacific Wren,https://xeno-canto.org/706135/download,22.0,A,Canada
689824,Pacific Wren,https://xeno-canto.org/689824/download,16.0,A,Canada
687201,Pacific Wren,https://xeno-canto.org/687201/download,12.0,A,Canada
665049,Pacific Wren,https://xeno-canto.org/665049/download,37.0,A,United States
662814,Pacific Wren,https://xeno-canto.org/662814/download,40.0,A,United States
662810,Pacific Wren,https://xeno-canto.org/662810/download,31.0,A,United States
656397,Pacific Wren,https://xeno-canto.org/656397/download,66.0,A,United States
656338,Pacific Wren,https://xeno-canto.org/656338/download,34.0,A,United States
602829,Pacific Wren,https://xeno-canto.org/602829/download,17.0,A,United States
597947,Pacific Wren,https://xeno-canto.org/597947/download,101.0,A,Canada
563623,Pacific Wren,https://xeno-canto.org/563623/download,30.0,A,United States
550930,Pacific Wren,https://xeno-canto.org/550930/download,53.0,A,United States
550895,Pacific Wren,https://xeno-canto.org/550895/download,96.0,A,United States
549600,Pacific Wren,https://xeno-canto.org/549600/download,116.0,A,United States
549595,Pacific Wren,https://xeno-canto.org/549595/download,24.0,A,United States
535854,Pacific Wren,https://xeno-canto.org/535854/download,56.0,A,United States
511299,Pacific Wren,https://xeno-canto.org/511299/download,64.0,A,Canada
490942,Pacific Wren,https://xeno-canto.org/490942/download,23.0,A,United States
490933,Pacific Wren,https://xeno-canto.org/490933/download,12.0,A,United States
482845,Pacific Wren,https://xeno-canto.org/482845/download,119.0,A,United States
481856,Pacific Wren,https://xeno-canto.org/481856/download,12.0,A,Canada
464998,Pacific Wren,https://xeno-canto.org/464998/download,31.0,A,Canada
451707,Pacific Wren,https://xeno-canto.org/451707/download,100.0,A,United States
451706,Pacific Wren,https://xeno-canto.org/451706/download,36.0,A,United States
420590,Pacific Wren,https://xeno-canto.org/420590/download,94.0,A,United States
420308,Pacific Wren,https://xeno-canto.org/420308/download,26.0,A,United States
419952,Pacific Wren,https://xeno-canto.org/419952/download,34.0,A,United States
419951,Pacific Wren,https://xeno-canto.org/419951/download,51.0,A,United States
419703,Pacific Wren,https://xeno-canto.org/419703/download,93.0,A,Canada
416343,Pacific Wren,https://xeno-canto.org/416343/download,16.0,A,United States
415736,Pacific Wren,https://xeno-canto.org/415736/download,35.0,A,United States
379746,Pacific Wren,https://xeno-canto.org/379746/download,21.0,A,Canada
378496,Pacific Wren,https://xeno-canto.org/378496/download,76.0,A,United States
363871,Pacific Wren,https://xeno-canto.org/363871/download,23.0,A,United States
363719,Pacific Wren,https://xeno-canto.org/363719/download,49.0,A,United States
363343,Pacific Wren,https://xeno-canto.org/363343/download,88.0,A,United States
357027,Pacific Wren,https://xeno-canto.org/357027/download,23.0,A,United States
354539,Pacific Wren,https://xeno-canto.org/354539/download,13.0,A,United States
352938,Pacific Wren,https://xeno-canto.org/352938/download,21.0,A,United States
352935,Pacific Wren,https://xeno-canto.org/352935/download,69.0,A,United States
348662,Pacific Wren,https://xeno-canto.org/348662/download,43.0,A,United States
347356,Pacific Wren,https://xeno-canto.org/347356/download,22.0,A,United States
346518,Pacific Wren,https://xeno-canto.org/346518/download,39.0,A,United States
322952,Pacific Wren,https://xeno-canto.org/322952/download,49.0,A,United States
322083,Pacific Wren,https://xeno-canto.org/322083/download,74.0,A,Canada
201358,Pacific Wren,https://xeno-canto.org/201358/download,30.0,A,United States
193995,Pacific Wren,https://xeno-canto.org/193995/download,70.0,A,United States
193993,Pacific Wren,https://xeno-canto.org/193993/download,32.0,A,United States
178935,Pacific Wren,https://xeno-canto.org/178935/download,36.0,A,United States
163178,Pacific Wren,https://xeno-canto.org/163178/download,30.0,A,United States
157660,Pacific Wren,https://xeno-canto.org/157660/download,18.0,A,Canada
156281,Pacific Wren,https://xeno-canto.org/156281/download,25.0,A,United States
143425,Pacific Wren,https://xeno-canto.org/143425/download,35.0,A,United States
143424,Pacific Wren,https://xeno-canto.org/143424/download,22.0,A,United States
138083,Pacific Wren,https://xeno-canto.org/138083/download,46.0,A,United States
135678,Pacific Wren,https://xeno-canto.org/135678/download,119.0,A,United States
112750,Pacific Wren,https://xeno-canto.org/112750/download,15.0,A,United States
112411,Pacific Wren,https://xeno-canto.org/112411/download,36.0,A,United States
106005,Pacific Wren,https://xeno-canto.org/106005/download,30.0,A,United States
103513,Pacific Wren,https://xeno-canto.org/103513/download,14.0,A,United States
76205,Pacific Wren,https://xeno-canto.org/76205/download,41.0,A,United States
76204,Pacific Wren,https://xeno-canto.org/76204/download,49.0,A,United States
76203,Pacific Wren,https://xeno-canto.org/76203/download,82.0,A,United States
76202,Pacific Wren,https://xeno-canto.org/76202/download,107.0,A,United States
35308,Pacific Wren,https://xeno-canto.org/35308/download,40.0,A,United States
35300,Pacific Wren,https://xeno-canto.org/35300/download,12.0,A,United States
29374,Pacific Wren,https://xeno-canto.org/29374/download,23.0,A,United States
29373,Pacific Wren,https://xeno-canto.org/29373/download,15.0,A,United States
1103533,Pacific Wren,https://xeno-canto.org/1103533/download,43.0,B,United States
1103009,Pacific Wren,https://xeno-canto.org/1103009/download,33.0,B,United States
1102556,Pacific Wren,https://xeno-canto.org/1102556/download,64.0,B,United States
1102555,Pacific Wren,https://xeno-canto.org/1102555/download,40.0,B,United States
1101457,Pacific Wren,https://xeno-canto.org/1101457/download,56.0,B,United States
1097635,Pacific Wren,https://xeno-canto.org/1097635/download,77.0,B,United States
1097570,Pacific Wren,https://xeno-canto.org/1097570/download,87.0,B,United States
1097568,Pacific Wren,https://xeno-canto.org/1097568/download,22.0,B,United States
1096224,Pacific Wren,https://xeno-canto.org/1096224/download,106.0,B,United States
1094780,Pacific Wren,https://xeno-canto.org/1094780/download,40.0,B,United States
1094468,Pacific Wren,https://xeno-canto.org/1094468/download,58.0,B,United States
1094462,Pacific Wren,https://xeno-canto.org/1094462/download,14.0,B,United States
1094318,Pacific Wren,https://xeno-canto.org/1094318/download,27.0,B,United States
1090433,Pacific Wren,https://xeno-canto.org/1090433/download,49.0,B,United States
1090432,Pacific Wren,https://xeno-canto.org/1090432/download,72.0,B,United States
1090431,Pacific Wren,https://xeno-canto.org/1090431/download,33.0,B,United States
1090399,Pacific Wren,https://xeno-canto.org/1090399/download,105.0,B,United States
1090385,Pacific Wren,https://xeno-canto.org/1090385/download,22.0,B,United States
1082440,Pacific Wren,https://xeno-canto.org/1082440/download,41.0,B,United States
1082292,Pacific Wren,https://xeno-canto.org/1082292/download,33.0,B,Canada
1082232,Pacific Wren,https://xeno-canto.org/1082232/download,82.0,B,United States
1080243,Pacific Wren,https://xeno-canto.org/1080243/download,18.0,B,United States
1077879,Pacific Wren,https://xeno-canto.org/1077879/download,64.0,B,United States
1077861,Pacific Wren,https://xeno-canto.org/1077861/download,86.0,B,United States
1073384,Pacific Wren,https://xeno-canto.org/1073384/download,29.0,B,United States
1073383,Pacific Wren,https://xeno-canto.org/1073383/download,37.0,B,United States
1072989,Pacific Wren,https://xeno-canto.org/1072989/download,56.0,B,United States
1071322,Pacific Wren,https://xeno-canto.org/1071322/download,34.0,B,United States
1063453,Pacific Wren,https://xeno-canto.org/1063453/download,63.0,B,United States
1063447,Pacific Wren,https://xeno-canto.org/1063447/download,16.0,B,United States
1060873,Pacific Wren,https://xeno-canto.org/1060873/download,37.0,B,United States
1060043,Pacific Wren,https://xeno-canto.org/1060043/download,40.0,B,United States
1054226,Pacific Wren,https://xeno-canto.org/1054226/download,104.0,B,United States
1051529,Pacific Wren,https://xeno-canto.org/1051529/download,45.0,B,United States
1051527,Pacific Wren,https://xeno-canto.org/1051527/download,79.0,B,United States
1046660,Pacific Wren,https://xeno-canto.org/1046660/download,23.0,B,United States
1046271,Pacific Wren,https://xeno-canto.org/1046271/download,44.0,B,United States
1045442,Pacific Wren,https://xeno-canto.org/1045442/download,30.0,B,United States
1025558,Pacific Wren,https://xeno-canto.org/1025558/download,27.0,B,United States
1023386,Pacific Wren,https://xeno-canto.org/1023386/download,46.0,B,United States
988202,Pacific Wren,https://xeno-canto.org/988202/download,24.0,B,United States
963212,Pacific Wren,https://xeno-canto.org/963212/download,119.0,B,United States
963207,Pacific Wren,https://xeno-canto.org/963207/download,110.0,B,United States
963178,Pacific Wren,https://xeno-canto.org/963178/download,103.0,B,United States
963140,Pacific Wren,https://xeno-canto.org/963140/download,109.0,B,United States
934084,Pacific Wren,https://xeno-canto.org/934084/download,26.0,B,Canada
782399,Pacific Wren,https://xeno-canto.org/782399/download,51.0,B,Canada
779683,Pacific Wren,https://xeno-canto.org/779683/download,51.0,B,Canada
753487,Pacific Wren,https://xeno-canto.org/753487/download,24.0,B,United States
720947,Pacific Wren,https://xeno-canto.org/720947/download,42.0,B,Canada
720945,Pacific Wren,https://xeno-canto.org/720945/download,15.0,B,Canada
682439,Pacific Wren,https://xeno-canto.org/682439/download,21.0,B,Canada
659160,Pacific Wren,https://xeno-canto.org/659160/download,41.0,B,United States
656169,Pacific Wren,https://xeno-canto.org/656169/download,51.0,B,United States
610353,Pacific Wren,https://xeno-canto.org/610353/download,43.0,B,United States
610352,Pacific Wren,https://xeno-canto.org/610352/download,56.0,B,United States
610351,Pacific Wren,https://xeno-canto.org/610351/download,41.0,B,United States
602843,Pacific Wren,https://xeno-canto.org/602843/download,15.0,B,United States
602839,Pacific Wren,https://xeno-canto.org/602839/download,37.0,B,United States
558653,Pacific Wren,https://xeno-canto.org/558653/download,35.0,B,United States
558035,Pacific Wren,https://xeno-canto.org/558035/download,13.0,B,United States
544017,Pacific Wren,https://xeno-canto.org/544017/download,13.0,B,United States
543340,Pacific Wren,https://xeno-canto.org/543340/download,14.0,B,United States
473428,Pacific Wren,https://xeno-canto.org/473428/download,60.0,B,United States
472294,Pacific Wren,https://xeno-canto.org/472294/download,52.0,B,United States
434251,Pacific Wren,https://xeno-canto.org/434251/download,21.0,B,United States
433218,Pacific Wren,https://xeno-canto.org/433218/download,102.0,B,Canada
420349,Pacific Wren,https://xeno-canto.org/420349/download,23.0,B,United States
420299,Pacific Wren,https://xeno-canto.org/420299/download,23.0,B,United States
419949,Pacific Wren,https://xeno-canto.org/419949/download,70.0,B,United States
419946,Pacific Wren,https://xeno-canto.org/419946/download,64.0,B,United States
419942,Pacific Wren,https://xeno-canto.org/419942/download,38.0,B,United States
419941,Pacific Wren,https://xeno-canto.org/419941/download,28.0,B,United States
414083,Pacific Wren,https://xeno-canto.org/414083/download,50.0,B,United States
401689,Pacific Wren,https://xeno-canto.org/401689/download,53.0,B,United States
395553,Pacific Wren,https://xeno-canto.org/395553/download,14.0,B,United States
395023,Pacific Wren,https://xeno-canto.org/395023/download,34.0,B,United States
395022,Pacific Wren,https://xeno-canto.org/395022/download,18.0,B,United States
385529,Pacific Wren,https://xeno-canto.org/385529/download,10.0,B,United States
377524,Pacific Wren,https://xeno-canto.org/377524/download,113.0,B,Canada
364111,Pacific Wren,https://xeno-canto.org/364111/download,32.0,B,Canada
364110,Pacific Wren,https://xeno-canto.org/364110/download,26.0,B,Canada
363777,Pacific Wren,https://xeno-canto.org/363777/download,26.0,B,United States
363354,Pacific Wren,https://xeno-canto.org/363354/download,53.0,B,United States
357026,Pacific Wren,https://xeno-canto.org/357026/download,31.0,B,United States
352933,Pacific Wren,https://xeno-canto.org/352933/download,87.0,B,United States
349620,Pacific Wren,https://xeno-canto.org/349620/download,27.0,B,United States
333581,Pacific Wren,https://xeno-canto.org/333581/download,14.0,B,United States
322965,Pacific Wren,https://xeno-canto.org/322965/download,61.0,B,United States
314299,Pacific Wren,https://xeno-canto.org/314299/download,11.0,B,United States
303679,Pacific Wren,https://xeno-canto.org/303679/download,22.0,B,United States
293955,Pacific Wren,https://xeno-canto.org/293955/download,31.0,B,United States
291581,Pacific Wren,https://xeno-canto.org/291581/download,39.0,B,United States
236235,Pacific Wren,https://xeno-canto.org/236235/download,105.0,B,United States
218679,Pacific Wren,https://xeno-canto.org/218679/download,72.0,B,United States
215877,Pacific Wren,https://xeno-canto.org/215877/download,23.0,B,United States
201357,Pacific Wren,https://xeno-canto.org/201357/download,16.0,B,United States
198634,Pacific Wren,https://xeno-canto.org/198634/download,29.0,B,United States
195300,Pacific Wren,https://xeno-canto.org/195300/download,34.0,B,Canada
195054,Pacific Wren,https://xeno-canto.org/195054/download,91.0,B,United States
195053,Pacific Wren,https://xeno-canto.org/195053/download,91.0,B,United States
194235,Pacific Wren,https://xeno-canto.org/194235/download,78.0,B,Canada
186032,Pacific Wren,https://xeno-canto.org/186032/download,29.0,B,United States
178055,Pacific Wren,https://xeno-canto.org/178055/download,58.0,B,United States
161153,Pacific Wren,https://xeno-canto.org/161153/download,94.0,B,Canada
160209,Pacific Wren,https://xeno-canto.org/160209/download,61.0,B,Canada
160153,Pacific Wren,https://xeno-canto.org/160153/download,18.0,B,Canada
159887,Pacific Wren,https://xeno-canto.org/159887/download,41.0,B,Canada
159784,Pacific Wren,https://xeno-canto.org/159784/download,22.0,B,Canada
159764,Pacific Wren,https://xeno-canto.org/159764/download,34.0,B,Canada
159735,Pacific Wren,https://xeno-canto.org/159735/download,12.0,B,Canada
159708,Pacific Wren,https://xeno-canto.org/159708/download,11.0,B,Canada
159706,Pacific Wren,https://xeno-canto.org/159706/download,19.0,B,Canada
159695,Pacific Wren,https://xeno-canto.org/159695/download,32.0,B,Canada
159572,Pacific Wren,https://xeno-canto.org/159572/download,23.0,B,Canada
159420,Pacific Wren,https://xeno-canto.org/159420/download,11.0,B,Canada
158533,Pacific Wren,https://xeno-canto.org/158533/download,15.0,B,Canada
157596,Pacific Wren,https://xeno-canto.org/157596/download,101.0,B,Canada
157351,Pacific Wren,https://xeno-canto.org/157351/download,15.0,B,Canada
154689,Pacific Wren,https://xeno-canto.org/154689/download,19.0,B,United States
154521,Pacific Wren,https://xeno-canto.org/154521/download,16.0,B,United States
153314,Pacific Wren,https://xeno-canto.org/153314/download,77.0,B,United States
152208,Pacific Wren,https://xeno-canto.org/152208/download,23.0,B,United States
141869,Pacific Wren,https://xeno-canto.org/141869/download,111.0,B,Canada
120847,Pacific Wren,https://xeno-canto.org/120847/download,111.0,B,Canada
105762,Pacific Wren,https://xeno-canto.org/105762/download,57.0,B,United States
105156,Pacific Wren,https://xeno-canto.org/105156/download,20.0,B,United States
104726,Pacific Wren,https://xeno-canto.org/104726/download,49.0,B,United States
92300,Pacific Wren,https://xeno-canto.org/92300/download,15.0,B,United States
66103,Pacific Wren,https://xeno-canto.org/66103/download,40.0,B,Canada
66102,Pacific Wren,https://xeno-canto.org/66102/download,11.0,B,Canada
37388,Pacific Wren,https://xeno-canto.org/37388/download,26.0,B,Canada
1089801,House Finch,https://xeno-canto.org/1089801/download,43.0,A,United States
1014379,House Finch,https://xeno-canto.org/1014379/download,13.0,A,Canada
941235,House Finch,https://xeno-canto.org/941235/download,65.0,A,United States
941230,House Finch,https://xeno-canto.org/941230/download,100.0,A,United States
924239,House Finch,https://xeno-canto.org/924239/download,20.0,A,Mexico
906835,House Finch,https://xeno-canto.org/906835/download,11.0,A,Mexico
900144,House Finch,https://xeno-canto.org/900144/download,28.0,A,United States
900143,House Finch,https://xeno-canto.org/900143/download,69.0,A,United States
900139,House Finch,https://xeno-canto.org/900139/download,25.0,A,United States
900137,House Finch,https://xeno-canto.org/900137/download,118.0,A,United States
899902,House Finch,https://xeno-canto.org/899902/download,52.0,A,United States
898674,House Finch,https://xeno-canto.org/898674/download,40.0,A,United States
879667,House Finch,https://xeno-canto.org/879667/download,57.0,A,Mexico
875451,House Finch,https://xeno-canto.org/875451/download,56.0,A,United States
822629,House Finch,https://xeno-canto.org/822629/download,16.0,A,Canada
812729,House Finch,https://xeno-canto.org/812729/download,14.0,A,Mexico
806343,House Finch,https://xeno-canto.org/806343/download,85.0,A,Mexico
790022,House Finch,https://xeno-canto.org/790022/download,48.0,A,United States
788775,House Finch,https://xeno-canto.org/788775/download,37.0,A,Mexico
764681,House Finch,https://xeno-canto.org/764681/download,56.0,A,United States
743810,House Finch,https://xeno-canto.org/743810/download,79.0,A,United States
743188,House Finch,https://xeno-canto.org/743188/download,24.0,A,United States
743185,House Finch,https://xeno-canto.org/743185/download,94.0,A,United States
736268,House Finch,https://xeno-canto.org/736268/download,22.0,A,Mexico
731970,House Finch,https://xeno-canto.org/731970/download,86.0,A,United States
721569,House Finch,https://xeno-canto.org/721569/download,31.0,A,Mexico
720339,House Finch,https://xeno-canto.org/720339/download,67.0,A,Canada
703917,House Finch,https://xeno-canto.org/703917/download,100.0,A,United States
698317,House Finch,https://xeno-canto.org/698317/download,35.0,A,Canada
691600,House Finch,https://xeno-canto.org/691600/download,103.0,A,United States
691598,House Finch,https://xeno-canto.org/691598/download,94.0,A,United States
682570,House Finch,https://xeno-canto.org/682570/download,110.0,A,Canada
679337,House Finch,https://xeno-canto.org/679337/download,20.0,A,United States
661725,House Finch,https://xeno-canto.org/661725/download,76.0,A,Mexico
660911,House Finch,https://xeno-canto.org/660911/download,21.0,A,Mexico
660910,House Finch,https://xeno-canto.org/660910/download,108.0,A,Mexico
658900,House Finch,https://xeno-canto.org/658900/download,32.0,A,United States
654389,House Finch,https://xeno-canto.org/654389/download,49.0,A,Mexico
653352,House Finch,https://xeno-canto.org/653352/download,17.0,A,Mexico
641549,House Finch,https://xeno-canto.org/641549/download,23.0,A,Mexico
638608,House Finch,https://xeno-canto.org/638608/download,37.0,A,United States
638236,House Finch,https://xeno-canto.org/638236/download,44.0,A,Mexico
636434,House Finch,https://xeno-canto.org/636434/download,95.0,A,Canada
636179,House Finch,https://xeno-canto.org/636179/download,77.0,A,Canada
634984,House Finch,https://xeno-canto.org/634984/download,66.0,A,Mexico
625844,House Finch,https://xeno-canto.org/625844/download,55.0,A,United States
623936,House Finch,https://xeno-canto.org/623936/download,61.0,A,United States
622745,House Finch,https://xeno-canto.org/622745/download,12.0,A,United States
598466,House Finch,https://xeno-canto.org/598466/download,69.0,A,Canada
584861,House Finch,https://xeno-canto.org/584861/download,29.0,A,United States
584860,House Finch,https://xeno-canto.org/584860/download,23.0,A,United States
583812,House Finch,https://xeno-canto.org/583812/download,99.0,A,United States
583810,House Finch,https://xeno-canto.org/583810/download,74.0,A,United States
579294,House Finch,https://xeno-canto.org/579294/download,38.0,A,Mexico
576356,House Finch,https://xeno-canto.org/576356/download,32.0,A,Mexico
572692,House Finch,https://xeno-canto.org/572692/download,39.0,A,United States
572043,House Finch,https://xeno-canto.org/572043/download,61.0,A,Mexico
571042,House Finch,https://xeno-canto.org/571042/download,46.0,A,United States
570952,House Finch,https://xeno-canto.org/570952/download,23.0,A,United States
569982,House Finch,https://xeno-canto.org/569982/download,80.0,A,United States
569979,House Finch,https://xeno-canto.org/569979/download,73.0,A,United States
569976,House Finch,https://xeno-canto.org/569976/download,73.0,A,United States
566136,House Finch,https://xeno-canto.org/566136/download,58.0,A,Mexico
559567,House Finch,https://xeno-canto.org/559567/download,30.0,A,Mexico
559015,House Finch,https://xeno-canto.org/559015/download,101.0,A,United States
555504,House Finch,https://xeno-canto.org/555504/download,97.0,A,Mexico
555497,House Finch,https://xeno-canto.org/555497/download,10.0,A,Mexico
554913,House Finch,https://xeno-canto.org/554913/download,23.0,A,Mexico
550964,House Finch,https://xeno-canto.org/550964/download,54.0,A,United States
550963,House Finch,https://xeno-canto.org/550963/download,45.0,A,United States
550903,House Finch,https://xeno-canto.org/550903/download,30.0,A,United States
546187,House Finch,https://xeno-canto.org/546187/download,98.0,A,Mexico
541409,House Finch,https://xeno-canto.org/541409/download,21.0,A,Mexico
541408,House Finch,https://xeno-canto.org/541408/download,20.0,A,Mexico
539750,House Finch,https://xeno-canto.org/539750/download,15.0,A,Mexico
539749,House Finch,https://xeno-canto.org/539749/download,44.0,A,Mexico
530765,House Finch,https://xeno-canto.org/530765/download,40.0,A,Mexico
510713,House Finch,https://xeno-canto.org/510713/download,26.0,A,United States
500927,House Finch,https://xeno-canto.org/500927/download,45.0,A,United States
499796,House Finch,https://xeno-canto.org/499796/download,35.0,A,United States
498247,House Finch,https://xeno-canto.org/498247/download,55.0,A,United States
493111,House Finch,https://xeno-canto.org/493111/download,30.0,A,United States
483967,House Finch,https://xeno-canto.org/483967/download,14.0,A,United States
481935,House Finch,https://xeno-canto.org/481935/download,81.0,A,United States
481875,House Finch,https://xeno-canto.org/481875/download,99.0,A,Mexico
474138,House Finch,https://xeno-canto.org/474138/download,28.0,A,United States
474137,House Finch,https://xeno-canto.org/474137/download,80.0,A,United States
471147,House Finch,https://xeno-canto.org/471147/download,26.0,A,United States
468779,House Finch,https://xeno-canto.org/468779/download,45.0,A,United States
466484,House Finch,https://xeno-canto.org/466484/download,13.0,A,Mexico
466481,House Finch,https://xeno-canto.org/466481/download,34.0,A,Mexico
448959,House Finch,https://xeno-canto.org/448959/download,39.0,A,United States
441202,House Finch,https://xeno-canto.org/441202/download,111.0,A,Mexico
441200,House Finch,https://xeno-canto.org/441200/download,115.0,A,Mexico
440009,House Finch,https://xeno-canto.org/440009/download,33.0,A,United States
436837,House Finch,https://xeno-canto.org/436837/download,47.0,A,United States
428722,House Finch,https://xeno-canto.org/428722/download,20.0,A,Mexico
423359,House Finch,https://xeno-canto.org/423359/download,17.0,A,Mexico
423324,House Finch,https://xeno-canto.org/423324/download,39.0,A,United States
417550,House Finch,https://xeno-canto.org/417550/download,38.0,A,Mexico
378922,House Finch,https://xeno-canto.org/378922/download,65.0,A,Mexico
376760,House Finch,https://xeno-canto.org/376760/download,31.0,A,Mexico
362519,House Finch,https://xeno-canto.org/362519/download,46.0,A,United States
358850,House Finch,https://xeno-canto.org/358850/download,31.0,A,United States
328235,House Finch,https://xeno-canto.org/328235/download,61.0,A,United States
327553,House Finch,https://xeno-canto.org/327553/download,25.0,A,Mexico
326408,House Finch,https://xeno-canto.org/326408/download,30.0,A,United States
319439,House Finch,https://xeno-canto.org/319439/download,56.0,A,Mexico
319140,House Finch,https://xeno-canto.org/319140/download,18.0,A,United States
314417,House Finch,https://xeno-canto.org/314417/download,59.0,A,Mexico
314416,House Finch,https://xeno-canto.org/314416/download,59.0,A,Mexico
310666,House Finch,https://xeno-canto.org/310666/download,34.0,A,United States
309624,House Finch,https://xeno-canto.org/309624/download,37.0,A,United States
307811,House Finch,https://xeno-canto.org/307811/download,25.0,A,United States
307684,House Finch,https://xeno-canto.org/307684/download,82.0,A,United States
306937,House Finch,https://xeno-canto.org/306937/download,10.0,A,Mexico
306936,House Finch,https://xeno-canto.org/306936/download,32.0,A,Mexico
306935,House Finch,https://xeno-canto.org/306935/download,69.0,A,Mexico
306934,House Finch,https://xeno-canto.org/306934/download,90.0,A,Mexico
306933,House Finch,https://xeno-canto.org/306933/download,44.0,A,Mexico
305409,House Finch,https://xeno-canto.org/305409/download,25.0,A,Mexico
301685,House Finch,https://xeno-canto.org/301685/download,31.0,A,United States
289017,House Finch,https://xeno-canto.org/289017/download,38.0,A,Mexico
268462,House Finch,https://xeno-canto.org/268462/download,108.0,A,United States
261400,House Finch,https://xeno-canto.org/261400/download,19.0,A,Mexico
254556,House Finch,https://xeno-canto.org/254556/download,97.0,A,Mexico
254548,House Finch,https://xeno-canto.org/254548/download,36.0,A,Mexico
254547,House Finch,https://xeno-canto.org/254547/download,26.0,A,Mexico
254072,House Finch,https://xeno-canto.org/254072/download,45.0,A,Mexico
252731,House Finch,https://xeno-canto.org/252731/download,37.0,A,Mexico
233711,House Finch,https://xeno-canto.org/233711/download,19.0,A,Mexico
220518,House Finch,https://xeno-canto.org/220518/download,30.0,A,Mexico
219358,House Finch,https://xeno-canto.org/219358/download,10.0,A,United States
219350,House Finch,https://xeno-canto.org/219350/download,75.0,A,United States
219349,House Finch,https://xeno-canto.org/219349/download,78.0,A,United States
219340,House Finch,https://xeno-canto.org/219340/download,105.0,A,United States
219339,House Finch,https://xeno-canto.org/219339/download,44.0,A,United States
219332,House Finch,https://xeno-canto.org/219332/download,64.0,A,United States
212099,House Finch,https://xeno-canto.org/212099/download,17.0,A,Mexico
201428,House Finch,https://xeno-canto.org/201428/download,19.0,A,United States
188373,House Finch,https://xeno-canto.org/188373/download,71.0,A,United States
185193,House Finch,https://xeno-canto.org/185193/download,40.0,A,United States
168580,House Finch,https://xeno-canto.org/168580/download,49.0,A,Mexico
141470,House Finch,https://xeno-canto.org/141470/download,34.0,A,United States
101439,House Finch,https://xeno-canto.org/101439/download,117.0,A,United States
99546,House Finch,https://xeno-canto.org/99546/download,58.0,A,United States
89858,House Finch,https://xeno-canto.org/89858/download,68.0,A,United States
72282,House Finch,https://xeno-canto.org/72282/download,44.0,A,United States
71842,House Finch,https://xeno-canto.org/71842/download,59.0,A,Mexico
71841,House Finch,https://xeno-canto.org/71841/download,98.0,A,Mexico
71840,House Finch,https://xeno-canto.org/71840/download,54.0,A,Mexico
65765,House Finch,https://xeno-canto.org/65765/download,103.0,A,Mexico
59063,House Finch,https://xeno-canto.org/59063/download,40.0,A,United States
14517,House Finch,https://xeno-canto.org/14517/download,24.0,A,United States
1139784,House Finch,https://xeno-canto.org/1139784/download,20.0,B,Germany
1105896,House Finch,https://xeno-canto.org/1105896/download,30.0,B,United States
1103536,House Finch,https://xeno-canto.org/1103536/download,25.0,B,United States
1101341,House Finch,https://xeno-canto.org/1101341/download,49.0,B,United States
1083919,House Finch,https://xeno-canto.org/1083919/download,56.0,B,United States
1073863,House Finch,https://xeno-canto.org/1073863/download,33.0,B,United States
1073030,House Finch,https://xeno-canto.org/1073030/download,12.0,B,United States
1071328,House Finch,https://xeno-canto.org/1071328/download,36.0,B,United States
1056012,House Finch,https://xeno-canto.org/1056012/download,11.0,B,United States
1046928,House Finch,https://xeno-canto.org/1046928/download,50.0,B,United States
1014936,House Finch,https://xeno-canto.org/1014936/download,52.0,B,Canada
1011834,House Finch,https://xeno-canto.org/1011834/download,52.0,B,United States
1000426,House Finch,https://xeno-canto.org/1000426/download,48.0,B,United States
995446,House Finch,https://xeno-canto.org/995446/download,64.0,B,United States
988861,House Finch,https://xeno-canto.org/988861/download,45.0,B,United States
984095,House Finch,https://xeno-canto.org/984095/download,17.0,B,United States
942710,House Finch,https://xeno-canto.org/942710/download,15.0,B,United States
941233,House Finch,https://xeno-canto.org/941233/download,60.0,B,United States
928000,House Finch,https://xeno-canto.org/928000/download,44.0,B,United States
923249,House Finch,https://xeno-canto.org/923249/download,14.0,B,Mexico
860485,House Finch,https://xeno-canto.org/860485/download,28.0,B,Canada
858910,House Finch,https://xeno-canto.org/858910/download,15.0,B,United States
814493,House Finch,https://xeno-canto.org/814493/download,49.0,B,United States
807182,House Finch,https://xeno-canto.org/807182/download,48.0,B,United States
805460,House Finch,https://xeno-canto.org/805460/download,33.0,B,United States
789176,House Finch,https://xeno-canto.org/789176/download,21.0,B,Mexico
785549,House Finch,https://xeno-canto.org/785549/download,23.0,B,Mexico
779316,House Finch,https://xeno-canto.org/779316/download,11.0,B,United States
771836,House Finch,https://xeno-canto.org/771836/download,78.0,B,United States
768319,House Finch,https://xeno-canto.org/768319/download,96.0,B,United States
768317,House Finch,https://xeno-canto.org/768317/download,54.0,B,United States
754430,House Finch,https://xeno-canto.org/754430/download,19.0,B,United States
742847,House Finch,https://xeno-canto.org/742847/download,48.0,B,Canada
737779,House Finch,https://xeno-canto.org/737779/download,44.0,B,United States
737147,House Finch,https://xeno-canto.org/737147/download,19.0,B,United States
737146,House Finch,https://xeno-canto.org/737146/download,22.0,B,United States
724711,House Finch,https://xeno-canto.org/724711/download,34.0,B,United States
724710,House Finch,https://xeno-canto.org/724710/download,37.0,B,United States
720724,House Finch,https://xeno-canto.org/720724/download,58.0,B,United States
719707,House Finch,https://xeno-canto.org/719707/download,24.0,B,United States
717321,House Finch,https://xeno-canto.org/717321/download,39.0,B,United States
714040,House Finch,https://xeno-canto.org/714040/download,28.0,B,Mexico
714039,House Finch,https://xeno-canto.org/714039/download,17.0,B,Mexico
701679,House Finch,https://xeno-canto.org/701679/download,57.0,B,United States
698521,House Finch,https://xeno-canto.org/698521/download,41.0,B,United States
689212,House Finch,https://xeno-canto.org/689212/download,46.0,B,United States
669436,House Finch,https://xeno-canto.org/669436/download,43.0,B,Mexico
660912,House Finch,https://xeno-canto.org/660912/download,118.0,B,Mexico
660552,House Finch,https://xeno-canto.org/660552/download,61.0,B,United States
658899,House Finch,https://xeno-canto.org/658899/download,42.0,B,United States
639309,House Finch,https://xeno-canto.org/639309/download,67.0,B,United States
628187,House Finch,https://xeno-canto.org/628187/download,65.0,B,Canada
624381,House Finch,https://xeno-canto.org/624381/download,46.0,B,United States
620763,House Finch,https://xeno-canto.org/620763/download,46.0,B,Mexico
617984,House Finch,https://xeno-canto.org/617984/download,34.0,B,Mexico
612575,House Finch,https://xeno-canto.org/612575/download,13.0,B,Mexico
612573,House Finch,https://xeno-canto.org/612573/download,24.0,B,Mexico
612571,House Finch,https://xeno-canto.org/612571/download,42.0,B,Mexico
609116,House Finch,https://xeno-canto.org/609116/download,34.0,B,Mexico
608503,House Finch,https://xeno-canto.org/608503/download,72.0,B,Mexico
607833,House Finch,https://xeno-canto.org/607833/download,24.0,B,Mexico
602450,House Finch,https://xeno-canto.org/602450/download,58.0,B,United States
602449,House Finch,https://xeno-canto.org/602449/download,47.0,B,United States
599221,House Finch,https://xeno-canto.org/599221/download,66.0,B,United States
595829,House Finch,https://xeno-canto.org/595829/download,63.0,B,United States
594090,House Finch,https://xeno-canto.org/594090/download,112.0,B,United States
586467,House Finch,https://xeno-canto.org/586467/download,47.0,B,Mexico
585267,House Finch,https://xeno-canto.org/585267/download,23.0,B,Mexico
577121,House Finch,https://xeno-canto.org/577121/download,43.0,B,Mexico
570547,House Finch,https://xeno-canto.org/570547/download,30.0,B,Mexico
564235,House Finch,https://xeno-canto.org/564235/download,43.0,B,United States
563039,House Finch,https://xeno-canto.org/563039/download,13.0,B,United States
561882,House Finch,https://xeno-canto.org/561882/download,13.0,B,United States
560490,House Finch,https://xeno-canto.org/560490/download,21.0,B,United States
555500,House Finch,https://xeno-canto.org/555500/download,19.0,B,Mexico
555499,House Finch,https://xeno-canto.org/555499/download,24.0,B,Mexico
555498,House Finch,https://xeno-canto.org/555498/download,25.0,B,Mexico
554635,House Finch,https://xeno-canto.org/554635/download,11.0,B,Spain
544463,House Finch,https://xeno-canto.org/544463/download,23.0,B,United States
539923,House Finch,https://xeno-canto.org/539923/download,57.0,B,United States
539921,House Finch,https://xeno-canto.org/539921/download,15.0,B,United States
534170,House Finch,https://xeno-canto.org/534170/download,53.0,B,United States
534152,House Finch,https://xeno-canto.org/534152/download,55.0,B,United States
525886,House Finch,https://xeno-canto.org/525886/download,48.0,B,United States
520553,House Finch,https://xeno-canto.org/520553/download,27.0,B,United States
508470,House Finch,https://xeno-canto.org/508470/download,52.0,B,United States
497555,House Finch,https://xeno-canto.org/497555/download,114.0,B,Mexico
493322,House Finch,https://xeno-canto.org/493322/download,27.0,B,Canada
493304,House Finch,https://xeno-canto.org/493304/download,27.0,B,Mexico
488437,House Finch,https://xeno-canto.org/488437/download,13.0,B,Mexico
488436,House Finch,https://xeno-canto.org/488436/download,10.0,B,Mexico
483748,House Finch,https://xeno-canto.org/483748/download,47.0,B,United States
480078,House Finch,https://xeno-canto.org/480078/download,13.0,B,Mexico
479585,House Finch,https://xeno-canto.org/479585/download,21.0,B,Mexico
466133,House Finch,https://xeno-canto.org/466133/download,74.0,B,United States
465585,House Finch,https://xeno-canto.org/465585/download,76.0,B,Mexico
465584,House Finch,https://xeno-canto.org/465584/download,70.0,B,Mexico
465583,House Finch,https://xeno-canto.org/465583/download,68.0,B,Mexico
465308,House Finch,https://xeno-canto.org/465308/download,95.0,B,Mexico
461748,House Finch,https://xeno-canto.org/461748/download,73.0,B,United States
456752,House Finch,https://xeno-canto.org/456752/download,92.0,B,United States
452120,House Finch,https://xeno-canto.org/452120/download,70.0,B,United States
442301,House Finch,https://xeno-canto.org/442301/download,84.0,B,United States
419927,House Finch,https://xeno-canto.org/419927/download,34.0,B,United States
418251,House Finch,https://xeno-canto.org/418251/download,50.0,B,United States
416530,House Finch,https://xeno-canto.org/416530/download,68.0,B,United States
416152,House Finch,https://xeno-canto.org/416152/download,26.0,B,United States
412509,House Finch,https://xeno-canto.org/412509/download,27.0,B,United States
412395,House Finch,https://xeno-canto.org/412395/download,31.0,B,United States
410513,House Finch,https://xeno-canto.org/410513/download,53.0,B,Canada
409334,House Finch,https://xeno-canto.org/409334/download,37.0,B,United States
404732,House Finch,https://xeno-canto.org/404732/download,11.0,B,United States
388465,House Finch,https://xeno-canto.org/388465/download,23.0,B,United States
383989,House Finch,https://xeno-canto.org/383989/download,64.0,B,Mexico
366388,House Finch,https://xeno-canto.org/366388/download,12.0,B,United States
365390,House Finch,https://xeno-canto.org/365390/download,30.0,B,Mexico
361756,House Finch,https://xeno-canto.org/361756/download,28.0,B,United States
353019,House Finch,https://xeno-canto.org/353019/download,27.0,B,Mexico
347978,House Finch,https://xeno-canto.org/347978/download,53.0,B,Mexico
347975,House Finch,https://xeno-canto.org/347975/download,113.0,B,Mexico
345548,House Finch,https://xeno-canto.org/345548/download,75.0,B,United States
345547,House Finch,https://xeno-canto.org/345547/download,20.0,B,United States
345546,House Finch,https://xeno-canto.org/345546/download,28.0,B,United States
345545,House Finch,https://xeno-canto.org/345545/download,22.0,B,United States
329769,House Finch,https://xeno-canto.org/329769/download,27.0,B,Mexico
329768,House Finch,https://xeno-canto.org/329768/download,23.0,B,Mexico
327634,House Finch,https://xeno-canto.org/327634/download,37.0,B,Mexico
327344,House Finch,https://xeno-canto.org/327344/download,22.0,B,United States
324313,House Finch,https://xeno-canto.org/324313/download,20.0,B,United States
324075,House Finch,https://xeno-canto.org/324075/download,19.0,B,United States
323531,House Finch,https://xeno-canto.org/323531/download,30.0,B,Mexico
312959,House Finch,https://xeno-canto.org/312959/download,77.0,B,United States
311858,House Finch,https://xeno-canto.org/311858/download,25.0,B,Mexico
311715,House Finch,https://xeno-canto.org/311715/download,20.0,B,United States
310667,House Finch,https://xeno-canto.org/310667/download,22.0,B,United States
310071,House Finch,https://xeno-canto.org/310071/download,23.0,B,United States
307866,House Finch,https://xeno-canto.org/307866/download,103.0,B,United States
296753,House Finch,https://xeno-canto.org/296753/download,21.0,B,United States
289016,House Finch,https://xeno-canto.org/289016/download,85.0,B,Mexico
289014,House Finch,https://xeno-canto.org/289014/download,59.0,B,Mexico
284022,House Finch,https://xeno-canto.org/284022/download,12.0,B,United States
268460,House Finch,https://xeno-canto.org/268460/download,91.0,B,United States
261403,House Finch,https://xeno-canto.org/261403/download,27.0,B,Mexico
255739,House Finch,https://xeno-canto.org/255739/download,30.0,B,Mexico
227310,House Finch,https://xeno-canto.org/227310/download,22.0,B,Mexico
220526,House Finch,https://xeno-canto.org/220526/download,31.0,B,United States
220525,House Finch,https://xeno-canto.org/220525/download,27.0,B,United States
220524,House Finch,https://xeno-canto.org/220524/download,17.0,B,Mexico
220523,House Finch,https://xeno-canto.org/220523/download,19.0,B,Mexico
220521,House Finch,https://xeno-canto.org/220521/download,15.0,B,Mexico
220520,House Finch,https://xeno-canto.org/220520/download,15.0,B,Mexico
219892,House Finch,https://xeno-canto.org/219892/download,89.0,B,United States
219819,House Finch,https://xeno-canto.org/219819/download,14.0,B,United States
219792,House Finch,https://xeno-canto.org/219792/download,54.0,B,United States
219762,House Finch,https://xeno-canto.org/219762/download,33.0,B,United States
219357,House Finch,https://xeno-canto.org/219357/download,34.0,B,United States
219356,House Finch,https://xeno-canto.org/219356/download,34.0,B,United States
219355,House Finch,https://xeno-canto.org/219355/download,14.0,B,United States
219351,House Finch,https://xeno-canto.org/219351/download,55.0,B,United States
219347,House Finch,https://xeno-canto.org/219347/download,119.0,B,United States
219346,House Finch,https://xeno-canto.org/219346/download,37.0,B,United States
219342,House Finch,https://xeno-canto.org/219342/download,10.0,B,United States
219341,House Finch,https://xeno-canto.org/219341/download,26.0,B,United States
219338,House Finch,https://xeno-canto.org/219338/download,70.0,B,United States
216180,House Finch,https://xeno-canto.org/216180/download,25.0,B,Canada
196677,House Finch,https://xeno-canto.org/196677/download,19.0,B,Mexico
175517,House Finch,https://xeno-canto.org/175517/download,36.0,B,United States
174827,House Finch,https://xeno-canto.org/174827/download,33.0,B,United States
172419,House Finch,https://xeno-canto.org/172419/download,97.0,B,United States
172396,House Finch,https://xeno-canto.org/172396/download,110.0,B,Canada
171104,House Finch,https://xeno-canto.org/171104/download,27.0,B,Mexico
169811,House Finch,https://xeno-canto.org/169811/download,15.0,B,United States
169187,House Finch,https://xeno-canto.org/169187/download,89.0,B,United States
164308,House Finch,https://xeno-canto.org/164308/download,79.0,B,Canada
163051,House Finch,https://xeno-canto.org/163051/download,98.0,B,United States
160394,House Finch,https://xeno-canto.org/160394/download,45.0,B,Canada
160255,House Finch,https://xeno-canto.org/160255/download,52.0,B,Canada
160192,House Finch,https://xeno-canto.org/160192/download,25.0,B,Canada
159129,House Finch,https://xeno-canto.org/159129/download,32.0,B,Canada
159121,House Finch,https://xeno-canto.org/159121/download,29.0,B,Canada
159075,House Finch,https://xeno-canto.org/159075/download,25.0,B,Canada
158930,House Finch,https://xeno-canto.org/158930/download,44.0,B,Canada
141479,House Finch,https://xeno-canto.org/141479/download,11.0,B,United States
141478,House Finch,https://xeno-canto.org/141478/download,35.0,B,United States
140991,House Finch,https://xeno-canto.org/140991/download,11.0,B,United States
140490,House Finch,https://xeno-canto.org/140490/download,29.0,B,United States
135065,House Finch,https://xeno-canto.org/135065/download,37.0,B,United States
127246,House Finch,https://xeno-canto.org/127246/download,18.0,B,Mexico
124430,House Finch,https://xeno-canto.org/124430/download,50.0,B,United States
104710,House Finch,https://xeno-canto.org/104710/download,19.0,B,United States
103197,House Finch,https://xeno-canto.org/103197/download,53.0,B,United States
89178,House Finch,https://xeno-canto.org/89178/download,68.0,B,United States
89177,House Finch,https://xeno-canto.org/89177/download,53.0,B,United States
73499,House Finch,https://xeno-canto.org/73499/download,90.0,B,Canada
71030,House Finch,https://xeno-canto.org/71030/download,21.0,B,United States
70992,House Finch,https://xeno-canto.org/70992/download,17.0,B,United States
70685,House Finch,https://xeno-canto.org/70685/download,13.0,B,United States
70684,House Finch,https://xeno-canto.org/70684/download,53.0,B,United States
70306,House Finch,https://xeno-canto.org/70306/download,33.0,B,United States
56856,House Finch,https://xeno-canto.org/56856/download,30.0,B,Mexico
56159,House Finch,https://xeno-canto.org/56159/download,52.0,B,United States
55557,House Finch,https://xeno-canto.org/55557/download,25.0,B,Mexico
55229,House Finch,https://xeno-canto.org/55229/download,15.0,B,Mexico
37393,House Finch,https://xeno-canto.org/37393/download,50.0,B,Canada
21399,House Finch,https://xeno-canto.org/21399/download,61.0,B,Mexico
21398,House Finch,https://xeno-canto.org/21398/download,50.0,B,Mexico
10167,House Finch,https://xeno-canto.org/10167/download,41.0,B,United States
10165,House Finch,https://xeno-canto.org/10165/download,59.0,B,United States
1139790,background,https://xeno-canto.org/1139790/download,40.0,A,France
1139789,background,https://xeno-canto.org/1139789/download,56.0,A,France
1139788,background,https://xeno-canto.org/1139788/download,57.0,A,France
1139604,background,https://xeno-canto.org/1139604/download,35.0,A,Paraguay
1139534,background,https://xeno-canto.org/1139534/download,52.0,A,France
1139469,background,https://xeno-canto.org/1139469/download,20.0,A,Taiwan
1139350,background,https://xeno-canto.org/1139350/download,10.0,A,Sweden
1139348,background,https://xeno-canto.org/1139348/download,11.0,A,Sweden
1139332,background,https://xeno-canto.org/1139332/download,96.0,A,Brazil
1139310,background,https://xeno-canto.org/1139310/download,10.0,A,France
1139309,background,https://xeno-canto.org/1139309/download,12.0,A,France
1139306,background,https://xeno-canto.org/1139306/download,50.0,A,France
1139294,background,https://xeno-canto.org/1139294/download,25.0,A,France
1138854,background,https://xeno-canto.org/1138854/download,68.0,A,Paraguay
1138832,background,https://xeno-canto.org/1138832/download,32.0,A,Singapore
1138731,background,https://xeno-canto.org/1138731/download,10.0,A,China
1138730,background,https://xeno-canto.org/1138730/download,23.0,A,China
1138672,background,https://xeno-canto.org/1138672/download,33.0,A,France
1138670,background,https://xeno-canto.org/1138670/download,47.0,A,France
1138668,background,https://xeno-canto.org/1138668/download,15.0,A,France
1138662,background,https://xeno-canto.org/1138662/download,82.0,A,France
1138660,background,https://xeno-canto.org/1138660/download,108.0,A,France
1138654,background,https://xeno-canto.org/1138654/download,15.0,A,Spain
1138652,background,https://xeno-canto.org/1138652/download,27.0,A,Spain
1138651,background,https://xeno-canto.org/1138651/download,38.0,A,Spain
1138650,background,https://xeno-canto.org/1138650/download,27.0,A,Spain
1138648,background,https://xeno-canto.org/1138648/download,12.0,A,Netherlands
1138559,background,https://xeno-canto.org/1138559/download,11.0,A,Spain
1138428,background,https://xeno-canto.org/1138428/download,59.0,A,Spain
1138427,background,https://xeno-canto.org/1138427/download,59.0,A,Spain
1138426,background,https://xeno-canto.org/1138426/download,22.0,A,Spain
1138277,background,https://xeno-canto.org/1138277/download,65.0,A,Spain
1138276,background,https://xeno-canto.org/1138276/download,50.0,A,Spain
1138275,background,https://xeno-canto.org/1138275/download,36.0,A,Spain
1138274,background,https://xeno-canto.org/1138274/download,59.0,A,Spain
1138273,background,https://xeno-canto.org/1138273/download,41.0,A,Spain
1138272,background,https://xeno-canto.org/1138272/download,22.0,A,Spain
1138271,background,https://xeno-canto.org/1138271/download,52.0,A,Spain
1138158,background,https://xeno-canto.org/1138158/download,20.0,A,Netherlands
1138154,background,https://xeno-canto.org/1138154/download,20.0,A,Netherlands
1138104,background,https://xeno-canto.org/1138104/download,98.0,A,Poland
1138047,background,https://xeno-canto.org/1138047/download,37.0,A,Mauritius
1137918,background,https://xeno-canto.org/1137918/download,35.0,A,South Africa
1137895,background,https://xeno-canto.org/1137895/download,15.0,A,Mexico
1137886,background,https://xeno-canto.org/1137886/download,20.0,A,Netherlands
1137885,background,https://xeno-canto.org/1137885/download,20.0,A,Netherlands
1137870,background,https://xeno-canto.org/1137870/download,13.0,A,Netherlands
1137867,background,https://xeno-canto.org/1137867/download,19.0,A,Netherlands
1137865,background,https://xeno-canto.org/1137865/download,19.0,A,Netherlands
1137863,background,https://xeno-canto.org/1137863/download,16.0,A,Netherlands
1137842,background,https://xeno-canto.org/1137842/download,29.0,A,Netherlands
1137839,background,https://xeno-canto.org/1137839/download,29.0,A,Netherlands
1137726,background,https://xeno-canto.org/1137726/download,48.0,A,Mongolia
1137390,background,https://xeno-canto.org/1137390/download,52.0,A,Mexico
1137215,background,https://xeno-canto.org/1137215/download,10.0,A,Netherlands
1137195,background,https://xeno-canto.org/1137195/download,42.0,A,France
1137194,background,https://xeno-canto.org/1137194/download,63.0,A,France
1137192,background,https://xeno-canto.org/1137192/download,86.0,A,France
1137190,background,https://xeno-canto.org/1137190/download,46.0,A,France
1137188,background,https://xeno-canto.org/1137188/download,40.0,A,France
1137084,background,https://xeno-canto.org/1137084/download,10.0,A,Netherlands
1136936,background,https://xeno-canto.org/1136936/download,11.0,A,France
1136929,background,https://xeno-canto.org/1136929/download,12.0,A,France
1136864,background,https://xeno-canto.org/1136864/download,14.0,A,Sweden
1136862,background,https://xeno-canto.org/1136862/download,14.0,A,Sweden
1136692,background,https://xeno-canto.org/1136692/download,80.0,A,Tanzania
1136686,background,https://xeno-canto.org/1136686/download,23.0,A,Italy
1136685,background,https://xeno-canto.org/1136685/download,16.0,A,Italy
1136681,background,https://xeno-canto.org/1136681/download,36.0,A,Italy
1136680,background,https://xeno-canto.org/1136680/download,17.0,A,Italy
1136571,background,https://xeno-canto.org/1136571/download,12.0,A,Netherlands
1136497,background,https://xeno-canto.org/1136497/download,13.0,A,China
1136471,background,https://xeno-canto.org/1136471/download,14.0,A,China
1136422,background,https://xeno-canto.org/1136422/download,11.0,A,Netherlands
1136396,background,https://xeno-canto.org/1136396/download,71.0,A,Brazil
1136361,background,https://xeno-canto.org/1136361/download,51.0,A,China
1136336,background,https://xeno-canto.org/1136336/download,10.0,A,China
1136332,background,https://xeno-canto.org/1136332/download,11.0,A,China
1136331,background,https://xeno-canto.org/1136331/download,28.0,A,China
1136330,background,https://xeno-canto.org/1136330/download,14.0,A,China
1136323,background,https://xeno-canto.org/1136323/download,22.0,A,China
1136320,background,https://xeno-canto.org/1136320/download,12.0,A,China
1136319,background,https://xeno-canto.org/1136319/download,15.0,A,China
1136317,background,https://xeno-canto.org/1136317/download,61.0,A,China
1136308,background,https://xeno-canto.org/1136308/download,60.0,A,China
1136049,background,https://xeno-canto.org/1136049/download,43.0,A,Malaysia
1136047,background,https://xeno-canto.org/1136047/download,76.0,A,Malaysia
1135339,background,https://xeno-canto.org/1135339/download,48.0,A,France
1135089,background,https://xeno-canto.org/1135089/download,63.0,A,Brazil
1134913,background,https://xeno-canto.org/1134913/download,65.0,A,Greece
1134912,background,https://xeno-canto.org/1134912/download,102.0,A,Greece
1134911,background,https://xeno-canto.org/1134911/download,53.0,A,Greece
1134910,background,https://xeno-canto.org/1134910/download,15.0,A,Greece
1134622,background,https://xeno-canto.org/1134622/download,78.0,A,Greece
1134280,background,https://xeno-canto.org/1134280/download,61.0,A,Poland
1134273,background,https://xeno-canto.org/1134273/download,38.0,A,Poland
1134269,background,https://xeno-canto.org/1134269/download,14.0,A,Poland
1134255,background,https://xeno-canto.org/1134255/download,62.0,A,Poland
1134158,background,https://xeno-canto.org/1134158/download,21.0,A,Hungary
1134120,background,https://xeno-canto.org/1134120/download,26.0,A,United States
1134010,background,https://xeno-canto.org/1134010/download,61.0,A,Malaysia
1133702,background,https://xeno-canto.org/1133702/download,22.0,A,Cyprus
1133701,background,https://xeno-canto.org/1133701/download,86.0,A,Cyprus
1133676,background,https://xeno-canto.org/1133676/download,93.0,A,United States
1133493,background,https://xeno-canto.org/1133493/download,113.0,A,China
1133268,background,https://xeno-canto.org/1133268/download,29.0,A,Philippines
1133128,background,https://xeno-canto.org/1133128/download,11.0,A,Gabon
1133124,background,https://xeno-canto.org/1133124/download,10.0,A,Gabon
1133118,background,https://xeno-canto.org/1133118/download,25.0,A,Gabon
1133112,background,https://xeno-canto.org/1133112/download,20.0,A,Gabon
1133108,background,https://xeno-canto.org/1133108/download,25.0,A,Gabon
1133014,background,https://xeno-canto.org/1133014/download,73.0,A,Belgium
1132949,background,https://xeno-canto.org/1132949/download,24.0,A,United Kingdom
1120088,background,https://xeno-canto.org/1120088/download,40.0,A,Gabon
1120086,background,https://xeno-canto.org/1120086/download,10.0,A,Gabon
1120082,background,https://xeno-canto.org/1120082/download,24.0,A,China
1120077,background,https://xeno-canto.org/1120077/download,24.0,A,Gabon
1120075,background,https://xeno-canto.org/1120075/download,42.0,A,Gabon
1120070,background,https://xeno-canto.org/1120070/download,24.0,A,Gabon
1120066,background,https://xeno-canto.org/1120066/download,35.0,A,Gabon
1120062,background,https://xeno-canto.org/1120062/download,31.0,A,Gabon
1120051,background,https://xeno-canto.org/1120051/download,27.0,A,Gabon
1120039,background,https://xeno-canto.org/1120039/download,38.0,A,Gabon
1120034,background,https://xeno-canto.org/1120034/download,15.0,A,Gabon
1120033,background,https://xeno-canto.org/1120033/download,19.0,A,Gabon
1120007,background,https://xeno-canto.org/1120007/download,19.0,A,Gabon
1108935,background,https://xeno-canto.org/1108935/download,13.0,A,Netherlands
1107917,background,https://xeno-canto.org/1107917/download,78.0,A,Poland
1107633,background,https://xeno-canto.org/1107633/download,35.0,A,Vietnam
1107493,background,https://xeno-canto.org/1107493/download,49.0,A,Australia
1107392,background,https://xeno-canto.org/1107392/download,17.0,A,Ecuador
1107379,background,https://xeno-canto.org/1107379/download,14.0,A,Sweden
1107276,background,https://xeno-canto.org/1107276/download,88.0,A,Germany
1107233,background,https://xeno-canto.org/1107233/download,99.0,A,Colombia
1107227,background,https://xeno-canto.org/1107227/download,25.0,A,Spain
1107053,background,https://xeno-canto.org/1107053/download,117.0,A,China
1106932,background,https://xeno-canto.org/1106932/download,92.0,A,Brazil
1106790,background,https://xeno-canto.org/1106790/download,61.0,A,Singapore
1106781,background,https://xeno-canto.org/1106781/download,62.0,A,Colombia
1106736,background,https://xeno-canto.org/1106736/download,72.0,A,Vietnam
1106703,background,https://xeno-canto.org/1106703/download,64.0,A,Colombia
1106690,background,https://xeno-canto.org/1106690/download,21.0,A,Colombia
1106594,background,https://xeno-canto.org/1106594/download,12.0,A,Colombia
1106414,background,https://xeno-canto.org/1106414/download,61.0,A,Costa Rica
1106303,background,https://xeno-canto.org/1106303/download,33.0,A,France
1106102,background,https://xeno-canto.org/1106102/download,45.0,A,France
1106093,background,https://xeno-canto.org/1106093/download,11.0,A,Netherlands
1106054,background,https://xeno-canto.org/1106054/download,50.0,A,Germany
1105920,background,https://xeno-canto.org/1105920/download,43.0,A,France
1105919,background,https://xeno-canto.org/1105919/download,36.0,A,France
1105895,background,https://xeno-canto.org/1105895/download,50.0,A,United States
1105894,background,https://xeno-canto.org/1105894/download,29.0,A,United States
1105859,background,https://xeno-canto.org/1105859/download,14.0,A,France
1105794,background,https://xeno-canto.org/1105794/download,61.0,A,Spain
1105645,background,https://xeno-canto.org/1105645/download,49.0,A,Hungary
1105620,background,https://xeno-canto.org/1105620/download,29.0,A,Sweden
1105546,background,https://xeno-canto.org/1105546/download,78.0,A,Brazil
1105541,background,https://xeno-canto.org/1105541/download,38.0,A,United Kingdom
1105301,background,https://xeno-canto.org/1105301/download,33.0,A,France
1105300,background,https://xeno-canto.org/1105300/download,50.0,A,Thailand
1105298,background,https://xeno-canto.org/1105298/download,17.0,A,Thailand
1105263,background,https://xeno-canto.org/1105263/download,20.0,A,France
1105262,background,https://xeno-canto.org/1105262/download,38.0,A,France
1105261,background,https://xeno-canto.org/1105261/download,19.0,A,France
1105260,background,https://xeno-canto.org/1105260/download,55.0,A,France
1105259,background,https://xeno-canto.org/1105259/download,60.0,A,France
1105258,background,https://xeno-canto.org/1105258/download,12.0,A,France
1105257,background,https://xeno-canto.org/1105257/download,10.0,A,France
1105243,background,https://xeno-canto.org/1105243/download,10.0,A,France
1105240,background,https://xeno-canto.org/1105240/download,49.0,A,France
1105239,background,https://xeno-canto.org/1105239/download,36.0,A,France
1105238,background,https://xeno-canto.org/1105238/download,48.0,A,France
1105237,background,https://xeno-canto.org/1105237/download,20.0,A,France
1105233,background,https://xeno-canto.org/1105233/download,57.0,A,France
1105231,background,https://xeno-canto.org/1105231/download,37.0,A,France
1105227,background,https://xeno-canto.org/1105227/download,31.0,A,France
1105221,background,https://xeno-canto.org/1105221/download,10.0,A,France
1105219,background,https://xeno-canto.org/1105219/download,21.0,A,France
1105217,background,https://xeno-canto.org/1105217/download,104.0,A,France
1105216,background,https://xeno-canto.org/1105216/download,63.0,A,France
1105215,background,https://xeno-canto.org/1105215/download,13.0,A,France
1105200,background,https://xeno-canto.org/1105200/download,29.0,A,United States
1105183,background,https://xeno-canto.org/1105183/download,57.0,A,Thailand
1104954,background,https://xeno-canto.org/1104954/download,20.0,A,France
1104885,background,https://xeno-canto.org/1104885/download,103.0,A,Poland
1104837,background,https://xeno-canto.org/1104837/download,71.0,A,Switzerland
1104825,background,https://xeno-canto.org/1104825/download,32.0,A,Colombia
1104637,background,https://xeno-canto.org/1104637/download,95.0,A,Singapore
1104636,background,https://xeno-canto.org/1104636/download,68.0,A,Singapore
1104564,background,https://xeno-canto.org/1104564/download,13.0,A,France
1104549,background,https://xeno-canto.org/1104549/download,70.0,A,Australia
1104548,background,https://xeno-canto.org/1104548/download,15.0,A,Australia
1104547,background,https://xeno-canto.org/1104547/download,27.0,A,Australia
1104491,background,https://xeno-canto.org/1104491/download,45.0,A,France
1104348,background,https://xeno-canto.org/1104348/download,60.0,A,Spain
1104345,background,https://xeno-canto.org/1104345/download,37.0,A,Australia
1104344,background,https://xeno-canto.org/1104344/download,35.0,A,Australia
1104330,background,https://xeno-canto.org/1104330/download,38.0,A,Australia
1104266,background,https://xeno-canto.org/1104266/download,11.0,A,United Arab Emirates
1104233,background,https://xeno-canto.org/1104233/download,64.0,A,United States
1104195,background,https://xeno-canto.org/1104195/download,29.0,A,France
1104194,background,https://xeno-canto.org/1104194/download,44.0,A,France
1104187,background,https://xeno-canto.org/1104187/download,43.0,A,Colombia
1104154,background,https://xeno-canto.org/1104154/download,94.0,A,Poland
1104145,background,https://xeno-canto.org/1104145/download,112.0,A,Poland
1104116,background,https://xeno-canto.org/1104116/download,19.0,A,China
1104023,background,https://xeno-canto.org/1104023/download,14.0,A,Colombia
1103979,background,https://xeno-canto.org/1103979/download,19.0,A,Grenada
1103955,background,https://xeno-canto.org/1103955/download,12.0,A,Ecuador
1103888,background,https://xeno-canto.org/1103888/download,42.0,A,China
1103865,background,https://xeno-canto.org/1103865/download,57.0,A,Australia
1103862,background,https://xeno-canto.org/1103862/download,77.0,A,Australia
1103778,background,https://xeno-canto.org/1103778/download,30.0,A,United Arab Emirates
1103777,background,https://xeno-canto.org/1103777/download,44.0,A,United Arab Emirates
1103776,background,https://xeno-canto.org/1103776/download,19.0,A,United Arab Emirates
1103637,background,https://xeno-canto.org/1103637/download,18.0,A,Cambodia
1103573,background,https://xeno-canto.org/1103573/download,106.0,A,China
1103551,background,https://xeno-canto.org/1103551/download,16.0,A,Australia
1103506,background,https://xeno-canto.org/1103506/download,29.0,A,Colombia
1103500,background,https://xeno-canto.org/1103500/download,31.0,A,Spain
1103499,background,https://xeno-canto.org/1103499/download,33.0,A,Spain
1103498,background,https://xeno-canto.org/1103498/download,54.0,A,Spain
1103495,background,https://xeno-canto.org/1103495/download,53.0,A,Spain
1103493,background,https://xeno-canto.org/1103493/download,36.0,A,Spain
1103491,background,https://xeno-canto.org/1103491/download,109.0,A,Spain
1103488,background,https://xeno-canto.org/1103488/download,50.0,A,Spain
1103485,background,https://xeno-canto.org/1103485/download,71.0,A,Spain
1103483,background,https://xeno-canto.org/1103483/download,45.0,A,Spain
1103481,background,https://xeno-canto.org/1103481/download,71.0,A,Spain
1103479,background,https://xeno-canto.org/1103479/download,35.0,A,Spain
1103478,background,https://xeno-canto.org/1103478/download,47.0,A,Spain
1103477,background,https://xeno-canto.org/1103477/download,33.0,A,Spain
1103476,background,https://xeno-canto.org/1103476/download,28.0,A,Spain
1103474,background,https://xeno-canto.org/1103474/download,29.0,A,Spain
1103035,background,https://xeno-canto.org/1103035/download,32.0,A,Brazil
1102903,background,https://xeno-canto.org/1102903/download,10.0,A,Colombia
1102900,background,https://xeno-canto.org/1102900/download,44.0,A,Colombia
1102839,background,https://xeno-canto.org/1102839/download,52.0,A,Colombia
1102838,background,https://xeno-canto.org/1102838/download,116.0,A,Colombia
1102837,background,https://xeno-canto.org/1102837/download,22.0,A,Colombia
1102815,background,https://xeno-canto.org/1102815/download,20.0,A,Colombia
1102810,background,https://xeno-canto.org/1102810/download,65.0,A,Colombia
1102757,background,https://xeno-canto.org/1102757/download,72.0,A,France
1102755,background,https://xeno-canto.org/1102755/download,69.0,A,France
1102754,background,https://xeno-canto.org/1102754/download,50.0,A,France
1102753,background,https://xeno-canto.org/1102753/download,30.0,A,France
1102730,background,https://xeno-canto.org/1102730/download,97.0,A,France
1102717,background,https://xeno-canto.org/1102717/download,10.0,A,Colombia
1102713,background,https://xeno-canto.org/1102713/download,11.0,A,Colombia
1102619,background,https://xeno-canto.org/1102619/download,15.0,A,Thailand
1102617,background,https://xeno-canto.org/1102617/download,46.0,A,Thailand
1102615,background,https://xeno-canto.org/1102615/download,48.0,A,Thailand
1102570,background,https://xeno-canto.org/1102570/download,113.0,A,United States
1102475,background,https://xeno-canto.org/1102475/download,10.0,A,Thailand
1102365,background,https://xeno-canto.org/1102365/download,42.0,A,Spain
1102364,background,https://xeno-canto.org/1102364/download,73.0,A,Spain
1102363,background,https://xeno-canto.org/1102363/download,23.0,A,Spain
1102362,background,https://xeno-canto.org/1102362/download,63.0,A,Spain
1102361,background,https://xeno-canto.org/1102361/download,20.0,A,Spain
1102228,background,https://xeno-canto.org/1102228/download,14.0,A,Switzerland
1102184,background,https://xeno-canto.org/1102184/download,36.0,A,China
1102174,background,https://xeno-canto.org/1102174/download,25.0,A,China
1101836,background,https://xeno-canto.org/1101836/download,23.0,A,France
1101835,background,https://xeno-canto.org/1101835/download,28.0,A,France
1101654,background,https://xeno-canto.org/1101654/download,90.0,A,Ecuador
1101652,background,https://xeno-canto.org/1101652/download,60.0,A,Ecuador
1101611,background,https://xeno-canto.org/1101611/download,10.0,A,Costa Rica
1101610,background,https://xeno-canto.org/1101610/download,52.0,A,Costa Rica
1101575,background,https://xeno-canto.org/1101575/download,24.0,A,Thailand
1101545,background,https://xeno-canto.org/1101545/download,71.0,A,Spain
1101540,background,https://xeno-canto.org/1101540/download,115.0,A,Spain
1101538,background,https://xeno-canto.org/1101538/download,47.0,A,Spain
1101537,background,https://xeno-canto.org/1101537/download,59.0,A,Spain
1101535,background,https://xeno-canto.org/1101535/download,82.0,A,Spain
1101529,background,https://xeno-canto.org/1101529/download,35.0,A,Spain
1101437,background,https://xeno-canto.org/1101437/download,84.0,A,United Kingdom
1101388,background,https://xeno-canto.org/1101388/download,31.0,A,France
1101387,background,https://xeno-canto.org/1101387/download,41.0,A,France
1101386,background,https://xeno-canto.org/1101386/download,68.0,A,France
1101380,background,https://xeno-canto.org/1101380/download,44.0,A,France
1101376,background,https://xeno-canto.org/1101376/download,49.0,A,France
1101375,background,https://xeno-canto.org/1101375/download,39.0,A,France
1101373,background,https://xeno-canto.org/1101373/download,24.0,A,France
1101366,background,https://xeno-canto.org/1101366/download,34.0,A,Paraguay
1101249,background,https://xeno-canto.org/1101249/download,16.0,A,France
1101053,background,https://xeno-canto.org/1101053/download,99.0,A,China
1100954,background,https://xeno-canto.org/1100954/download,112.0,A,Jordan
1100886,background,https://xeno-canto.org/1100886/download,30.0,A,China
1100883,background,https://xeno-canto.org/1100883/download,48.0,A,China
1100830,background,https://xeno-canto.org/1100830/download,30.0,A,Botswana
1100811,background,https://xeno-canto.org/1100811/download,87.0,A,Germany
1100553,background,https://xeno-canto.org/1100553/download,10.0,A,Saudi Arabia
1100542,background,https://xeno-canto.org/1100542/download,18.0,A,Yemen
1100541,background,https://xeno-canto.org/1100541/download,11.0,A,Yemen
1100088,background,https://xeno-canto.org/1100088/download,50.0,A,France
1099399,background,https://xeno-canto.org/1099399/download,31.0,A,Germany
1099398,background,https://xeno-canto.org/1099398/download,29.0,A,Germany
1099110,background,https://xeno-canto.org/1099110/download,69.0,A,France
1099109,background,https://xeno-canto.org/1099109/download,25.0,A,France
1099108,background,https://xeno-canto.org/1099108/download,45.0,A,France
1099107,background,https://xeno-canto.org/1099107/download,115.0,A,France
1099105,background,https://xeno-canto.org/1099105/download,78.0,A,France
1099104,background,https://xeno-canto.org/1099104/download,110.0,A,France
1099101,background,https://xeno-canto.org/1099101/download,24.0,A,France
1099099,background,https://xeno-canto.org/1099099/download,55.0,A,France
1099098,background,https://xeno-canto.org/1099098/download,20.0,A,France
1099097,background,https://xeno-canto.org/1099097/download,11.0,A,France
1099096,background,https://xeno-canto.org/1099096/download,32.0,A,France
1099095,background,https://xeno-canto.org/1099095/download,18.0,A,France
1099094,background,https://xeno-canto.org/1099094/download,10.0,A,France
1099093,background,https://xeno-canto.org/1099093/download,36.0,A,France
1099091,background,https://xeno-canto.org/1099091/download,98.0,A,France
1099090,background,https://xeno-canto.org/1099090/download,12.0,A,France
1099089,background,https://xeno-canto.org/1099089/download,72.0,A,France
1099087,background,https://xeno-canto.org/1099087/download,19.0,A,France
1099086,background,https://xeno-canto.org/1099086/download,24.0,A,France
1099085,background,https://xeno-canto.org/1099085/download,50.0,A,France
1099084,background,https://xeno-canto.org/1099084/download,98.0,A,France
1099083,background,https://xeno-canto.org/1099083/download,17.0,A,France
1098997,background,https://xeno-canto.org/1098997/download,49.0,A,South Africa
1098996,background,https://xeno-canto.org/1098996/download,58.0,A,Zambia
1098930,background,https://xeno-canto.org/1098930/download,30.0,A,Thailand
1098929,background,https://xeno-canto.org/1098929/download,16.0,A,Thailand
1098891,background,https://xeno-canto.org/1098891/download,23.0,A,France
1098890,background,https://xeno-canto.org/1098890/download,13.0,A,France
1098889,background,https://xeno-canto.org/1098889/download,15.0,A,France
1098885,background,https://xeno-canto.org/1098885/download,18.0,A,France
1098884,background,https://xeno-canto.org/1098884/download,25.0,A,France
1098880,background,https://xeno-canto.org/1098880/download,32.0,A,France
1098879,background,https://xeno-canto.org/1098879/download,54.0,A,France
1098876,background,https://xeno-canto.org/1098876/download,25.0,A,France
1098870,background,https://xeno-canto.org/1098870/download,40.0,A,France
1098869,background,https://xeno-canto.org/1098869/download,66.0,A,France
1098868,background,https://xeno-canto.org/1098868/download,15.0,A,France
1098866,background,https://xeno-canto.org/1098866/download,32.0,A,France
1098863,background,https://xeno-canto.org/1098863/download,35.0,A,France
1098862,background,https://xeno-canto.org/1098862/download,68.0,A,France
1098861,background,https://xeno-canto.org/1098861/download,10.0,A,France
1098860,background,https://xeno-canto.org/1098860/download,30.0,A,France
1098859,background,https://xeno-canto.org/1098859/download,18.0,A,France
1098858,background,https://xeno-canto.org/1098858/download,14.0,A,France
1098857,background,https://xeno-canto.org/1098857/download,31.0,A,France
1098856,background,https://xeno-canto.org/1098856/download,25.0,A,France
1098855,background,https://xeno-canto.org/1098855/download,48.0,A,France
1098853,background,https://xeno-canto.org/1098853/download,31.0,A,France
1098852,background,https://xeno-canto.org/1098852/download,18.0,A,France
1098851,background,https://xeno-canto.org/1098851/download,28.0,A,France
1098850,background,https://xeno-canto.org/1098850/download,12.0,A,France
1098849,background,https://xeno-canto.org/1098849/download,10.0,A,France
1098848,background,https://xeno-canto.org/1098848/download,16.0,A,France
1098847,background,https://xeno-canto.org/1098847/download,30.0,A,France
1098844,background,https://xeno-canto.org/1098844/download,59.0,A,France
1098843,background,https://xeno-canto.org/1098843/download,29.0,A,France
1098717,background,https://xeno-canto.org/1098717/download,21.0,A,France
1098716,background,https://xeno-canto.org/1098716/download,21.0,A,France
1098711,background,https://xeno-canto.org/1098711/download,17.0,A,France
1098708,background,https://xeno-canto.org/1098708/download,20.0,A,France
1098707,background,https://xeno-canto.org/1098707/download,16.0,A,France
1098705,background,https://xeno-canto.org/1098705/download,11.0,A,France
1098704,background,https://xeno-canto.org/1098704/download,20.0,A,France
1098702,background,https://xeno-canto.org/1098702/download,26.0,A,France
1098701,background,https://xeno-canto.org/1098701/download,31.0,A,France
1098700,background,https://xeno-canto.org/1098700/download,12.0,A,France
1098697,background,https://xeno-canto.org/1098697/download,19.0,A,France
1098692,background,https://xeno-canto.org/1098692/download,21.0,A,France
1098691,background,https://xeno-canto.org/1098691/download,12.0,A,France
1098689,background,https://xeno-canto.org/1098689/download,20.0,A,France
1098688,background,https://xeno-canto.org/1098688/download,14.0,A,France
1098687,background,https://xeno-canto.org/1098687/download,10.0,A,France
1098686,background,https://xeno-canto.org/1098686/download,30.0,A,France
1098683,background,https://xeno-canto.org/1098683/download,22.0,A,France
1098682,background,https://xeno-canto.org/1098682/download,26.0,A,France
1098681,background,https://xeno-canto.org/1098681/download,50.0,A,France
1098680,background,https://xeno-canto.org/1098680/download,14.0,A,France
1098678,background,https://xeno-canto.org/1098678/download,35.0,A,France
1098676,background,https://xeno-canto.org/1098676/download,20.0,A,France
1098675,background,https://xeno-canto.org/1098675/download,13.0,A,France
1098674,background,https://xeno-canto.org/1098674/download,37.0,A,France
1098673,background,https://xeno-canto.org/1098673/download,23.0,A,France
1098672,background,https://xeno-canto.org/1098672/download,23.0,A,France
1098670,background,https://xeno-canto.org/1098670/download,13.0,A,France
1098669,background,https://xeno-canto.org/1098669/download,33.0,A,France
1098668,background,https://xeno-canto.org/1098668/download,16.0,A,France
1098667,background,https://xeno-canto.org/1098667/download,29.0,A,France
1098613,background,https://xeno-canto.org/1098613/download,39.0,A,France
1098609,background,https://xeno-canto.org/1098609/download,51.0,A,France
1098606,background,https://xeno-canto.org/1098606/download,10.0,A,France
1098602,background,https://xeno-canto.org/1098602/download,54.0,A,France
1098599,background,https://xeno-canto.org/1098599/download,66.0,A,France
1098598,background,https://xeno-canto.org/1098598/download,26.0,A,France
1098597,background,https://xeno-canto.org/1098597/download,27.0,A,France
1098594,background,https://xeno-canto.org/1098594/download,11.0,A,France
1098591,background,https://xeno-canto.org/1098591/download,12.0,A,France
1098585,background,https://xeno-canto.org/1098585/download,43.0,A,France
1098584,background,https://xeno-canto.org/1098584/download,63.0,A,France
1098583,background,https://xeno-canto.org/1098583/download,31.0,A,France
1098573,background,https://xeno-canto.org/1098573/download,11.0,A,France
1098572,background,https://xeno-canto.org/1098572/download,48.0,A,France
1098567,background,https://xeno-canto.org/1098567/download,51.0,A,France
1098566,background,https://xeno-canto.org/1098566/download,27.0,A,France
