recording_id,species,window_idx,source_url,split
1139951,American Robin,0,https://xeno-canto.org/1139951/download,train
1139951,American Robin,1,https://xeno-canto.org/1139951/download,train
1139951,American Robin,2,https://xeno-canto.org/1139951/download,train
1139951,American Robin,3,https://xeno-canto.org/1139951/download,train
1139951,American Robin,4,https://xeno-canto.org/1139951/download,train
1139951,American Robin,5,https://xeno-canto.org/1139951/download,train
1139951,American Robin,6,https://xeno-canto.org/1139951/download,train
1139951,American Robin,7,https://xeno-canto.org/1139951/download,train
1139951,American Robin,8,https://xeno-canto.org/1139951/download,train
1139951,American Robin,9,https://xeno-canto.org/1139951/download,train
1139498,American Robin,0,https://xeno-canto.org/1139498/download,test
1139498,American Robin,1,https://xeno-canto.org/1139498/download,test
1139498,American Robin,2,https://xeno-canto.org/1139498/download,test
1139498,American Robin,3,https://xeno-canto.org/1139498/download,test
1139498,American Robin,4,https://xeno-canto.org/1139498/download,test
1139498,American Robin,5,https://xeno-canto.org/1139498/download,test
1139498,American Robin,6,https://xeno-canto.org/1139498/download,test
1139498,American Robin,7,https://xeno-canto.org/1139498/download,test
1139498,American Robin,8,https://xeno-canto.org/1139498/download,test
1139498,American Robin,9,https://xeno-canto.org/1139498/download,test
1139498,American Robin,10,https://xeno-canto.org/1139498/download,test
1139498,American Robin,11,https://xeno-canto.org/1139498/download,test
1139498,American Robin,12,https://xeno-canto.org/1139498/download,test
1139498,American Robin,13,https://xeno-canto.org/1139498/download,test
1139498,American Robin,14,https://xeno-canto.org/1139498/download,test
1138978,American Robin,0,https://xeno-canto.org/1138978/download,train
1138978,American Robin,1,https://xeno-canto.org/1138978/download,train
1138978,American Robin,2,https://xeno-canto.org/1138978/download,train
1138978,American Robin,3,https://xeno-canto.org/1138978/download,train
1138978,American Robin,4,https://xeno-canto.org/1138978/download,train
1138978,American Robin,5,https://xeno-canto.org/1138978/download,train
1138978,American Robin,6,https://xeno-canto.org/1138978/download,train
1138978,American Robin,7,https://xeno-canto.org/1138978/download,train
1138978,American Robin,8,https://xeno-canto.org/1138978/download,train
1138978,American Robin,9,https://xeno-canto.org/1138978/download,train
1138978,American Robin,10,https://xeno-canto.org/1138978/download,train
1135112,American Robin,0,https://xeno-canto.org/1135112/download,val
1135112,American Robin,1,https://xeno-canto.org/1135112/download,val
1135112,American Robin,2,https://xeno-canto.org/1135112/download,val
1135112,American Robin,3,https://xeno-canto.org/1135112/download,val
1135112,American Robin,4,https://xeno-canto.org/1135112/download,val
1135112,American Robin,5,https://xeno-canto.org/1135112/download,val
1135112,American Robin,6,https://xeno-canto.org/1135112/download,val
1135112,American Robin,7,https://xeno-canto.org/1135112/download,val
1135112,American Robin,8,https://xeno-canto.org/1135112/download,val
1135112,American Robin,9,https://xeno-canto.org/1135112/download,val
1135112,American Robin,10,https://xeno-canto.org/1135112/download,val
1135112,American Robin,11,https://xeno-canto.org/1135112/download,val
1135112,American Robin,12,https://xeno-canto.org/1135112/download,val
1135112,American Robin,13,https://xeno-canto.org/1135112/download,val
1135112,American Robin,14,https://xeno-canto.org/1135112/download,val
1107061,American Robin,0,https://xeno-canto.org/1107061/download,train
1107061,American Robin,1,https://xeno-canto.org/1107061/download,train
1107061,American Robin,2,https://xeno-canto.org/1107061/download,train
1107061,American Robin,3,https://xeno-canto.org/1107061/download,train
1107061,American Robin,4,https://xeno-canto.org/1107061/download,train
1107061,American Robin,5,https://xeno-canto.org/1107061/download,train
1107061,American Robin,6,https://xeno-canto.org/1107061/download,train
1107061,American Robin,7,https://xeno-canto.org/1107061/download,train
1107061,American Robin,8,https://xeno-canto.org/1107061/download,train
1107061,American Robin,9,https://xeno-canto.org/1107061/download,train
1107061,American Robin,10,https://xeno-canto.org/1107061/download,train
1107061,American Robin,11,https://xeno-canto.org/1107061/download,train
1107061,American Robin,12,https://xeno-canto.org/1107061/download,train
1107061,American Robin,13,https://xeno-canto.org/1107061/download,train
1107061,American Robin,14,https://xeno-canto.org/1107061/download,train
1100538,American Robin,0,https://xeno-canto.org/1100538/download,train
1100538,American Robin,1,https://xeno-canto.org/1100538/download,train
1100538,American Robin,2,https://xeno-canto.org/1100538/download,train
1100538,American Robin,3,https://xeno-canto.org/1100538/download,train
1100538,American Robin,4,https://xeno-canto.org/1100538/download,train
1100538,American Robin,5,https://xeno-canto.org/1100538/download,train
1100538,American Robin,6,https://xeno-canto.org/1100538/download,train
1100538,American Robin,7,https://xeno-canto.org/1100538/download,train
1100538,American Robin,8,https://xeno-canto.org/1100538/download,train
1100538,American Robin,9,https://xeno-canto.org/1100538/download,train
1100538,American Robin,10,https://xeno-canto.org/1100538/download,train
1100538,American Robin,11,https://xeno-canto.org/1100538/download,train
1100538,American Robin,12,https://xeno-canto.org/1100538/download,train
1100538,American Robin,13,https://xeno-canto.org/1100538/download,train
1100538,American Robin,14,https://xeno-canto.org/1100538/download,train
1099293,American Robin,0,https://xeno-canto.org/1099293/download,train
1099293,American Robin,1,https://xeno-canto.org/1099293/download,train
1099293,American Robin,2,https://xeno-canto.org/1099293/download,train
1099293,American Robin,3,https://xeno-canto.org/1099293/download,train
1099293,American Robin,4,https://xeno-canto.org/1099293/download,train
1099293,American Robin,5,https://xeno-canto.org/1099293/download,train
1099293,American Robin,6,https://xeno-canto.org/1099293/download,train
1099293,American Robin,7,https://xeno-canto.org/1099293/download,train
1099293,American Robin,8,https://xeno-canto.org/1099293/download,train
1099293,American Robin,9,https://xeno-canto.org/1099293/download,train
1099293,American Robin,10,https://xeno-canto.org/1099293/download,train
1099293,American Robin,11,https://xeno-canto.org/1099293/download,train
1099293,American Robin,12,https://xeno-canto.org/1099293/download,train
1099293,American Robin,13,https://xeno-canto.org/1099293/download,train
1099293,American Robin,14,https://xeno-canto.org/1099293/download,train
1089129,American Robin,0,https://xeno-canto.org/1089129/download,train
1089129,American Robin,1,https://xeno-canto.org/1089129/download,train
1089129,American Robin,2,https://xeno-canto.org/1089129/download,train
1089129,American Robin,3,https://xeno-canto.org/1089129/download,train
1089129,American Robin,4,https://xeno-canto.org/1089129/download,train
1089129,American Robin,5,https://xeno-canto.org/1089129/download,train
1089129,American Robin,6,https://xeno-canto.org/1089129/download,train
1089129,American Robin,7,https://xeno-canto.org/1089129/download,train
1089129,American Robin,8,https://xeno-canto.org/1089129/download,train
1079586,American Robin,0,https://xeno-canto.org/1079586/download,train
1079586,American Robin,1,https://xeno-canto.org/1079586/download,train
1079586,American Robin,2,https://xeno-canto.org/1079586/download,train
1079586,American Robin,3,https://xeno-canto.org/1079586/download,train
1079586,American Robin,4,https://xeno-canto.org/1079586/download,train
1079586,American Robin,5,https://xeno-canto.org/1079586/download,train
1079586,American Robin,6,https://xeno-canto.org/1079586/download,train
1079586,American Robin,7,https://xeno-canto.org/1079586/download,train
1079586,American Robin,8,https://xeno-canto.org/1079586/download,train
1079586,American Robin,9,https://xeno-canto.org/1079586/download,train
1079586,American Robin,10,https://xeno-canto.org/1079586/download,train
1079586,American Robin,11,https://xeno-canto.org/1079586/download,train
1079586,American Robin,12,https://xeno-canto.org/1079586/download,train
1079586,American Robin,13,https://xeno-canto.org/1079586/download,train
1079586,American Robin,14,https://xeno-canto.org/1079586/download,train
1068477,American Robin,0,https://xeno-canto.org/1068477/download,train
1068477,American Robin,1,https://xeno-canto.org/1068477/download,train
1068477,American Robin,2,https://xeno-canto.org/1068477/download,train
1068477,American Robin,3,https://xeno-canto.org/1068477/download,train
1068477,American Robin,4,https://xeno-canto.org/1068477/download,train
1068477,American Robin,5,https://xeno-canto.org/1068477/download,train
1068477,American Robin,6,https://xeno-canto.org/1068477/download,train
1068477,American Robin,7,https://xeno-canto.org/1068477/download,train
1068477,American Robin,8,https://xeno-canto.org/1068477/download,train
1068477,American Robin,9,https://xeno-canto.org/1068477/download,train
1068477,American Robin,10,https://xeno-canto.org/1068477/download,train
1068477,American Robin,11,https://xeno-canto.org/1068477/download,train
1068477,American Robin,12,https://xeno-canto.org/1068477/download,train
1068477,American Robin,13,https://xeno-canto.org/1068477/download,train
1068477,American Robin,14,https://xeno-canto.org/1068477/download,train
1047670,American Robin,0,https://xeno-canto.org/1047670/download,test
1047670,American Robin,1,https://xeno-canto.org/1047670/download,test
1047670,American Robin,2,https://xeno-canto.org/1047670/download,test
1047670,American Robin,3,https://xeno-canto.org/1047670/download,test
1047670,American Robin,4,https://xeno-canto.org/1047670/download,test
1047670,American Robin,5,https://xeno-canto.org/1047670/download,test
1047670,American Robin,6,https://xeno-canto.org/1047670/download,test
1047670,American Robin,7,https://xeno-canto.org/1047670/download,test
1047670,American Robin,8,https://xeno-canto.org/1047670/download,test
1047670,American Robin,9,https://xeno-canto.org/1047670/download,test
1047670,American Robin,10,https://xeno-canto.org/1047670/download,test
1047670,American Robin,11,https://xeno-canto.org/1047670/download,test
1047670,American Robin,12,https://xeno-canto.org/1047670/download,test
1047670,American Robin,13,https://xeno-canto.org/1047670/download,test
1047670,American Robin,14,https://xeno-canto.org/1047670/download,test
1023050,American Robin,0,https://xeno-canto.org/1023050/download,train
1023050,American Robin,1,https://xeno-canto.org/1023050/download,train
1023050,American Robin,2,https://xeno-canto.org/1023050/download,train
1023050,American Robin,3,https://xeno-canto.org/1023050/download,train
1023050,American Robin,4,https://xeno-canto.org/1023050/download,train
1023050,American Robin,5,https://xeno-canto.org/1023050/download,train
1023050,American Robin,6,https://xeno-canto.org/1023050/download,train
1023050,American Robin,7,https://xeno-canto.org/1023050/download,train
1023050,American Robin,8,https://xeno-canto.org/1023050/download,train
1023050,American Robin,9,https://xeno-canto.org/1023050/download,train
1023050,American Robin,10,https://xeno-canto.org/1023050/download,train
1023050,American Robin,11,https://xeno-canto.org/1023050/download,train
1023050,American Robin,12,https://xeno-canto.org/1023050/download,train
1023050,American Robin,13,https://xeno-canto.org/1023050/download,train
1023050,American Robin,14,https://xeno-canto.org/1023050/download,train
1010651,American Robin,0,https://xeno-canto.org/1010651/download,train
1010651,American Robin,1,https://xeno-canto.org/1010651/download,train
1010651,American Robin,2,https://xeno-canto.org/1010651/download,train
1010651,American Robin,3,https://xeno-canto.org/1010651/download,train
1010651,American Robin,4,https://xeno-canto.org/1010651/download,train
1010651,American Robin,5,https://xeno-canto.org/1010651/download,train
1010651,American Robin,6,https://xeno-canto.org/1010651/download,train
1010651,American Robin,7,https://xeno-canto.org/1010651/download,train
1010651,American Robin,8,https://xeno-canto.org/1010651/download,train
1010651,American Robin,9,https://xeno-canto.org/1010651/download,train
1010651,American Robin,10,https://xeno-canto.org/1010651/download,train
1010651,American Robin,11,https://xeno-canto.org/1010651/download,train
1010651,American Robin,12,https://xeno-canto.org/1010651/download,train
1010651,American Robin,13,https://xeno-canto.org/1010651/download,train
1010651,American Robin,14,https://xeno-canto.org/1010651/download,train
1005778,American Robin,0,https://xeno-canto.org/1005778/download,val
1005778,American Robin,1,https://xeno-canto.org/1005778/download,val
1005778,American Robin,2,https://xeno-canto.org/1005778/download,val
1005778,American Robin,3,https://xeno-canto.org/1005778/download,val
1005778,American Robin,4,https://xeno-canto.org/1005778/download,val
1005778,American Robin,5,https://xeno-canto.org/1005778/download,val
1005778,American Robin,6,https://xeno-canto.org/1005778/download,val
1005778,American Robin,7,https://xeno-canto.org/1005778/download,val
1005778,American Robin,8,https://xeno-canto.org/1005778/download,val
1005778,American Robin,9,https://xeno-canto.org/1005778/download,val
1005778,American Robin,10,https://xeno-canto.org/1005778/download,val
1005778,American Robin,11,https://xeno-canto.org/1005778/download,val
1005778,American Robin,12,https://xeno-canto.org/1005778/download,val
1005778,American Robin,13,https://xeno-canto.org/1005778/download,val
1005778,American Robin,14,https://xeno-canto.org/1005778/download,val
999808,American Robin,0,https://xeno-canto.org/999808/download,train
999808,American Robin,1,https://xeno-canto.org/999808/download,train
999808,American Robin,2,https://xeno-canto.org/999808/download,train
999808,American Robin,3,https://xeno-canto.org/999808/download,train
999808,American Robin,4,https://xeno-canto.org/999808/download,train
999808,American Robin,5,https://xeno-canto.org/999808/download,train
999643,American Robin,0,https://xeno-canto.org/999643/download,test
999643,American Robin,1,https://xeno-canto.org/999643/download,test
999643,American Robin,2,https://xeno-canto.org/999643/download,test
999643,American Robin,3,https://xeno-canto.org/999643/download,test
999643,American Robin,4,https://xeno-canto.org/999643/download,test
999643,American Robin,5,https://xeno-canto.org/999643/download,test
999643,American Robin,6,https://xeno-canto.org/999643/download,test
999643,American Robin,7,https://xeno-canto.org/999643/download,test
999643,American Robin,8,https://xeno-canto.org/999643/download,test
999643,American Robin,9,https://xeno-canto.org/999643/download,test
999643,American Robin,10,https://xeno-canto.org/999643/download,test
999643,American Robin,11,https://xeno-canto.org/999643/download,test
999643,American Robin,12,https://xeno-canto.org/999643/download,test
999643,American Robin,13,https://xeno-canto.org/999643/download,test
999643,American Robin,14,https://xeno-canto.org/999643/download,test
999642,American Robin,0,https://xeno-canto.org/999642/download,train
999642,American Robin,1,https://xeno-canto.org/999642/download,train
999642,American Robin,2,https://xeno-canto.org/999642/download,train
999642,American Robin,3,https://xeno-canto.org/999642/download,train
999642,American Robin,4,https://xeno-canto.org/999642/download,train
999642,American Robin,5,https://xeno-canto.org/999642/download,train
999642,American Robin,6,https://xeno-canto.org/999642/download,train
999642,American Robin,7,https://xeno-canto.org/999642/download,train
999642,American Robin,8,https://xeno-canto.org/999642/download,train
999642,American Robin,9,https://xeno-canto.org/999642/download,train
999642,American Robin,10,https://xeno-canto.org/999642/download,train
999642,American Robin,11,https://xeno-canto.org/999642/download,train
999642,American Robin,12,https://xeno-canto.org/999642/download,train
999642,American Robin,13,https://xeno-canto.org/999642/download,train
999642,American Robin,14,https://xeno-canto.org/999642/download,train
959619,American Robin,0,https://xeno-canto.org/959619/download,train
959619,American Robin,1,https://xeno-canto.org/959619/download,train
959619,American Robin,2,https://xeno-canto.org/959619/download,train
959619,American Robin,3,https://xeno-canto.org/959619/download,train
959619,American Robin,4,https://xeno-canto.org/959619/download,train
959619,American Robin,5,https://xeno-canto.org/959619/download,train
959619,American Robin,6,https://xeno-canto.org/959619/download,train
959619,American Robin,7,https://xeno-canto.org/959619/download,train
959619,American Robin,8,https://xeno-canto.org/959619/download,train
959619,American Robin,9,https://xeno-canto.org/959619/download,train
959619,American Robin,10,https://xeno-canto.org/959619/download,train
959619,American Robin,11,https://xeno-canto.org/959619/download,train
959619,American Robin,12,https://xeno-canto.org/959619/download,train
959619,American Robin,13,https://xeno-canto.org/959619/download,train
959619,American Robin,14,https://xeno-canto.org/959619/download,train
954703,American Robin,0,https://xeno-canto.org/954703/download,test
954703,American Robin,1,https://xeno-canto.org/954703/download,test
954703,American Robin,2,https://xeno-canto.org/954703/download,test
954703,American Robin,3,https://xeno-canto.org/954703/download,test
954703,American Robin,4,https://xeno-canto.org/954703/download,test
954703,American Robin,5,https://xeno-canto.org/954703/download,test
954703,American Robin,6,https://xeno-canto.org/954703/download,test
954703,American Robin,7,https://xeno-canto.org/954703/download,test
954703,American Robin,8,https://xeno-canto.org/954703/download,test
954703,American Robin,9,https://xeno-canto.org/954703/download,test
954703,American Robin,10,https://xeno-canto.org/954703/download,test
954703,American Robin,11,https://xeno-canto.org/954703/download,test
954703,American Robin,12,https://xeno-canto.org/954703/download,test
954703,American Robin,13,https://xeno-canto.org/954703/download,test
954703,American Robin,14,https://xeno-canto.org/954703/download,test
938991,American Robin,0,https://xeno-canto.org/938991/download,val
938991,American Robin,1,https://xeno-canto.org/938991/download,val
938991,American Robin,2,https://xeno-canto.org/938991/download,val
938991,American Robin,3,https://xeno-canto.org/938991/download,val
938991,American Robin,4,https://xeno-canto.org/938991/download,val
938991,American Robin,5,https://xeno-canto.org/938991/download,val
938991,American Robin,6,https://xeno-canto.org/938991/download,val
938991,American Robin,7,https://xeno-canto.org/938991/download,val
938991,American Robin,8,https://xeno-canto.org/938991/download,val
938991,American Robin,9,https://xeno-canto.org/938991/download,val
938991,American Robin,10,https://xeno-canto.org/938991/download,val
938991,American Robin,11,https://xeno-canto.org/938991/download,val
938991,American Robin,12,https://xeno-canto.org/938991/download,val
938991,American Robin,13,https://xeno-canto.org/938991/download,val
938991,American Robin,14,https://xeno-canto.org/938991/download,val
914376,American Robin,0,https://xeno-canto.org/914376/download,train
914376,American Robin,1,https://xeno-canto.org/914376/download,train
914376,American Robin,2,https://xeno-canto.org/914376/download,train
914376,American Robin,3,https://xeno-canto.org/914376/download,train
914376,American Robin,4,https://xeno-canto.org/914376/download,train
914376,American Robin,5,https://xeno-canto.org/914376/download,train
914376,American Robin,6,https://xeno-canto.org/914376/download,train
914376,American Robin,7,https://xeno-canto.org/914376/download,train
914376,American Robin,8,https://xeno-canto.org/914376/download,train
914376,American Robin,9,https://xeno-canto.org/914376/download,train
914376,American Robin,10,https://xeno-canto.org/914376/download,train
914376,American Robin,11,https://xeno-canto.org/914376/download,train
914376,American Robin,12,https://xeno-canto.org/914376/download,train
914376,American Robin,13,https://xeno-canto.org/914376/download,train
914376,American Robin,14,https://xeno-canto.org/914376/download,train
892933,American Robin,0,https://xeno-canto.org/892933/download,train
892933,American Robin,1,https://xeno-canto.org/892933/download,train
892933,American Robin,2,https://xeno-canto.org/892933/download,train
892933,American Robin,3,https://xeno-canto.org/892933/download,train
892933,American Robin,4,https://xeno-canto.org/892933/download,train
892933,American Robin,5,https://xeno-canto.org/892933/download,train
892933,American Robin,6,https://xeno-canto.org/892933/download,train
892933,American Robin,7,https://xeno-canto.org/892933/download,train
892933,American Robin,8,https://xeno-canto.org/892933/download,train
892933,American Robin,9,https://xeno-canto.org/892933/download,train
892933,American Robin,10,https://xeno-canto.org/892933/download,train
892933,American Robin,11,https://xeno-canto.org/892933/download,train
892933,American Robin,12,https://xeno-canto.org/892933/download,train
892933,American Robin,13,https://xeno-canto.org/892933/download,train
892933,American Robin,14,https://xeno-canto.org/892933/download,train
880805,American Robin,0,https://xeno-canto.org/880805/download,test
880805,American Robin,1,https://xeno-canto.org/880805/download,test
880805,American Robin,2,https://xeno-canto.org/880805/download,test
880805,American Robin,3,https://xeno-canto.org/880805/download,test
880805,American Robin,4,https://xeno-canto.org/880805/download,test
880805,American Robin,5,https://xeno-canto.org/880805/download,test
880805,American Robin,6,https://xeno-canto.org/880805/download,test
880805,American Robin,7,https://xeno-canto.org/880805/download,test
880805,American Robin,8,https://xeno-canto.org/880805/download,test
880805,American Robin,9,https://xeno-canto.org/880805/download,test
880805,American Robin,10,https://xeno-canto.org/880805/download,test
880805,American Robin,11,https://xeno-canto.org/880805/download,test
880805,American Robin,12,https://xeno-canto.org/880805/download,test
880805,American Robin,13,https://xeno-canto.org/880805/download,test
880805,American Robin,14,https://xeno-canto.org/880805/download,test
880802,American Robin,0,https://xeno-canto.org/880802/download,train
880802,American Robin,1,https://xeno-canto.org/880802/download,train
880802,American Robin,2,https://xeno-canto.org/880802/download,train
880802,American Robin,3,https://xeno-canto.org/880802/download,train
880802,American Robin,4,https://xeno-canto.org/880802/download,train
880802,American Robin,5,https://xeno-canto.org/880802/download,train
880802,American Robin,6,https://xeno-canto.org/880802/download,train
880802,American Robin,7,https://xeno-canto.org/880802/download,train
880802,American Robin,8,https://xeno-canto.org/880802/download,train
880802,American Robin,9,https://xeno-canto.org/880802/download,train
880802,American Robin,10,https://xeno-canto.org/880802/download,train
880802,American Robin,11,https://xeno-canto.org/880802/download,train
880802,American Robin,12,https://xeno-canto.org/880802/download,train
880802,American Robin,13,https://xeno-canto.org/880802/download,train
880802,American Robin,14,https://xeno-canto.org/880802/download,train
872369,American Robin,0,https://xeno-canto.org/872369/download,train
872369,American Robin,1,https://xeno-canto.org/872369/download,train
872369,American Robin,2,https://xeno-canto.org/872369/download,train
872369,American Robin,3,https://xeno-canto.org/872369/download,train
872369,American Robin,4,https://xeno-canto.org/872369/download,train
872369,American Robin,5,https://xeno-canto.org/872369/download,train
872369,American Robin,6,https://xeno-canto.org/872369/download,train
872369,American Robin,7,https://xeno-canto.org/872369/download,train
872369,American Robin,8,https://xeno-canto.org/872369/download,train
872369,American Robin,9,https://xeno-canto.org/872369/download,train
872369,American Robin,10,https://xeno-canto.org/872369/download,train
872369,American Robin,11,https://xeno-canto.org/872369/download,train
872369,American Robin,12,https://xeno-canto.org/872369/download,train
872369,American Robin,13,https://xeno-canto.org/872369/download,train
872369,American Robin,14,https://xeno-canto.org/872369/download,train
860362,American Robin,0,https://xeno-canto.org/860362/download,train
860362,American Robin,1,https://xeno-canto.org/860362/download,train
860362,American Robin,2,https://xeno-canto.org/860362/download,train
860362,American Robin,3,https://xeno-canto.org/860362/download,train
860362,American Robin,4,https://xeno-canto.org/860362/download,train
860362,American Robin,5,https://xeno-canto.org/860362/download,train
860362,American Robin,6,https://xeno-canto.org/860362/download,train
860362,American Robin,7,https://xeno-canto.org/860362/download,train
860362,American Robin,8,https://xeno-canto.org/860362/download,train
860362,American Robin,9,https://xeno-canto.org/860362/download,train
860362,American Robin,10,https://xeno-canto.org/860362/download,train
860362,American Robin,11,https://xeno-canto.org/860362/download,train
860362,American Robin,12,https://xeno-canto.org/860362/download,train
860362,American Robin,13,https://xeno-canto.org/860362/download,train
860362,American Robin,14,https://xeno-canto.org/860362/download,train
825254,American Robin,0,https://xeno-canto.org/825254/download,train
825254,American Robin,1,https://xeno-canto.org/825254/download,train
825254,American Robin,2,https://xeno-canto.org/825254/download,train
825254,American Robin,3,https://xeno-canto.org/825254/download,train
825254,American Robin,4,https://xeno-canto.org/825254/download,train
825254,American Robin,5,https://xeno-canto.org/825254/download,train
825254,American Robin,6,https://xeno-canto.org/825254/download,train
825254,American Robin,7,https://xeno-canto.org/825254/download,train
825254,American Robin,8,https://xeno-canto.org/825254/download,train
825254,American Robin,9,https://xeno-canto.org/825254/download,train
825254,American Robin,10,https://xeno-canto.org/825254/download,train
825254,American Robin,11,https://xeno-canto.org/825254/download,train
825254,American Robin,12,https://xeno-canto.org/825254/download,train
825254,American Robin,13,https://xeno-canto.org/825254/download,train
825254,American Robin,14,https://xeno-canto.org/825254/download,train
803375,American Robin,0,https://xeno-canto.org/803375/download,train
803375,American Robin,1,https://xeno-canto.org/803375/download,train
803375,American Robin,2,https://xeno-canto.org/803375/download,train
803375,American Robin,3,https://xeno-canto.org/803375/download,train
803375,American Robin,4,https://xeno-canto.org/803375/download,train
803375,American Robin,5,https://xeno-canto.org/803375/download,train
803375,American Robin,6,https://xeno-canto.org/803375/download,train
803375,American Robin,7,https://xeno-canto.org/803375/download,train
803375,American Robin,8,https://xeno-canto.org/803375/download,train
803375,American Robin,9,https://xeno-canto.org/803375/download,train
803375,American Robin,10,https://xeno-canto.org/803375/download,train
803375,American Robin,11,https://xeno-canto.org/803375/download,train
803375,American Robin,12,https://xeno-canto.org/803375/download,train
803375,American Robin,13,https://xeno-canto.org/803375/download,train
789575,American Robin,0,https://xeno-canto.org/789575/download,train
789575,American Robin,1,https://xeno-canto.org/789575/download,train
789575,American Robin,2,https://xeno-canto.org/789575/download,train
789575,American Robin,3,https://xeno-canto.org/789575/download,train
789575,American Robin,4,https://xeno-canto.org/789575/download,train
789575,American Robin,5,https://xeno-canto.org/789575/download,train
789575,American Robin,6,https://xeno-canto.org/789575/download,train
789575,American Robin,7,https://xeno-canto.org/789575/download,train
789575,American Robin,8,https://xeno-canto.org/789575/download,train
789575,American Robin,9,https://xeno-canto.org/789575/download,train
789575,American Robin,10,https://xeno-canto.org/789575/download,train
789575,American Robin,11,https://xeno-canto.org/789575/download,train
789575,American Robin,12,https://xeno-canto.org/789575/download,train
789575,American Robin,13,https://xeno-canto.org/789575/download,train
789575,American Robin,14,https://xeno-canto.org/789575/download,train
779498,American Robin,0,https://xeno-canto.org/779498/download,val
779498,American Robin,1,https://xeno-canto.org/779498/download,val
779498,American Robin,2,https://xeno-canto.org/779498/download,val
779498,American Robin,3,https://xeno-canto.org/779498/download,val
779498,American Robin,4,https://xeno-canto.org/779498/download,val
779498,American Robin,5,https://xeno-canto.org/779498/download,val
779498,American Robin,6,https://xeno-canto.org/779498/download,val
779498,American Robin,7,https://xeno-canto.org/779498/download,val
779498,American Robin,8,https://xeno-canto.org/779498/download,val
1095084,Black-capped Chickadee,0,https://xeno-canto.org/1095084/download,train
1095084,Black-capped Chickadee,1,https://xeno-canto.org/1095084/download,train
1095084,Black-capped Chickadee,2,https://xeno-canto.org/1095084/download,train
1095084,Black-capped Chickadee,3,https://xeno-canto.org/1095084/download,train
1095084,Black-capped Chickadee,4,https://xeno-canto.org/1095084/download,train
1095084,Black-capped Chickadee,5,https://xeno-canto.org/1095084/download,train
1095084,Black-capped Chickadee,6,https://xeno-canto.org/1095084/download,train
1095084,Black-capped Chickadee,7,https://xeno-canto.org/1095084/download,train
1095084,Black-capped Chickadee,8,https://xeno-canto.org/1095084/download,train
1095084,Black-capped Chickadee,9,https://xeno-canto.org/1095084/download,train
1095084,Black-capped Chickadee,10,https://xeno-canto.org/1095084/download,train
1095084,Black-capped Chickadee,11,https://xeno-canto.org/1095084/download,train
1095084,Black-capped Chickadee,12,https://xeno-canto.org/1095084/download,train
1095084,Black-capped Chickadee,13,https://xeno-canto.org/1095084/download,train
1095084,Black-capped Chickadee,14,https://xeno-canto.org/1095084/download,train
1087463,Black-capped Chickadee,0,https://xeno-canto.org/1087463/download,train
1087463,Black-capped Chickadee,1,https://xeno-canto.org/1087463/download,train
1087463,Black-capped Chickadee,2,https://xeno-canto.org/1087463/download,train
1087463,Black-capped Chickadee,3,https://xeno-canto.org/1087463/download,train
1087463,Black-capped Chickadee,4,https://xeno-canto.org/1087463/download,train
1087463,Black-capped Chickadee,5,https://xeno-canto.org/1087463/download,train
1087463,Black-capped Chickadee,6,https://xeno-canto.org/1087463/download,train
1087463,Black-capped Chickadee,7,https://xeno-canto.org/1087463/download,train
1087463,Black-capped Chickadee,8,https://xeno-canto.org/1087463/download,train
1087463,Black-capped Chickadee,9,https://xeno-canto.org/1087463/download,train
1087463,Black-capped Chickadee,10,https://xeno-canto.org/1087463/download,train
1087463,Black-capped Chickadee,11,https://xeno-canto.org/1087463/download,train
1087463,Black-capped Chickadee,12,https://xeno-canto.org/1087463/download,train
1087463,Black-capped Chickadee,13,https://xeno-canto.org/1087463/download,train
1087463,Black-capped Chickadee,14,https://xeno-canto.org/1087463/download,train
1073855,Black-capped Chickadee,0,https://xeno-canto.org/1073855/download,test
1073855,Black-capped Chickadee,1,https://xeno-canto.org/1073855/download,test
1073855,Black-capped Chickadee,2,https://xeno-canto.org/1073855/download,test
1073855,Black-capped Chickadee,3,https://xeno-canto.org/1073855/download,test
1073855,Black-capped Chickadee,4,https://xeno-canto.org/1073855/download,test
1073855,Black-capped Chickadee,5,https://xeno-canto.org/1073855/download,test
1073855,Black-capped Chickadee,6,https://xeno-canto.org/1073855/download,test
1073855,Black-capped Chickadee,7,https://xeno-canto.org/1073855/download,test
1073855,Black-capped Chickadee,8,https://xeno-canto.org/1073855/download,test
1073855,Black-capped Chickadee,9,https://xeno-canto.org/1073855/download,test
1073855,Black-capped Chickadee,10,https://xeno-canto.org/1073855/download,test
1073855,Black-capped Chickadee,11,https://xeno-canto.org/1073855/download,test
1073855,Black-capped Chickadee,12,https://xeno-canto.org/1073855/download,test
1073855,Black-capped Chickadee,13,https://xeno-canto.org/1073855/download,test
1073855,Black-capped Chickadee,14,https://xeno-canto.org/1073855/download,test
1060245,Black-capped Chickadee,0,https://xeno-canto.org/1060245/download,train
1060245,Black-capped Chickadee,1,https://xeno-canto.org/1060245/download,train
1060245,Black-capped Chickadee,2,https://xeno-canto.org/1060245/download,train
1060245,Black-capped Chickadee,3,https://xeno-canto.org/1060245/download,train
1060245,Black-capped Chickadee,4,https://xeno-canto.org/1060245/download,train
1060245,Black-capped Chickadee,5,https://xeno-canto.org/1060245/download,train
1060245,Black-capped Chickadee,6,https://xeno-canto.org/1060245/download,train
1060245,Black-capped Chickadee,7,https://xeno-canto.org/1060245/download,train
1060245,Black-capped Chickadee,8,https://xeno-canto.org/1060245/download,train
1060245,Black-capped Chickadee,9,https://xeno-canto.org/1060245/download,train
1060245,Black-capped Chickadee,10,https://xeno-canto.org/1060245/download,train
1060245,Black-capped Chickadee,11,https://xeno-canto.org/1060245/download,train
1060245,Black-capped Chickadee,12,https://xeno-canto.org/1060245/download,train
1060245,Black-capped Chickadee,13,https://xeno-canto.org/1060245/download,train
1060245,Black-capped Chickadee,14,https://xeno-canto.org/1060245/download,train
1060244,Black-capped Chickadee,0,https://xeno-canto.org/1060244/download,train
1060244,Black-capped Chickadee,1,https://xeno-canto.org/1060244/download,train
1060244,Black-capped Chickadee,2,https://xeno-canto.org/1060244/download,train
1060244,Black-capped Chickadee,3,https://xeno-canto.org/1060244/download,train
1060244,Black-capped Chickadee,4,https://xeno-canto.org/1060244/download,train
1060244,Black-capped Chickadee,5,https://xeno-canto.org/1060244/download,train
1060244,Black-capped Chickadee,6,https://xeno-canto.org/1060244/download,train
1060244,Black-capped Chickadee,7,https://xeno-canto.org/1060244/download,train
1060244,Black-capped Chickadee,8,https://xeno-canto.org/1060244/download,train
1060244,Black-capped Chickadee,9,https://xeno-canto.org/1060244/download,train
1060244,Black-capped Chickadee,10,https://xeno-canto.org/1060244/download,train
1060244,Black-capped Chickadee,11,https://xeno-canto.org/1060244/download,train
1060244,Black-capped Chickadee,12,https://xeno-canto.org/1060244/download,train
1060244,Black-capped Chickadee,13,https://xeno-canto.org/1060244/download,train
1060244,Black-capped Chickadee,14,https://xeno-canto.org/1060244/download,train
1047655,Black-capped Chickadee,0,https://xeno-canto.org/1047655/download,test
1047655,Black-capped Chickadee,1,https://xeno-canto.org/1047655/download,test
1047655,Black-capped Chickadee,2,https://xeno-canto.org/1047655/download,test
1047655,Black-capped Chickadee,3,https://xeno-canto.org/1047655/download,test
1047655,Black-capped Chickadee,4,https://xeno-canto.org/1047655/download,test
1047655,Black-capped Chickadee,5,https://xeno-canto.org/1047655/download,test
1047655,Black-capped Chickadee,6,https://xeno-canto.org/1047655/download,test
1047655,Black-capped Chickadee,7,https://xeno-canto.org/1047655/download,test
1047655,Black-capped Chickadee,8,https://xeno-canto.org/1047655/download,test
1047655,Black-capped Chickadee,9,https://xeno-canto.org/1047655/download,test
1047655,Black-capped Chickadee,10,https://xeno-canto.org/1047655/download,test
1047655,Black-capped Chickadee,11,https://xeno-canto.org/1047655/download,test
1047655,Black-capped Chickadee,12,https://xeno-canto.org/1047655/download,test
1047655,Black-capped Chickadee,13,https://xeno-canto.org/1047655/download,test
1047655,Black-capped Chickadee,14,https://xeno-canto.org/1047655/download,test
1047654,Black-capped Chickadee,0,https://xeno-canto.org/1047654/download,train
1047654,Black-capped Chickadee,1,https://xeno-canto.org/1047654/download,train
1047654,Black-capped Chickadee,2,https://xeno-canto.org/1047654/download,train
1047654,Black-capped Chickadee,3,https://xeno-canto.org/1047654/download,train
1047654,Black-capped Chickadee,4,https://xeno-canto.org/1047654/download,train
1047654,Black-capped Chickadee,5,https://xeno-canto.org/1047654/download,train
1047654,Black-capped Chickadee,6,https://xeno-canto.org/1047654/download,train
1047654,Black-capped Chickadee,7,https://xeno-canto.org/1047654/download,train
1047654,Black-capped Chickadee,8,https://xeno-canto.org/1047654/download,train
1047654,Black-capped Chickadee,9,https://xeno-canto.org/1047654/download,train
1047654,Black-capped Chickadee,10,https://xeno-canto.org/1047654/download,train
1047654,Black-capped Chickadee,11,https://xeno-canto.org/1047654/download,train
1047654,Black-capped Chickadee,12,https://xeno-canto.org/1047654/download,train
1047654,Black-capped Chickadee,13,https://xeno-canto.org/1047654/download,train
1047654,Black-capped Chickadee,14,https://xeno-canto.org/1047654/download,train
1035996,Black-capped Chickadee,0,https://xeno-canto.org/1035996/download,train
1035996,Black-capped Chickadee,1,https://xeno-canto.org/1035996/download,train
1035996,Black-capped Chickadee,2,https://xeno-canto.org/1035996/download,train
1035996,Black-capped Chickadee,3,https://xeno-canto.org/1035996/download,train
1035996,Black-capped Chickadee,4,https://xeno-canto.org/1035996/download,train
1035996,Black-capped Chickadee,5,https://xeno-canto.org/1035996/download,train
1035996,Black-capped Chickadee,6,https://xeno-canto.org/1035996/download,train
1035996,Black-capped Chickadee,7,https://xeno-canto.org/1035996/download,train
1035996,Black-capped Chickadee,8,https://xeno-canto.org/1035996/download,train
1035996,Black-capped Chickadee,9,https://xeno-canto.org/1035996/download,train
1035996,Black-capped Chickadee,10,https://xeno-canto.org/1035996/download,train
1035996,Black-capped Chickadee,11,https://xeno-canto.org/1035996/download,train
1035996,Black-capped Chickadee,12,https://xeno-canto.org/1035996/download,train
1035996,Black-capped Chickadee,13,https://xeno-canto.org/1035996/download,train
1035996,Black-capped Chickadee,14,https://xeno-canto.org/1035996/download,train
1014227,Black-capped Chickadee,0,https://xeno-canto.org/1014227/download,test
1014227,Black-capped Chickadee,1,https://xeno-canto.org/1014227/download,test
1014227,Black-capped Chickadee,2,https://xeno-canto.org/1014227/download,test
1014227,Black-capped Chickadee,3,https://xeno-canto.org/1014227/download,test
1014227,Black-capped Chickadee,4,https://xeno-canto.org/1014227/download,test
1014227,Black-capped Chickadee,5,https://xeno-canto.org/1014227/download,test
1014227,Black-capped Chickadee,6,https://xeno-canto.org/1014227/download,test
1014227,Black-capped Chickadee,7,https://xeno-canto.org/1014227/download,test
1014227,Black-capped Chickadee,8,https://xeno-canto.org/1014227/download,test
1014227,Black-capped Chickadee,9,https://xeno-canto.org/1014227/download,test
1014227,Black-capped Chickadee,10,https://xeno-canto.org/1014227/download,test
1012939,Black-capped Chickadee,0,https://xeno-canto.org/1012939/download,train
1012939,Black-capped Chickadee,1,https://xeno-canto.org/1012939/download,train
1012939,Black-capped Chickadee,2,https://xeno-canto.org/1012939/download,train
1012939,Black-capped Chickadee,3,https://xeno-canto.org/1012939/download,train
1012939,Black-capped Chickadee,4,https://xeno-canto.org/1012939/download,train
1012939,Black-capped Chickadee,5,https://xeno-canto.org/1012939/download,train
1012939,Black-capped Chickadee,6,https://xeno-canto.org/1012939/download,train
1012680,Black-capped Chickadee,0,https://xeno-canto.org/1012680/download,train
1012680,Black-capped Chickadee,1,https://xeno-canto.org/1012680/download,train
1012680,Black-capped Chickadee,2,https://xeno-canto.org/1012680/download,train
1012680,Black-capped Chickadee,3,https://xeno-canto.org/1012680/download,train
1012680,Black-capped Chickadee,4,https://xeno-canto.org/1012680/download,train
1012680,Black-capped Chickadee,5,https://xeno-canto.org/1012680/download,train
1012680,Black-capped Chickadee,6,https://xeno-canto.org/1012680/download,train
1012680,Black-capped Chickadee,7,https://xeno-canto.org/1012680/download,train
1012680,Black-capped Chickadee,8,https://xeno-canto.org/1012680/download,train
1012680,Black-capped Chickadee,9,https://xeno-canto.org/1012680/download,train
1012680,Black-capped Chickadee,10,https://xeno-canto.org/1012680/download,train
1012680,Black-capped Chickadee,11,https://xeno-canto.org/1012680/download,train
1012680,Black-capped Chickadee,12,https://xeno-canto.org/1012680/download,train
1012680,Black-capped Chickadee,13,https://xeno-canto.org/1012680/download,train
1012680,Black-capped Chickadee,14,https://xeno-canto.org/1012680/download,train
1012679,Black-capped Chickadee,0,https://xeno-canto.org/1012679/download,train
1012679,Black-capped Chickadee,1,https://xeno-canto.org/1012679/download,train
1012679,Black-capped Chickadee,2,https://xeno-canto.org/1012679/download,train
1012679,Black-capped Chickadee,3,https://xeno-canto.org/1012679/download,train
1012679,Black-capped Chickadee,4,https://xeno-canto.org/1012679/download,train
1012679,Black-capped Chickadee,5,https://xeno-canto.org/1012679/download,train
1012679,Black-capped Chickadee,6,https://xeno-canto.org/1012679/download,train
1012679,Black-capped Chickadee,7,https://xeno-canto.org/1012679/download,train
1012679,Black-capped Chickadee,8,https://xeno-canto.org/1012679/download,train
1012679,Black-capped Chickadee,9,https://xeno-canto.org/1012679/download,train
1012679,Black-capped Chickadee,10,https://xeno-canto.org/1012679/download,train
1012679,Black-capped Chickadee,11,https://xeno-canto.org/1012679/download,train
1012679,Black-capped Chickadee,12,https://xeno-canto.org/1012679/download,train
1012679,Black-capped Chickadee,13,https://xeno-canto.org/1012679/download,train
1012679,Black-capped Chickadee,14,https://xeno-canto.org/1012679/download,train
1012678,Black-capped Chickadee,0,https://xeno-canto.org/1012678/download,train
1012678,Black-capped Chickadee,1,https://xeno-canto.org/1012678/download,train
1012678,Black-capped Chickadee,2,https://xeno-canto.org/1012678/download,train
1012678,Black-capped Chickadee,3,https://xeno-canto.org/1012678/download,train
1012678,Black-capped Chickadee,4,https://xeno-canto.org/1012678/download,train
1012678,Black-capped Chickadee,5,https://xeno-canto.org/1012678/download,train
1012678,Black-capped Chickadee,6,https://xeno-canto.org/1012678/download,train
1012678,Black-capped Chickadee,7,https://xeno-canto.org/1012678/download,train
1012678,Black-capped Chickadee,8,https://xeno-canto.org/1012678/download,train
1012506,Black-capped Chickadee,0,https://xeno-canto.org/1012506/download,train
1012506,Black-capped Chickadee,1,https://xeno-canto.org/1012506/download,train
1012506,Black-capped Chickadee,2,https://xeno-canto.org/1012506/download,train
1012506,Black-capped Chickadee,3,https://xeno-canto.org/1012506/download,train
1012506,Black-capped Chickadee,4,https://xeno-canto.org/1012506/download,train
1012506,Black-capped Chickadee,5,https://xeno-canto.org/1012506/download,train
1012506,Black-capped Chickadee,6,https://xeno-canto.org/1012506/download,train
1012506,Black-capped Chickadee,7,https://xeno-canto.org/1012506/download,train
1012506,Black-capped Chickadee,8,https://xeno-canto.org/1012506/download,train
1012506,Black-capped Chickadee,9,https://xeno-canto.org/1012506/download,train
1012506,Black-capped Chickadee,10,https://xeno-canto.org/1012506/download,train
1012506,Black-capped Chickadee,11,https://xeno-canto.org/1012506/download,train
1012506,Black-capped Chickadee,12,https://xeno-canto.org/1012506/download,train
1012506,Black-capped Chickadee,13,https://xeno-canto.org/1012506/download,train
1012506,Black-capped Chickadee,14,https://xeno-canto.org/1012506/download,train
1012404,Black-capped Chickadee,0,https://xeno-canto.org/1012404/download,train
1012404,Black-capped Chickadee,1,https://xeno-canto.org/1012404/download,train
1012404,Black-capped Chickadee,2,https://xeno-canto.org/1012404/download,train
1012404,Black-capped Chickadee,3,https://xeno-canto.org/1012404/download,train
1012404,Black-capped Chickadee,4,https://xeno-canto.org/1012404/download,train
1012404,Black-capped Chickadee,5,https://xeno-canto.org/1012404/download,train
1012404,Black-capped Chickadee,6,https://xeno-canto.org/1012404/download,train
1012404,Black-capped Chickadee,7,https://xeno-canto.org/1012404/download,train
1012404,Black-capped Chickadee,8,https://xeno-canto.org/1012404/download,train
1012404,Black-capped Chickadee,9,https://xeno-canto.org/1012404/download,train
1012404,Black-capped Chickadee,10,https://xeno-canto.org/1012404/download,train
1012404,Black-capped Chickadee,11,https://xeno-canto.org/1012404/download,train
1012404,Black-capped Chickadee,12,https://xeno-canto.org/1012404/download,train
1012404,Black-capped Chickadee,13,https://xeno-canto.org/1012404/download,train
1012404,Black-capped Chickadee,14,https://xeno-canto.org/1012404/download,train
1008067,Black-capped Chickadee,0,https://xeno-canto.org/1008067/download,val
1008067,Black-capped Chickadee,1,https://xeno-canto.org/1008067/download,val
1008067,Black-capped Chickadee,2,https://xeno-canto.org/1008067/download,val
1008067,Black-capped Chickadee,3,https://xeno-canto.org/1008067/download,val
1008067,Black-capped Chickadee,4,https://xeno-canto.org/1008067/download,val
1008067,Black-capped Chickadee,5,https://xeno-canto.org/1008067/download,val
994379,Black-capped Chickadee,0,https://xeno-canto.org/994379/download,train
994379,Black-capped Chickadee,1,https://xeno-canto.org/994379/download,train
994379,Black-capped Chickadee,2,https://xeno-canto.org/994379/download,train
994379,Black-capped Chickadee,3,https://xeno-canto.org/994379/download,train
994379,Black-capped Chickadee,4,https://xeno-canto.org/994379/download,train
994379,Black-capped Chickadee,5,https://xeno-canto.org/994379/download,train
994379,Black-capped Chickadee,6,https://xeno-canto.org/994379/download,train
994379,Black-capped Chickadee,7,https://xeno-canto.org/994379/download,train
994379,Black-capped Chickadee,8,https://xeno-canto.org/994379/download,train
994379,Black-capped Chickadee,9,https://xeno-canto.org/994379/download,train
994379,Black-capped Chickadee,10,https://xeno-canto.org/994379/download,train
994379,Black-capped Chickadee,11,https://xeno-canto.org/994379/download,train
994379,Black-capped Chickadee,12,https://xeno-canto.org/994379/download,train
994379,Black-capped Chickadee,13,https://xeno-canto.org/994379/download,train
994379,Black-capped Chickadee,14,https://xeno-canto.org/994379/download,train
994313,Black-capped Chickadee,0,https://xeno-canto.org/994313/download,val
994313,Black-capped Chickadee,1,https://xeno-canto.org/994313/download,val
994313,Black-capped Chickadee,2,https://xeno-canto.org/994313/download,val
994313,Black-capped Chickadee,3,https://xeno-canto.org/994313/download,val
994313,Black-capped Chickadee,4,https://xeno-canto.org/994313/download,val
994313,Black-capped Chickadee,5,https://xeno-canto.org/994313/download,val
994313,Black-capped Chickadee,6,https://xeno-canto.org/994313/download,val
994313,Black-capped Chickadee,7,https://xeno-canto.org/994313/download,val
961968,Black-capped Chickadee,0,https://xeno-canto.org/961968/download,test
961968,Black-capped Chickadee,1,https://xeno-canto.org/961968/download,test
961968,Black-capped Chickadee,2,https://xeno-canto.org/961968/download,test
961968,Black-capped Chickadee,3,https://xeno-canto.org/961968/download,test
961968,Black-capped Chickadee,4,https://xeno-canto.org/961968/download,test
961968,Black-capped Chickadee,5,https://xeno-canto.org/961968/download,test
961968,Black-capped Chickadee,6,https://xeno-canto.org/961968/download,test
959153,Black-capped Chickadee,0,https://xeno-canto.org/959153/download,train
959153,Black-capped Chickadee,1,https://xeno-canto.org/959153/download,train
959153,Black-capped Chickadee,2,https://xeno-canto.org/959153/download,train
959153,Black-capped Chickadee,3,https://xeno-canto.org/959153/download,train
959153,Black-capped Chickadee,4,https://xeno-canto.org/959153/download,train
959153,Black-capped Chickadee,5,https://xeno-canto.org/959153/download,train
959153,Black-capped Chickadee,6,https://xeno-canto.org/959153/download,train
959153,Black-capped Chickadee,7,https://xeno-canto.org/959153/download,train
959153,Black-capped Chickadee,8,https://xeno-canto.org/959153/download,train
959153,Black-capped Chickadee,9,https://xeno-canto.org/959153/download,train
959153,Black-capped Chickadee,10,https://xeno-canto.org/959153/download,train
959153,Black-capped Chickadee,11,https://xeno-canto.org/959153/download,train
959153,Black-capped Chickadee,12,https://xeno-canto.org/959153/download,train
959153,Black-capped Chickadee,13,https://xeno-canto.org/959153/download,train
959153,Black-capped Chickadee,14,https://xeno-canto.org/959153/download,train
957291,Black-capped Chickadee,0,https://xeno-canto.org/957291/download,train
957291,Black-capped Chickadee,1,https://xeno-canto.org/957291/download,train
957291,Black-capped Chickadee,2,https://xeno-canto.org/957291/download,train
957291,Black-capped Chickadee,3,https://xeno-canto.org/957291/download,train
957291,Black-capped Chickadee,4,https://xeno-canto.org/957291/download,train
957291,Black-capped Chickadee,5,https://xeno-canto.org/957291/download,train
957291,Black-capped Chickadee,6,https://xeno-canto.org/957291/download,train
957291,Black-capped Chickadee,7,https://xeno-canto.org/957291/download,train
957291,Black-capped Chickadee,8,https://xeno-canto.org/957291/download,train
957291,Black-capped Chickadee,9,https://xeno-canto.org/957291/download,train
957291,Black-capped Chickadee,10,https://xeno-canto.org/957291/download,train
957291,Black-capped Chickadee,11,https://xeno-canto.org/957291/download,train
957291,Black-capped Chickadee,12,https://xeno-canto.org/957291/download,train
957291,Black-capped Chickadee,13,https://xeno-canto.org/957291/download,train
957291,Black-capped Chickadee,14,https://xeno-canto.org/957291/download,train
957100,Black-capped Chickadee,0,https://xeno-canto.org/957100/download,val
957100,Black-capped Chickadee,1,https://xeno-canto.org/957100/download,val
957100,Black-capped Chickadee,2,https://xeno-canto.org/957100/download,val
957100,Black-capped Chickadee,3,https://xeno-canto.org/957100/download,val
957100,Black-capped Chickadee,4,https://xeno-canto.org/957100/download,val
957100,Black-capped Chickadee,5,https://xeno-canto.org/957100/download,val
957100,Black-capped Chickadee,6,https://xeno-canto.org/957100/download,val
957100,Black-capped Chickadee,7,https://xeno-canto.org/957100/download,val
957100,Black-capped Chickadee,8,https://xeno-canto.org/957100/download,val
957100,Black-capped Chickadee,9,https://xeno-canto.org/957100/download,val
957100,Black-capped Chickadee,10,https://xeno-canto.org/957100/download,val
957100,Black-capped Chickadee,11,https://xeno-canto.org/957100/download,val
957100,Black-capped Chickadee,12,https://xeno-canto.org/957100/download,val
957100,Black-capped Chickadee,13,https://xeno-canto.org/957100/download,val
957100,Black-capped Chickadee,14,https://xeno-canto.org/957100/download,val
939388,Black-capped Chickadee,0,https://xeno-canto.org/939388/download,train
939388,Black-capped Chickadee,1,https://xeno-canto.org/939388/download,train
939388,Black-capped Chickadee,2,https://xeno-canto.org/939388/download,train
939388,Black-capped Chickadee,3,https://xeno-canto.org/939388/download,train
939388,Black-capped Chickadee,4,https://xeno-canto.org/939388/download,train
939388,Black-capped Chickadee,5,https://xeno-canto.org/939388/download,train
939388,Black-capped Chickadee,6,https://xeno-canto.org/939388/download,train
939388,Black-capped Chickadee,7,https://xeno-canto.org/939388/download,train
939388,Black-capped Chickadee,8,https://xeno-canto.org/939388/download,train
939388,Black-capped Chickadee,9,https://xeno-canto.org/939388/download,train
935615,Black-capped Chickadee,0,https://xeno-canto.org/935615/download,train
935615,Black-capped Chickadee,1,https://xeno-canto.org/935615/download,train
935615,Black-capped Chickadee,2,https://xeno-canto.org/935615/download,train
935615,Black-capped Chickadee,3,https://xeno-canto.org/935615/download,train
935615,Black-capped Chickadee,4,https://xeno-canto.org/935615/download,train
935615,Black-capped Chickadee,5,https://xeno-canto.org/935615/download,train
935615,Black-capped Chickadee,6,https://xeno-canto.org/935615/download,train
935615,Black-capped Chickadee,7,https://xeno-canto.org/935615/download,train
935615,Black-capped Chickadee,8,https://xeno-canto.org/935615/download,train
935615,Black-capped Chickadee,9,https://xeno-canto.org/935615/download,train
935615,Black-capped Chickadee,10,https://xeno-canto.org/935615/download,train
935615,Black-capped Chickadee,11,https://xeno-canto.org/935615/download,train
935615,Black-capped Chickadee,12,https://xeno-canto.org/935615/download,train
935615,Black-capped Chickadee,13,https://xeno-canto.org/935615/download,train
935615,Black-capped Chickadee,14,https://xeno-canto.org/935615/download,train
924797,Black-capped Chickadee,0,https://xeno-canto.org/924797/download,train
924797,Black-capped Chickadee,1,https://xeno-canto.org/924797/download,train
924797,Black-capped Chickadee,2,https://xeno-canto.org/924797/download,train
924797,Black-capped Chickadee,3,https://xeno-canto.org/924797/download,train
924797,Black-capped Chickadee,4,https://xeno-canto.org/924797/download,train
924797,Black-capped Chickadee,5,https://xeno-canto.org/924797/download,train
924797,Black-capped Chickadee,6,https://xeno-canto.org/924797/download,train
924797,Black-capped Chickadee,7,https://xeno-canto.org/924797/download,train
924797,Black-capped Chickadee,8,https://xeno-canto.org/924797/download,train
924797,Black-capped Chickadee,9,https://xeno-canto.org/924797/download,train
924797,Black-capped Chickadee,10,https://xeno-canto.org/924797/download,train
924797,Black-capped Chickadee,11,https://xeno-canto.org/924797/download,train
924797,Black-capped Chickadee,12,https://xeno-canto.org/924797/download,train
924797,Black-capped Chickadee,13,https://xeno-canto.org/924797/download,train
924797,Black-capped Chickadee,14,https://xeno-canto.org/924797/download,train
924795,Black-capped Chickadee,0,https://xeno-canto.org/924795/download,test
924795,Black-capped Chickadee,1,https://xeno-canto.org/924795/download,test
924795,Black-capped Chickadee,2,https://xeno-canto.org/924795/download,test
924795,Black-capped Chickadee,3,https://xeno-canto.org/924795/download,test
924795,Black-capped Chickadee,4,https://xeno-canto.org/924795/download,test
924795,Black-capped Chickadee,5,https://xeno-canto.org/924795/download,test
924795,Black-capped Chickadee,6,https://xeno-canto.org/924795/download,test
924795,Black-capped Chickadee,7,https://xeno-canto.org/924795/download,test
924795,Black-capped Chickadee,8,https://xeno-canto.org/924795/download,test
924795,Black-capped Chickadee,9,https://xeno-canto.org/924795/download,test
924795,Black-capped Chickadee,10,https://xeno-canto.org/924795/download,test
924795,Black-capped Chickadee,11,https://xeno-canto.org/924795/download,test
924795,Black-capped Chickadee,12,https://xeno-canto.org/924795/download,test
924795,Black-capped Chickadee,13,https://xeno-canto.org/924795/download,test
924795,Black-capped Chickadee,14,https://xeno-canto.org/924795/download,test
923855,Black-capped Chickadee,0,https://xeno-canto.org/923855/download,train
923855,Black-capped Chickadee,1,https://xeno-canto.org/923855/download,train
923855,Black-capped Chickadee,2,https://xeno-canto.org/923855/download,train
923855,Black-capped Chickadee,3,https://xeno-canto.org/923855/download,train
923855,Black-capped Chickadee,4,https://xeno-canto.org/923855/download,train
923855,Black-capped Chickadee,5,https://xeno-canto.org/923855/download,train
923855,Black-capped Chickadee,6,https://xeno-canto.org/923855/download,train
923855,Black-capped Chickadee,7,https://xeno-canto.org/923855/download,train
923855,Black-capped Chickadee,8,https://xeno-canto.org/923855/download,train
923855,Black-capped Chickadee,9,https://xeno-canto.org/923855/download,train
923855,Black-capped Chickadee,10,https://xeno-canto.org/923855/download,train
923855,Black-capped Chickadee,11,https://xeno-canto.org/923855/download,train
923855,Black-capped Chickadee,12,https://xeno-canto.org/923855/download,train
923855,Black-capped Chickadee,13,https://xeno-canto.org/923855/download,train
923855,Black-capped Chickadee,14,https://xeno-canto.org/923855/download,train
921474,Black-capped Chickadee,0,https://xeno-canto.org/921474/download,val
921474,Black-capped Chickadee,1,https://xeno-canto.org/921474/download,val
921474,Black-capped Chickadee,2,https://xeno-canto.org/921474/download,val
921474,Black-capped Chickadee,3,https://xeno-canto.org/921474/download,val
921474,Black-capped Chickadee,4,https://xeno-canto.org/921474/download,val
921474,Black-capped Chickadee,5,https://xeno-canto.org/921474/download,val
921474,Black-capped Chickadee,6,https://xeno-canto.org/921474/download,val
921474,Black-capped Chickadee,7,https://xeno-canto.org/921474/download,val
921474,Black-capped Chickadee,8,https://xeno-canto.org/921474/download,val
921474,Black-capped Chickadee,9,https://xeno-canto.org/921474/download,val
921474,Black-capped Chickadee,10,https://xeno-canto.org/921474/download,val
921474,Black-capped Chickadee,11,https://xeno-canto.org/921474/download,val
921474,Black-capped Chickadee,12,https://xeno-canto.org/921474/download,val
921474,Black-capped Chickadee,13,https://xeno-canto.org/921474/download,val
911663,Black-capped Chickadee,0,https://xeno-canto.org/911663/download,train
911663,Black-capped Chickadee,1,https://xeno-canto.org/911663/download,train
911663,Black-capped Chickadee,2,https://xeno-canto.org/911663/download,train
911663,Black-capped Chickadee,3,https://xeno-canto.org/911663/download,train
911663,Black-capped Chickadee,4,https://xeno-canto.org/911663/download,train
911663,Black-capped Chickadee,5,https://xeno-canto.org/911663/download,train
911663,Black-capped Chickadee,6,https://xeno-canto.org/911663/download,train
911663,Black-capped Chickadee,7,https://xeno-canto.org/911663/download,train
911663,Black-capped Chickadee,8,https://xeno-canto.org/911663/download,train
911663,Black-capped Chickadee,9,https://xeno-canto.org/911663/download,train
911663,Black-capped Chickadee,10,https://xeno-canto.org/911663/download,train
911663,Black-capped Chickadee,11,https://xeno-canto.org/911663/download,train
911663,Black-capped Chickadee,12,https://xeno-canto.org/911663/download,train
911663,Black-capped Chickadee,13,https://xeno-canto.org/911663/download,train
911663,Black-capped Chickadee,14,https://xeno-canto.org/911663/download,train
879118,Black-capped Chickadee,0,https://xeno-canto.org/879118/download,train
879118,Black-capped Chickadee,1,https://xeno-canto.org/879118/download,train
879118,Black-capped Chickadee,2,https://xeno-canto.org/879118/download,train
879118,Black-capped Chickadee,3,https://xeno-canto.org/879118/download,train
879118,Black-capped Chickadee,4,https://xeno-canto.org/879118/download,train
879118,Black-capped Chickadee,5,https://xeno-canto.org/879118/download,train
879118,Black-capped Chickadee,6,https://xeno-canto.org/879118/download,train
879118,Black-capped Chickadee,7,https://xeno-canto.org/879118/download,train
879118,Black-capped Chickadee,8,https://xeno-canto.org/879118/download,train
879118,Black-capped Chickadee,9,https://xeno-canto.org/879118/download,train
879118,Black-capped Chickadee,10,https://xeno-canto.org/879118/download,train
879118,Black-capped Chickadee,11,https://xeno-canto.org/879118/download,train
1089829,Steller's Jay,0,https://xeno-canto.org/1089829/download,test
1089829,Steller's Jay,1,https://xeno-canto.org/1089829/download,test
1089829,Steller's Jay,2,https://xeno-canto.org/1089829/download,test
1089829,Steller's Jay,3,https://xeno-canto.org/1089829/download,test
1089829,Steller's Jay,4,https://xeno-canto.org/1089829/download,test
1089829,Steller's Jay,5,https://xeno-canto.org/1089829/download,test
1089829,Steller's Jay,6,https://xeno-canto.org/1089829/download,test
1089829,Steller's Jay,7,https://xeno-canto.org/1089829/download,test
1089829,Steller's Jay,8,https://xeno-canto.org/1089829/download,test
1089829,Steller's Jay,9,https://xeno-canto.org/1089829/download,test
1089829,Steller's Jay,10,https://xeno-canto.org/1089829/download,test
1089829,Steller's Jay,11,https://xeno-canto.org/1089829/download,test
1089829,Steller's Jay,12,https://xeno-canto.org/1089829/download,test
1089829,Steller's Jay,13,https://xeno-canto.org/1089829/download,test
1089829,Steller's Jay,14,https://xeno-canto.org/1089829/download,test
1086866,Steller's Jay,0,https://xeno-canto.org/1086866/download,train
1086866,Steller's Jay,1,https://xeno-canto.org/1086866/download,train
1086866,Steller's Jay,2,https://xeno-canto.org/1086866/download,train
1086866,Steller's Jay,3,https://xeno-canto.org/1086866/download,train
1086866,Steller's Jay,4,https://xeno-canto.org/1086866/download,train
1086866,Steller's Jay,5,https://xeno-canto.org/1086866/download,train
1086866,Steller's Jay,6,https://xeno-canto.org/1086866/download,train
1086866,Steller's Jay,7,https://xeno-canto.org/1086866/download,train
1086866,Steller's Jay,8,https://xeno-canto.org/1086866/download,train
1086866,Steller's Jay,9,https://xeno-canto.org/1086866/download,train
1086866,Steller's Jay,10,https://xeno-canto.org/1086866/download,train
1086866,Steller's Jay,11,https://xeno-canto.org/1086866/download,train
1086866,Steller's Jay,12,https://xeno-canto.org/1086866/download,train
1086866,Steller's Jay,13,https://xeno-canto.org/1086866/download,train
1086866,Steller's Jay,14,https://xeno-canto.org/1086866/download,train
980450,Steller's Jay,0,https://xeno-canto.org/980450/download,train
980450,Steller's Jay,1,https://xeno-canto.org/980450/download,train
980450,Steller's Jay,2,https://xeno-canto.org/980450/download,train
980450,Steller's Jay,3,https://xeno-canto.org/980450/download,train
980450,Steller's Jay,4,https://xeno-canto.org/980450/download,train
980450,Steller's Jay,5,https://xeno-canto.org/980450/download,train
980450,Steller's Jay,6,https://xeno-canto.org/980450/download,train
980450,Steller's Jay,7,https://xeno-canto.org/980450/download,train
980450,Steller's Jay,8,https://xeno-canto.org/980450/download,train
980450,Steller's Jay,9,https://xeno-canto.org/980450/download,train
980450,Steller's Jay,10,https://xeno-canto.org/980450/download,train
980450,Steller's Jay,11,https://xeno-canto.org/980450/download,train
980450,Steller's Jay,12,https://xeno-canto.org/980450/download,train
980450,Steller's Jay,13,https://xeno-canto.org/980450/download,train
980450,Steller's Jay,14,https://xeno-canto.org/980450/download,train
940917,Steller's Jay,0,https://xeno-canto.org/940917/download,test
940917,Steller's Jay,1,https://xeno-canto.org/940917/download,test
940917,Steller's Jay,2,https://xeno-canto.org/940917/download,test
940917,Steller's Jay,3,https://xeno-canto.org/940917/download,test
940917,Steller's Jay,4,https://xeno-canto.org/940917/download,test
940917,Steller's Jay,5,https://xeno-canto.org/940917/download,test
940917,Steller's Jay,6,https://xeno-canto.org/940917/download,test
940917,Steller's Jay,7,https://xeno-canto.org/940917/download,test
940917,Steller's Jay,8,https://xeno-canto.org/940917/download,test
940917,Steller's Jay,9,https://xeno-canto.org/940917/download,test
940917,Steller's Jay,10,https://xeno-canto.org/940917/download,test
940917,Steller's Jay,11,https://xeno-canto.org/940917/download,test
940917,Steller's Jay,12,https://xeno-canto.org/940917/download,test
940917,Steller's Jay,13,https://xeno-canto.org/940917/download,test
940917,Steller's Jay,14,https://xeno-canto.org/940917/download,test
915555,Steller's Jay,0,https://xeno-canto.org/915555/download,train
915555,Steller's Jay,1,https://xeno-canto.org/915555/download,train
915555,Steller's Jay,2,https://xeno-canto.org/915555/download,train
915555,Steller's Jay,3,https://xeno-canto.org/915555/download,train
915555,Steller's Jay,4,https://xeno-canto.org/915555/download,train
915555,Steller's Jay,5,https://xeno-canto.org/915555/download,train
915555,Steller's Jay,6,https://xeno-canto.org/915555/download,train
915555,Steller's Jay,7,https://xeno-canto.org/915555/download,train
915555,Steller's Jay,8,https://xeno-canto.org/915555/download,train
915555,Steller's Jay,9,https://xeno-canto.org/915555/download,train
915555,Steller's Jay,10,https://xeno-canto.org/915555/download,train
915555,Steller's Jay,11,https://xeno-canto.org/915555/download,train
915555,Steller's Jay,12,https://xeno-canto.org/915555/download,train
915555,Steller's Jay,13,https://xeno-canto.org/915555/download,train
915555,Steller's Jay,14,https://xeno-canto.org/915555/download,train
898844,Steller's Jay,0,https://xeno-canto.org/898844/download,train
898844,Steller's Jay,1,https://xeno-canto.org/898844/download,train
898844,Steller's Jay,2,https://xeno-canto.org/898844/download,train
898844,Steller's Jay,3,https://xeno-canto.org/898844/download,train
898844,Steller's Jay,4,https://xeno-canto.org/898844/download,train
898844,Steller's Jay,5,https://xeno-canto.org/898844/download,train
898844,Steller's Jay,6,https://xeno-canto.org/898844/download,train
898844,Steller's Jay,7,https://xeno-canto.org/898844/download,train
898844,Steller's Jay,8,https://xeno-canto.org/898844/download,train
898844,Steller's Jay,9,https://xeno-canto.org/898844/download,train
898844,Steller's Jay,10,https://xeno-canto.org/898844/download,train
898844,Steller's Jay,11,https://xeno-canto.org/898844/download,train
898842,Steller's Jay,0,https://xeno-canto.org/898842/download,test
898842,Steller's Jay,1,https://xeno-canto.org/898842/download,test
898842,Steller's Jay,2,https://xeno-canto.org/898842/download,test
898842,Steller's Jay,3,https://xeno-canto.org/898842/download,test
898842,Steller's Jay,4,https://xeno-canto.org/898842/download,test
898842,Steller's Jay,5,https://xeno-canto.org/898842/download,test
898842,Steller's Jay,6,https://xeno-canto.org/898842/download,test
898842,Steller's Jay,7,https://xeno-canto.org/898842/download,test
898842,Steller's Jay,8,https://xeno-canto.org/898842/download,test
898842,Steller's Jay,9,https://xeno-canto.org/898842/download,test
898842,Steller's Jay,10,https://xeno-canto.org/898842/download,test
898842,Steller's Jay,11,https://xeno-canto.org/898842/download,test
898842,Steller's Jay,12,https://xeno-canto.org/898842/download,test
898842,Steller's Jay,13,https://xeno-canto.org/898842/download,test
898842,Steller's Jay,14,https://xeno-canto.org/898842/download,test
893206,Steller's Jay,0,https://xeno-canto.org/893206/download,test
893206,Steller's Jay,1,https://xeno-canto.org/893206/download,test
893206,Steller's Jay,2,https://xeno-canto.org/893206/download,test
893206,Steller's Jay,3,https://xeno-canto.org/893206/download,test
893206,Steller's Jay,4,https://xeno-canto.org/893206/download,test
893206,Steller's Jay,5,https://xeno-canto.org/893206/download,test
893206,Steller's Jay,6,https://xeno-canto.org/893206/download,test
893206,Steller's Jay,7,https://xeno-canto.org/893206/download,test
893206,Steller's Jay,8,https://xeno-canto.org/893206/download,test
893206,Steller's Jay,9,https://xeno-canto.org/893206/download,test
893206,Steller's Jay,10,https://xeno-canto.org/893206/download,test
893206,Steller's Jay,11,https://xeno-canto.org/893206/download,test
893206,Steller's Jay,12,https://xeno-canto.org/893206/download,test
893206,Steller's Jay,13,https://xeno-canto.org/893206/download,test
893206,Steller's Jay,14,https://xeno-canto.org/893206/download,test
880056,Steller's Jay,0,https://xeno-canto.org/880056/download,train
880056,Steller's Jay,1,https://xeno-canto.org/880056/download,train
880056,Steller's Jay,2,https://xeno-canto.org/880056/download,train
880056,Steller's Jay,3,https://xeno-canto.org/880056/download,train
880056,Steller's Jay,4,https://xeno-canto.org/880056/download,train
880056,Steller's Jay,5,https://xeno-canto.org/880056/download,train
880056,Steller's Jay,6,https://xeno-canto.org/880056/download,train
880056,Steller's Jay,7,https://xeno-canto.org/880056/download,train
880056,Steller's Jay,8,https://xeno-canto.org/880056/download,train
880056,Steller's Jay,9,https://xeno-canto.org/880056/download,train
880056,Steller's Jay,10,https://xeno-canto.org/880056/download,train
880056,Steller's Jay,11,https://xeno-canto.org/880056/download,train
880056,Steller's Jay,12,https://xeno-canto.org/880056/download,train
880056,Steller's Jay,13,https://xeno-canto.org/880056/download,train
880056,Steller's Jay,14,https://xeno-canto.org/880056/download,train
880054,Steller's Jay,0,https://xeno-canto.org/880054/download,train
880054,Steller's Jay,1,https://xeno-canto.org/880054/download,train
880054,Steller's Jay,2,https://xeno-canto.org/880054/download,train
880054,Steller's Jay,3,https://xeno-canto.org/880054/download,train
880054,Steller's Jay,4,https://xeno-canto.org/880054/download,train
880054,Steller's Jay,5,https://xeno-canto.org/880054/download,train
880054,Steller's Jay,6,https://xeno-canto.org/880054/download,train
880054,Steller's Jay,7,https://xeno-canto.org/880054/download,train
880054,Steller's Jay,8,https://xeno-canto.org/880054/download,train
880054,Steller's Jay,9,https://xeno-canto.org/880054/download,train
880054,Steller's Jay,10,https://xeno-canto.org/880054/download,train
880054,Steller's Jay,11,https://xeno-canto.org/880054/download,train
880054,Steller's Jay,12,https://xeno-canto.org/880054/download,train
880053,Steller's Jay,0,https://xeno-canto.org/880053/download,train
880053,Steller's Jay,1,https://xeno-canto.org/880053/download,train
880053,Steller's Jay,2,https://xeno-canto.org/880053/download,train
880053,Steller's Jay,3,https://xeno-canto.org/880053/download,train
880053,Steller's Jay,4,https://xeno-canto.org/880053/download,train
833454,Steller's Jay,0,https://xeno-canto.org/833454/download,val
833454,Steller's Jay,1,https://xeno-canto.org/833454/download,val
833454,Steller's Jay,2,https://xeno-canto.org/833454/download,val
833454,Steller's Jay,3,https://xeno-canto.org/833454/download,val
833454,Steller's Jay,4,https://xeno-canto.org/833454/download,val
833454,Steller's Jay,5,https://xeno-canto.org/833454/download,val
833454,Steller's Jay,6,https://xeno-canto.org/833454/download,val
833454,Steller's Jay,7,https://xeno-canto.org/833454/download,val
833454,Steller's Jay,8,https://xeno-canto.org/833454/download,val
833454,Steller's Jay,9,https://xeno-canto.org/833454/download,val
833454,Steller's Jay,10,https://xeno-canto.org/833454/download,val
833454,Steller's Jay,11,https://xeno-canto.org/833454/download,val
833454,Steller's Jay,12,https://xeno-canto.org/833454/download,val
833454,Steller's Jay,13,https://xeno-canto.org/833454/download,val
833454,Steller's Jay,14,https://xeno-canto.org/833454/download,val
829232,Steller's Jay,0,https://xeno-canto.org/829232/download,train
829232,Steller's Jay,1,https://xeno-canto.org/829232/download,train
829232,Steller's Jay,2,https://xeno-canto.org/829232/download,train
829232,Steller's Jay,3,https://xeno-canto.org/829232/download,train
829232,Steller's Jay,4,https://xeno-canto.org/829232/download,train
829232,Steller's Jay,5,https://xeno-canto.org/829232/download,train
829232,Steller's Jay,6,https://xeno-canto.org/829232/download,train
829232,Steller's Jay,7,https://xeno-canto.org/829232/download,train
829232,Steller's Jay,8,https://xeno-canto.org/829232/download,train
829232,Steller's Jay,9,https://xeno-canto.org/829232/download,train
829232,Steller's Jay,10,https://xeno-canto.org/829232/download,train
829232,Steller's Jay,11,https://xeno-canto.org/829232/download,train
829232,Steller's Jay,12,https://xeno-canto.org/829232/download,train
829232,Steller's Jay,13,https://xeno-canto.org/829232/download,train
829232,Steller's Jay,14,https://xeno-canto.org/829232/download,train
829231,Steller's Jay,0,https://xeno-canto.org/829231/download,train
829231,Steller's Jay,1,https://xeno-canto.org/829231/download,train
829231,Steller's Jay,2,https://xeno-canto.org/829231/download,train
829231,Steller's Jay,3,https://xeno-canto.org/829231/download,train
829231,Steller's Jay,4,https://xeno-canto.org/829231/download,train
829231,Steller's Jay,5,https://xeno-canto.org/829231/download,train
829231,Steller's Jay,6,https://xeno-canto.org/829231/download,train
829231,Steller's Jay,7,https://xeno-canto.org/829231/download,train
829231,Steller's Jay,8,https://xeno-canto.org/829231/download,train
829231,Steller's Jay,9,https://xeno-canto.org/829231/download,train
829229,Steller's Jay,0,https://xeno-canto.org/829229/download,train
829229,Steller's Jay,1,https://xeno-canto.org/829229/download,train
829229,Steller's Jay,2,https://xeno-canto.org/829229/download,train
829229,Steller's Jay,3,https://xeno-canto.org/829229/download,train
829229,Steller's Jay,4,https://xeno-canto.org/829229/download,train
829229,Steller's Jay,5,https://xeno-canto.org/829229/download,train
829229,Steller's Jay,6,https://xeno-canto.org/829229/download,train
829229,Steller's Jay,7,https://xeno-canto.org/829229/download,train
829229,Steller's Jay,8,https://xeno-canto.org/829229/download,train
829229,Steller's Jay,9,https://xeno-canto.org/829229/download,train
829229,Steller's Jay,10,https://xeno-canto.org/829229/download,train
829229,Steller's Jay,11,https://xeno-canto.org/829229/download,train
829229,Steller's Jay,12,https://xeno-canto.org/829229/download,train
829229,Steller's Jay,13,https://xeno-canto.org/829229/download,train
829229,Steller's Jay,14,https://xeno-canto.org/829229/download,train
813956,Steller's Jay,0,https://xeno-canto.org/813956/download,val
813956,Steller's Jay,1,https://xeno-canto.org/813956/download,val
813956,Steller's Jay,2,https://xeno-canto.org/813956/download,val
813956,Steller's Jay,3,https://xeno-canto.org/813956/download,val
813956,Steller's Jay,4,https://xeno-canto.org/813956/download,val
813956,Steller's Jay,5,https://xeno-canto.org/813956/download,val
813956,Steller's Jay,6,https://xeno-canto.org/813956/download,val
813956,Steller's Jay,7,https://xeno-canto.org/813956/download,val
813956,Steller's Jay,8,https://xeno-canto.org/813956/download,val
813956,Steller's Jay,9,https://xeno-canto.org/813956/download,val
813956,Steller's Jay,10,https://xeno-canto.org/813956/download,val
813956,Steller's Jay,11,https://xeno-canto.org/813956/download,val
813956,Steller's Jay,12,https://xeno-canto.org/813956/download,val
813956,Steller's Jay,13,https://xeno-canto.org/813956/download,val
813956,Steller's Jay,14,https://xeno-canto.org/813956/download,val
813955,Steller's Jay,0,https://xeno-canto.org/813955/download,train
813955,Steller's Jay,1,https://xeno-canto.org/813955/download,train
813955,Steller's Jay,2,https://xeno-canto.org/813955/download,train
813955,Steller's Jay,3,https://xeno-canto.org/813955/download,train
813955,Steller's Jay,4,https://xeno-canto.org/813955/download,train
813955,Steller's Jay,5,https://xeno-canto.org/813955/download,train
813955,Steller's Jay,6,https://xeno-canto.org/813955/download,train
813955,Steller's Jay,7,https://xeno-canto.org/813955/download,train
813955,Steller's Jay,8,https://xeno-canto.org/813955/download,train
813955,Steller's Jay,9,https://xeno-canto.org/813955/download,train
813955,Steller's Jay,10,https://xeno-canto.org/813955/download,train
813955,Steller's Jay,11,https://xeno-canto.org/813955/download,train
813955,Steller's Jay,12,https://xeno-canto.org/813955/download,train
813955,Steller's Jay,13,https://xeno-canto.org/813955/download,train
813955,Steller's Jay,14,https://xeno-canto.org/813955/download,train
813954,Steller's Jay,0,https://xeno-canto.org/813954/download,train
813954,Steller's Jay,1,https://xeno-canto.org/813954/download,train
813954,Steller's Jay,2,https://xeno-canto.org/813954/download,train
813954,Steller's Jay,3,https://xeno-canto.org/813954/download,train
813954,Steller's Jay,4,https://xeno-canto.org/813954/download,train
813954,Steller's Jay,5,https://xeno-canto.org/813954/download,train
813954,Steller's Jay,6,https://xeno-canto.org/813954/download,train
813954,Steller's Jay,7,https://xeno-canto.org/813954/download,train
813954,Steller's Jay,8,https://xeno-canto.org/813954/download,train
813954,Steller's Jay,9,https://xeno-canto.org/813954/download,train
813954,Steller's Jay,10,https://xeno-canto.org/813954/download,train
813954,Steller's Jay,11,https://xeno-canto.org/813954/download,train
813954,Steller's Jay,12,https://xeno-canto.org/813954/download,train
813954,Steller's Jay,13,https://xeno-canto.org/813954/download,train
813954,Steller's Jay,14,https://xeno-canto.org/813954/download,train
813953,Steller's Jay,0,https://xeno-canto.org/813953/download,val
813953,Steller's Jay,1,https://xeno-canto.org/813953/download,val
813953,Steller's Jay,2,https://xeno-canto.org/813953/download,val
813953,Steller's Jay,3,https://xeno-canto.org/813953/download,val
813953,Steller's Jay,4,https://xeno-canto.org/813953/download,val
813953,Steller's Jay,5,https://xeno-canto.org/813953/download,val
813953,Steller's Jay,6,https://xeno-canto.org/813953/download,val
813953,Steller's Jay,7,https://xeno-canto.org/813953/download,val
813953,Steller's Jay,8,https://xeno-canto.org/813953/download,val
813953,Steller's Jay,9,https://xeno-canto.org/813953/download,val
813953,Steller's Jay,10,https://xeno-canto.org/813953/download,val
813953,Steller's Jay,11,https://xeno-canto.org/813953/download,val
813953,Steller's Jay,12,https://xeno-canto.org/813953/download,val
813953,Steller's Jay,13,https://xeno-canto.org/813953/download,val
813953,Steller's Jay,14,https://xeno-canto.org/813953/download,val
809880,Steller's Jay,0,https://xeno-canto.org/809880/download,test
809880,Steller's Jay,1,https://xeno-canto.org/809880/download,test
809880,Steller's Jay,2,https://xeno-canto.org/809880/download,test
809880,Steller's Jay,3,https://xeno-canto.org/809880/download,test
809880,Steller's Jay,4,https://xeno-canto.org/809880/download,test
809880,Steller's Jay,5,https://xeno-canto.org/809880/download,test
809880,Steller's Jay,6,https://xeno-canto.org/809880/download,test
809880,Steller's Jay,7,https://xeno-canto.org/809880/download,test
809880,Steller's Jay,8,https://xeno-canto.org/809880/download,test
809880,Steller's Jay,9,https://xeno-canto.org/809880/download,test
809880,Steller's Jay,10,https://xeno-canto.org/809880/download,test
809880,Steller's Jay,11,https://xeno-canto.org/809880/download,test
809880,Steller's Jay,12,https://xeno-canto.org/809880/download,test
809880,Steller's Jay,13,https://xeno-canto.org/809880/download,test
735856,Steller's Jay,0,https://xeno-canto.org/735856/download,train
735856,Steller's Jay,1,https://xeno-canto.org/735856/download,train
735856,Steller's Jay,2,https://xeno-canto.org/735856/download,train
735856,Steller's Jay,3,https://xeno-canto.org/735856/download,train
735856,Steller's Jay,4,https://xeno-canto.org/735856/download,train
735856,Steller's Jay,5,https://xeno-canto.org/735856/download,train
735856,Steller's Jay,6,https://xeno-canto.org/735856/download,train
735856,Steller's Jay,7,https://xeno-canto.org/735856/download,train
735856,Steller's Jay,8,https://xeno-canto.org/735856/download,train
735856,Steller's Jay,9,https://xeno-canto.org/735856/download,train
731972,Steller's Jay,0,https://xeno-canto.org/731972/download,val
731972,Steller's Jay,1,https://xeno-canto.org/731972/download,val
731972,Steller's Jay,2,https://xeno-canto.org/731972/download,val
731972,Steller's Jay,3,https://xeno-canto.org/731972/download,val
731972,Steller's Jay,4,https://xeno-canto.org/731972/download,val
731972,Steller's Jay,5,https://xeno-canto.org/731972/download,val
731972,Steller's Jay,6,https://xeno-canto.org/731972/download,val
731972,Steller's Jay,7,https://xeno-canto.org/731972/download,val
731972,Steller's Jay,8,https://xeno-canto.org/731972/download,val
731972,Steller's Jay,9,https://xeno-canto.org/731972/download,val
731972,Steller's Jay,10,https://xeno-canto.org/731972/download,val
731972,Steller's Jay,11,https://xeno-canto.org/731972/download,val
731972,Steller's Jay,12,https://xeno-canto.org/731972/download,val
731972,Steller's Jay,13,https://xeno-canto.org/731972/download,val
731972,Steller's Jay,14,https://xeno-canto.org/731972/download,val
703911,Steller's Jay,0,https://xeno-canto.org/703911/download,train
703911,Steller's Jay,1,https://xeno-canto.org/703911/download,train
703911,Steller's Jay,2,https://xeno-canto.org/703911/download,train
703911,Steller's Jay,3,https://xeno-canto.org/703911/download,train
703911,Steller's Jay,4,https://xeno-canto.org/703911/download,train
703911,Steller's Jay,5,https://xeno-canto.org/703911/download,train
702570,Steller's Jay,0,https://xeno-canto.org/702570/download,train
702570,Steller's Jay,1,https://xeno-canto.org/702570/download,train
702570,Steller's Jay,2,https://xeno-canto.org/702570/download,train
702570,Steller's Jay,3,https://xeno-canto.org/702570/download,train
702570,Steller's Jay,4,https://xeno-canto.org/702570/download,train
702570,Steller's Jay,5,https://xeno-canto.org/702570/download,train
702570,Steller's Jay,6,https://xeno-canto.org/702570/download,train
702570,Steller's Jay,7,https://xeno-canto.org/702570/download,train
694376,Steller's Jay,0,https://xeno-canto.org/694376/download,train
694376,Steller's Jay,1,https://xeno-canto.org/694376/download,train
694376,Steller's Jay,2,https://xeno-canto.org/694376/download,train
694376,Steller's Jay,3,https://xeno-canto.org/694376/download,train
694376,Steller's Jay,4,https://xeno-canto.org/694376/download,train
694376,Steller's Jay,5,https://xeno-canto.org/694376/download,train
694376,Steller's Jay,6,https://xeno-canto.org/694376/download,train
694376,Steller's Jay,7,https://xeno-canto.org/694376/download,train
694376,Steller's Jay,8,https://xeno-canto.org/694376/download,train
694376,Steller's Jay,9,https://xeno-canto.org/694376/download,train
694376,Steller's Jay,10,https://xeno-canto.org/694376/download,train
694376,Steller's Jay,11,https://xeno-canto.org/694376/download,train
694376,Steller's Jay,12,https://xeno-canto.org/694376/download,train
694376,Steller's Jay,13,https://xeno-canto.org/694376/download,train
688631,Steller's Jay,0,https://xeno-canto.org/688631/download,train
688631,Steller's Jay,1,https://xeno-canto.org/688631/download,train
688631,Steller's Jay,2,https://xeno-canto.org/688631/download,train
688631,Steller's Jay,3,https://xeno-canto.org/688631/download,train
688631,Steller's Jay,4,https://xeno-canto.org/688631/download,train
688631,Steller's Jay,5,https://xeno-canto.org/688631/download,train
688631,Steller's Jay,6,https://xeno-canto.org/688631/download,train
688631,Steller's Jay,7,https://xeno-canto.org/688631/download,train
688631,Steller's Jay,8,https://xeno-canto.org/688631/download,train
688631,Steller's Jay,9,https://xeno-canto.org/688631/download,train
688631,Steller's Jay,10,https://xeno-canto.org/688631/download,train
688631,Steller's Jay,11,https://xeno-canto.org/688631/download,train
688631,Steller's Jay,12,https://xeno-canto.org/688631/download,train
688631,Steller's Jay,13,https://xeno-canto.org/688631/download,train
688631,Steller's Jay,14,https://xeno-canto.org/688631/download,train
679452,Steller's Jay,0,https://xeno-canto.org/679452/download,train
679452,Steller's Jay,1,https://xeno-canto.org/679452/download,train
679452,Steller's Jay,2,https://xeno-canto.org/679452/download,train
679452,Steller's Jay,3,https://xeno-canto.org/679452/download,train
679452,Steller's Jay,4,https://xeno-canto.org/679452/download,train
679452,Steller's Jay,5,https://xeno-canto.org/679452/download,train
679452,Steller's Jay,6,https://xeno-canto.org/679452/download,train
679452,Steller's Jay,7,https://xeno-canto.org/679452/download,train
679452,Steller's Jay,8,https://xeno-canto.org/679452/download,train
679452,Steller's Jay,9,https://xeno-canto.org/679452/download,train
679452,Steller's Jay,10,https://xeno-canto.org/679452/download,train
679452,Steller's Jay,11,https://xeno-canto.org/679452/download,train
679452,Steller's Jay,12,https://xeno-canto.org/679452/download,train
679452,Steller's Jay,13,https://xeno-canto.org/679452/download,train
679452,Steller's Jay,14,https://xeno-canto.org/679452/download,train
676549,Steller's Jay,0,https://xeno-canto.org/676549/download,train
676549,Steller's Jay,1,https://xeno-canto.org/676549/download,train
676549,Steller's Jay,2,https://xeno-canto.org/676549/download,train
676549,Steller's Jay,3,https://xeno-canto.org/676549/download,train
676549,Steller's Jay,4,https://xeno-canto.org/676549/download,train
676549,Steller's Jay,5,https://xeno-canto.org/676549/download,train
676549,Steller's Jay,6,https://xeno-canto.org/676549/download,train
676549,Steller's Jay,7,https://xeno-canto.org/676549/download,train
676545,Steller's Jay,0,https://xeno-canto.org/676545/download,train
676545,Steller's Jay,1,https://xeno-canto.org/676545/download,train
676545,Steller's Jay,2,https://xeno-canto.org/676545/download,train
676545,Steller's Jay,3,https://xeno-canto.org/676545/download,train
676545,Steller's Jay,4,https://xeno-canto.org/676545/download,train
676545,Steller's Jay,5,https://xeno-canto.org/676545/download,train
676545,Steller's Jay,6,https://xeno-canto.org/676545/download,train
676545,Steller's Jay,7,https://xeno-canto.org/676545/download,train
676545,Steller's Jay,8,https://xeno-canto.org/676545/download,train
676545,Steller's Jay,9,https://xeno-canto.org/676545/download,train
676545,Steller's Jay,10,https://xeno-canto.org/676545/download,train
676545,Steller's Jay,11,https://xeno-canto.org/676545/download,train
676545,Steller's Jay,12,https://xeno-canto.org/676545/download,train
676545,Steller's Jay,13,https://xeno-canto.org/676545/download,train
676545,Steller's Jay,14,https://xeno-canto.org/676545/download,train
670954,Steller's Jay,0,https://xeno-canto.org/670954/download,train
670954,Steller's Jay,1,https://xeno-canto.org/670954/download,train
670954,Steller's Jay,2,https://xeno-canto.org/670954/download,train
670954,Steller's Jay,3,https://xeno-canto.org/670954/download,train
670954,Steller's Jay,4,https://xeno-canto.org/670954/download,train
670954,Steller's Jay,5,https://xeno-canto.org/670954/download,train
670954,Steller's Jay,6,https://xeno-canto.org/670954/download,train
670954,Steller's Jay,7,https://xeno-canto.org/670954/download,train
1099408,Northern Flicker,0,https://xeno-canto.org/1099408/download,train
1099408,Northern Flicker,1,https://xeno-canto.org/1099408/download,train
1099408,Northern Flicker,2,https://xeno-canto.org/1099408/download,train
1099408,Northern Flicker,3,https://xeno-canto.org/1099408/download,train
1099408,Northern Flicker,4,https://xeno-canto.org/1099408/download,train
1099408,Northern Flicker,5,https://xeno-canto.org/1099408/download,train
1099408,Northern Flicker,6,https://xeno-canto.org/1099408/download,train
1099408,Northern Flicker,7,https://xeno-canto.org/1099408/download,train
1099408,Northern Flicker,8,https://xeno-canto.org/1099408/download,train
1099408,Northern Flicker,9,https://xeno-canto.org/1099408/download,train
1099408,Northern Flicker,10,https://xeno-canto.org/1099408/download,train
1099408,Northern Flicker,11,https://xeno-canto.org/1099408/download,train
1099408,Northern Flicker,12,https://xeno-canto.org/1099408/download,train
1099408,Northern Flicker,13,https://xeno-canto.org/1099408/download,train
1099408,Northern Flicker,14,https://xeno-canto.org/1099408/download,train
1069251,Northern Flicker,0,https://xeno-canto.org/1069251/download,train
1069251,Northern Flicker,1,https://xeno-canto.org/1069251/download,train
1069251,Northern Flicker,2,https://xeno-canto.org/1069251/download,train
1069251,Northern Flicker,3,https://xeno-canto.org/1069251/download,train
1069251,Northern Flicker,4,https://xeno-canto.org/1069251/download,train
1069251,Northern Flicker,5,https://xeno-canto.org/1069251/download,train
1069251,Northern Flicker,6,https://xeno-canto.org/1069251/download,train
1033749,Northern Flicker,0,https://xeno-canto.org/1033749/download,val
1033749,Northern Flicker,1,https://xeno-canto.org/1033749/download,val
1033749,Northern Flicker,2,https://xeno-canto.org/1033749/download,val
1033749,Northern Flicker,3,https://xeno-canto.org/1033749/download,val
1033749,Northern Flicker,4,https://xeno-canto.org/1033749/download,val
1033749,Northern Flicker,5,https://xeno-canto.org/1033749/download,val
1033749,Northern Flicker,6,https://xeno-canto.org/1033749/download,val
1033749,Northern Flicker,7,https://xeno-canto.org/1033749/download,val
1033749,Northern Flicker,8,https://xeno-canto.org/1033749/download,val
1033749,Northern Flicker,9,https://xeno-canto.org/1033749/download,val
1033749,Northern Flicker,10,https://xeno-canto.org/1033749/download,val
1033749,Northern Flicker,11,https://xeno-canto.org/1033749/download,val
1033749,Northern Flicker,12,https://xeno-canto.org/1033749/download,val
1033749,Northern Flicker,13,https://xeno-canto.org/1033749/download,val
1033749,Northern Flicker,14,https://xeno-canto.org/1033749/download,val
1029783,Northern Flicker,0,https://xeno-canto.org/1029783/download,train
1029783,Northern Flicker,1,https://xeno-canto.org/1029783/download,train
1029783,Northern Flicker,2,https://xeno-canto.org/1029783/download,train
1029783,Northern Flicker,3,https://xeno-canto.org/1029783/download,train
1029783,Northern Flicker,4,https://xeno-canto.org/1029783/download,train
1029783,Northern Flicker,5,https://xeno-canto.org/1029783/download,train
1029783,Northern Flicker,6,https://xeno-canto.org/1029783/download,train
1029783,Northern Flicker,7,https://xeno-canto.org/1029783/download,train
1029783,Northern Flicker,8,https://xeno-canto.org/1029783/download,train
1029783,Northern Flicker,9,https://xeno-canto.org/1029783/download,train
1029783,Northern Flicker,10,https://xeno-canto.org/1029783/download,train
1029783,Northern Flicker,11,https://xeno-canto.org/1029783/download,train
1029783,Northern Flicker,12,https://xeno-canto.org/1029783/download,train
1029783,Northern Flicker,13,https://xeno-canto.org/1029783/download,train
1029783,Northern Flicker,14,https://xeno-canto.org/1029783/download,train
1015011,Northern Flicker,0,https://xeno-canto.org/1015011/download,val
1015011,Northern Flicker,1,https://xeno-canto.org/1015011/download,val
1015011,Northern Flicker,2,https://xeno-canto.org/1015011/download,val
1015011,Northern Flicker,3,https://xeno-canto.org/1015011/download,val
1015011,Northern Flicker,4,https://xeno-canto.org/1015011/download,val
1015011,Northern Flicker,5,https://xeno-canto.org/1015011/download,val
1015011,Northern Flicker,6,https://xeno-canto.org/1015011/download,val
1015011,Northern Flicker,7,https://xeno-canto.org/1015011/download,val
1015011,Northern Flicker,8,https://xeno-canto.org/1015011/download,val
1015011,Northern Flicker,9,https://xeno-canto.org/1015011/download,val
1015011,Northern Flicker,10,https://xeno-canto.org/1015011/download,val
1013307,Northern Flicker,0,https://xeno-canto.org/1013307/download,train
1013307,Northern Flicker,1,https://xeno-canto.org/1013307/download,train
1013307,Northern Flicker,2,https://xeno-canto.org/1013307/download,train
1013307,Northern Flicker,3,https://xeno-canto.org/1013307/download,train
1013307,Northern Flicker,4,https://xeno-canto.org/1013307/download,train
1013307,Northern Flicker,5,https://xeno-canto.org/1013307/download,train
1013307,Northern Flicker,6,https://xeno-canto.org/1013307/download,train
1013307,Northern Flicker,7,https://xeno-canto.org/1013307/download,train
1013307,Northern Flicker,8,https://xeno-canto.org/1013307/download,train
1013307,Northern Flicker,9,https://xeno-canto.org/1013307/download,train
1013307,Northern Flicker,10,https://xeno-canto.org/1013307/download,train
1013307,Northern Flicker,11,https://xeno-canto.org/1013307/download,train
1013307,Northern Flicker,12,https://xeno-canto.org/1013307/download,train
1013307,Northern Flicker,13,https://xeno-canto.org/1013307/download,train
1013307,Northern Flicker,14,https://xeno-canto.org/1013307/download,train
1013010,Northern Flicker,0,https://xeno-canto.org/1013010/download,train
1013010,Northern Flicker,1,https://xeno-canto.org/1013010/download,train
1013010,Northern Flicker,2,https://xeno-canto.org/1013010/download,train
1013010,Northern Flicker,3,https://xeno-canto.org/1013010/download,train
1013010,Northern Flicker,4,https://xeno-canto.org/1013010/download,train
1013010,Northern Flicker,5,https://xeno-canto.org/1013010/download,train
1013010,Northern Flicker,6,https://xeno-canto.org/1013010/download,train
1013010,Northern Flicker,7,https://xeno-canto.org/1013010/download,train
1013010,Northern Flicker,8,https://xeno-canto.org/1013010/download,train
1013010,Northern Flicker,9,https://xeno-canto.org/1013010/download,train
1013010,Northern Flicker,10,https://xeno-canto.org/1013010/download,train
1013010,Northern Flicker,11,https://xeno-canto.org/1013010/download,train
1013010,Northern Flicker,12,https://xeno-canto.org/1013010/download,train
1013010,Northern Flicker,13,https://xeno-canto.org/1013010/download,train
1013010,Northern Flicker,14,https://xeno-canto.org/1013010/download,train
1009102,Northern Flicker,0,https://xeno-canto.org/1009102/download,train
1009102,Northern Flicker,1,https://xeno-canto.org/1009102/download,train
1009102,Northern Flicker,2,https://xeno-canto.org/1009102/download,train
1009102,Northern Flicker,3,https://xeno-canto.org/1009102/download,train
1009102,Northern Flicker,4,https://xeno-canto.org/1009102/download,train
1009102,Northern Flicker,5,https://xeno-canto.org/1009102/download,train
1009102,Northern Flicker,6,https://xeno-canto.org/1009102/download,train
1009102,Northern Flicker,7,https://xeno-canto.org/1009102/download,train
1009102,Northern Flicker,8,https://xeno-canto.org/1009102/download,train
1009102,Northern Flicker,9,https://xeno-canto.org/1009102/download,train
1009102,Northern Flicker,10,https://xeno-canto.org/1009102/download,train
1009102,Northern Flicker,11,https://xeno-canto.org/1009102/download,train
1009102,Northern Flicker,12,https://xeno-canto.org/1009102/download,train
1009102,Northern Flicker,13,https://xeno-canto.org/1009102/download,train
1009102,Northern Flicker,14,https://xeno-canto.org/1009102/download,train
1007124,Northern Flicker,0,https://xeno-canto.org/1007124/download,test
1007124,Northern Flicker,1,https://xeno-canto.org/1007124/download,test
1007124,Northern Flicker,2,https://xeno-canto.org/1007124/download,test
1007124,Northern Flicker,3,https://xeno-canto.org/1007124/download,test
1007124,Northern Flicker,4,https://xeno-canto.org/1007124/download,test
1007124,Northern Flicker,5,https://xeno-canto.org/1007124/download,test
1007124,Northern Flicker,6,https://xeno-canto.org/1007124/download,test
1007124,Northern Flicker,7,https://xeno-canto.org/1007124/download,test
1007124,Northern Flicker,8,https://xeno-canto.org/1007124/download,test
1007124,Northern Flicker,9,https://xeno-canto.org/1007124/download,test
1007124,Northern Flicker,10,https://xeno-canto.org/1007124/download,test
1007124,Northern Flicker,11,https://xeno-canto.org/1007124/download,test
1007124,Northern Flicker,12,https://xeno-canto.org/1007124/download,test
1007124,Northern Flicker,13,https://xeno-canto.org/1007124/download,test
1007124,Northern Flicker,14,https://xeno-canto.org/1007124/download,test
993993,Northern Flicker,0,https://xeno-canto.org/993993/download,val
993993,Northern Flicker,1,https://xeno-canto.org/993993/download,val
993993,Northern Flicker,2,https://xeno-canto.org/993993/download,val
993993,Northern Flicker,3,https://xeno-canto.org/993993/download,val
993993,Northern Flicker,4,https://xeno-canto.org/993993/download,val
993993,Northern Flicker,5,https://xeno-canto.org/993993/download,val
993993,Northern Flicker,6,https://xeno-canto.org/993993/download,val
993993,Northern Flicker,7,https://xeno-canto.org/993993/download,val
993993,Northern Flicker,8,https://xeno-canto.org/993993/download,val
993993,Northern Flicker,9,https://xeno-canto.org/993993/download,val
993993,Northern Flicker,10,https://xeno-canto.org/993993/download,val
993993,Northern Flicker,11,https://xeno-canto.org/993993/download,val
975331,Northern Flicker,0,https://xeno-canto.org/975331/download,train
975331,Northern Flicker,1,https://xeno-canto.org/975331/download,train
975331,Northern Flicker,2,https://xeno-canto.org/975331/download,train
975331,Northern Flicker,3,https://xeno-canto.org/975331/download,train
975331,Northern Flicker,4,https://xeno-canto.org/975331/download,train
975331,Northern Flicker,5,https://xeno-canto.org/975331/download,train
975331,Northern Flicker,6,https://xeno-canto.org/975331/download,train
975331,Northern Flicker,7,https://xeno-canto.org/975331/download,train
975331,Northern Flicker,8,https://xeno-canto.org/975331/download,train
975331,Northern Flicker,9,https://xeno-canto.org/975331/download,train
975331,Northern Flicker,10,https://xeno-canto.org/975331/download,train
975331,Northern Flicker,11,https://xeno-canto.org/975331/download,train
975331,Northern Flicker,12,https://xeno-canto.org/975331/download,train
975331,Northern Flicker,13,https://xeno-canto.org/975331/download,train
975331,Northern Flicker,14,https://xeno-canto.org/975331/download,train
957326,Northern Flicker,0,https://xeno-canto.org/957326/download,train
957326,Northern Flicker,1,https://xeno-canto.org/957326/download,train
957326,Northern Flicker,2,https://xeno-canto.org/957326/download,train
957326,Northern Flicker,3,https://xeno-canto.org/957326/download,train
957326,Northern Flicker,4,https://xeno-canto.org/957326/download,train
957326,Northern Flicker,5,https://xeno-canto.org/957326/download,train
957326,Northern Flicker,6,https://xeno-canto.org/957326/download,train
957326,Northern Flicker,7,https://xeno-canto.org/957326/download,train
957326,Northern Flicker,8,https://xeno-canto.org/957326/download,train
957326,Northern Flicker,9,https://xeno-canto.org/957326/download,train
957326,Northern Flicker,10,https://xeno-canto.org/957326/download,train
957326,Northern Flicker,11,https://xeno-canto.org/957326/download,train
957326,Northern Flicker,12,https://xeno-canto.org/957326/download,train
839869,Northern Flicker,0,https://xeno-canto.org/839869/download,train
839869,Northern Flicker,1,https://xeno-canto.org/839869/download,train
839869,Northern Flicker,2,https://xeno-canto.org/839869/download,train
839869,Northern Flicker,3,https://xeno-canto.org/839869/download,train
839869,Northern Flicker,4,https://xeno-canto.org/839869/download,train
839869,Northern Flicker,5,https://xeno-canto.org/839869/download,train
839869,Northern Flicker,6,https://xeno-canto.org/839869/download,train
839869,Northern Flicker,7,https://xeno-canto.org/839869/download,train
839869,Northern Flicker,8,https://xeno-canto.org/839869/download,train
839869,Northern Flicker,9,https://xeno-canto.org/839869/download,train
839869,Northern Flicker,10,https://xeno-canto.org/839869/download,train
839869,Northern Flicker,11,https://xeno-canto.org/839869/download,train
839869,Northern Flicker,12,https://xeno-canto.org/839869/download,train
839869,Northern Flicker,13,https://xeno-canto.org/839869/download,train
839869,Northern Flicker,14,https://xeno-canto.org/839869/download,train
786155,Northern Flicker,0,https://xeno-canto.org/786155/download,train
786155,Northern Flicker,1,https://xeno-canto.org/786155/download,train
786155,Northern Flicker,2,https://xeno-canto.org/786155/download,train
786155,Northern Flicker,3,https://xeno-canto.org/786155/download,train
786155,Northern Flicker,4,https://xeno-canto.org/786155/download,train
786155,Northern Flicker,5,https://xeno-canto.org/786155/download,train
786155,Northern Flicker,6,https://xeno-canto.org/786155/download,train
786155,Northern Flicker,7,https://xeno-canto.org/786155/download,train
786155,Northern Flicker,8,https://xeno-canto.org/786155/download,train
786155,Northern Flicker,9,https://xeno-canto.org/786155/download,train
786155,Northern Flicker,10,https://xeno-canto.org/786155/download,train
786155,Northern Flicker,11,https://xeno-canto.org/786155/download,train
786155,Northern Flicker,12,https://xeno-canto.org/786155/download,train
786155,Northern Flicker,13,https://xeno-canto.org/786155/download,train
786155,Northern Flicker,14,https://xeno-canto.org/786155/download,train
786154,Northern Flicker,0,https://xeno-canto.org/786154/download,train
786154,Northern Flicker,1,https://xeno-canto.org/786154/download,train
786154,Northern Flicker,2,https://xeno-canto.org/786154/download,train
786154,Northern Flicker,3,https://xeno-canto.org/786154/download,train
786154,Northern Flicker,4,https://xeno-canto.org/786154/download,train
786154,Northern Flicker,5,https://xeno-canto.org/786154/download,train
786154,Northern Flicker,6,https://xeno-canto.org/786154/download,train
786154,Northern Flicker,7,https://xeno-canto.org/786154/download,train
786154,Northern Flicker,8,https://xeno-canto.org/786154/download,train
786154,Northern Flicker,9,https://xeno-canto.org/786154/download,train
786154,Northern Flicker,10,https://xeno-canto.org/786154/download,train
786154,Northern Flicker,11,https://xeno-canto.org/786154/download,train
786154,Northern Flicker,12,https://xeno-canto.org/786154/download,train
786154,Northern Flicker,13,https://xeno-canto.org/786154/download,train
786154,Northern Flicker,14,https://xeno-canto.org/786154/download,train
786153,Northern Flicker,0,https://xeno-canto.org/786153/download,train
786153,Northern Flicker,1,https://xeno-canto.org/786153/download,train
786153,Northern Flicker,2,https://xeno-canto.org/786153/download,train
786153,Northern Flicker,3,https://xeno-canto.org/786153/download,train
786153,Northern Flicker,4,https://xeno-canto.org/786153/download,train
786153,Northern Flicker,5,https://xeno-canto.org/786153/download,train
786153,Northern Flicker,6,https://xeno-canto.org/786153/download,train
786153,Northern Flicker,7,https://xeno-canto.org/786153/download,train
786153,Northern Flicker,8,https://xeno-canto.org/786153/download,train
786153,Northern Flicker,9,https://xeno-canto.org/786153/download,train
786153,Northern Flicker,10,https://xeno-canto.org/786153/download,train
786153,Northern Flicker,11,https://xeno-canto.org/786153/download,train
786153,Northern Flicker,12,https://xeno-canto.org/786153/download,train
786153,Northern Flicker,13,https://xeno-canto.org/786153/download,train
786153,Northern Flicker,14,https://xeno-canto.org/786153/download,train
776026,Northern Flicker,0,https://xeno-canto.org/776026/download,train
776026,Northern Flicker,1,https://xeno-canto.org/776026/download,train
776026,Northern Flicker,2,https://xeno-canto.org/776026/download,train
776026,Northern Flicker,3,https://xeno-canto.org/776026/download,train
776026,Northern Flicker,4,https://xeno-canto.org/776026/download,train
776026,Northern Flicker,5,https://xeno-canto.org/776026/download,train
776026,Northern Flicker,6,https://xeno-canto.org/776026/download,train
776026,Northern Flicker,7,https://xeno-canto.org/776026/download,train
776026,Northern Flicker,8,https://xeno-canto.org/776026/download,train
776026,Northern Flicker,9,https://xeno-canto.org/776026/download,train
776026,Northern Flicker,10,https://xeno-canto.org/776026/download,train
776026,Northern Flicker,11,https://xeno-canto.org/776026/download,train
776026,Northern Flicker,12,https://xeno-canto.org/776026/download,train
776026,Northern Flicker,13,https://xeno-canto.org/776026/download,train
776026,Northern Flicker,14,https://xeno-canto.org/776026/download,train
753469,Northern Flicker,0,https://xeno-canto.org/753469/download,train
753469,Northern Flicker,1,https://xeno-canto.org/753469/download,train
753469,Northern Flicker,2,https://xeno-canto.org/753469/download,train
753469,Northern Flicker,3,https://xeno-canto.org/753469/download,train
753469,Northern Flicker,4,https://xeno-canto.org/753469/download,train
753469,Northern Flicker,5,https://xeno-canto.org/753469/download,train
753183,Northern Flicker,0,https://xeno-canto.org/753183/download,test
753183,Northern Flicker,1,https://xeno-canto.org/753183/download,test
753183,Northern Flicker,2,https://xeno-canto.org/753183/download,test
753183,Northern Flicker,3,https://xeno-canto.org/753183/download,test
753183,Northern Flicker,4,https://xeno-canto.org/753183/download,test
753183,Northern Flicker,5,https://xeno-canto.org/753183/download,test
753183,Northern Flicker,6,https://xeno-canto.org/753183/download,test
753183,Northern Flicker,7,https://xeno-canto.org/753183/download,test
753183,Northern Flicker,8,https://xeno-canto.org/753183/download,test
753183,Northern Flicker,9,https://xeno-canto.org/753183/download,test
753183,Northern Flicker,10,https://xeno-canto.org/753183/download,test
753183,Northern Flicker,11,https://xeno-canto.org/753183/download,test
753183,Northern Flicker,12,https://xeno-canto.org/753183/download,test
753183,Northern Flicker,13,https://xeno-canto.org/753183/download,test
753183,Northern Flicker,14,https://xeno-canto.org/753183/download,test
722853,Northern Flicker,0,https://xeno-canto.org/722853/download,train
722853,Northern Flicker,1,https://xeno-canto.org/722853/download,train
722853,Northern Flicker,2,https://xeno-canto.org/722853/download,train
722853,Northern Flicker,3,https://xeno-canto.org/722853/download,train
722853,Northern Flicker,4,https://xeno-canto.org/722853/download,train
722853,Northern Flicker,5,https://xeno-canto.org/722853/download,train
722853,Northern Flicker,6,https://xeno-canto.org/722853/download,train
722853,Northern Flicker,7,https://xeno-canto.org/722853/download,train
722853,Northern Flicker,8,https://xeno-canto.org/722853/download,train
722853,Northern Flicker,9,https://xeno-canto.org/722853/download,train
722853,Northern Flicker,10,https://xeno-canto.org/722853/download,train
708962,Northern Flicker,0,https://xeno-canto.org/708962/download,test
708962,Northern Flicker,1,https://xeno-canto.org/708962/download,test
708962,Northern Flicker,2,https://xeno-canto.org/708962/download,test
708962,Northern Flicker,3,https://xeno-canto.org/708962/download,test
708962,Northern Flicker,4,https://xeno-canto.org/708962/download,test
708962,Northern Flicker,5,https://xeno-canto.org/708962/download,test
708962,Northern Flicker,6,https://xeno-canto.org/708962/download,test
708962,Northern Flicker,7,https://xeno-canto.org/708962/download,test
708962,Northern Flicker,8,https://xeno-canto.org/708962/download,test
708962,Northern Flicker,9,https://xeno-canto.org/708962/download,test
708962,Northern Flicker,10,https://xeno-canto.org/708962/download,test
708962,Northern Flicker,11,https://xeno-canto.org/708962/download,test
708962,Northern Flicker,12,https://xeno-canto.org/708962/download,test
708962,Northern Flicker,13,https://xeno-canto.org/708962/download,test
708962,Northern Flicker,14,https://xeno-canto.org/708962/download,test
697755,Northern Flicker,0,https://xeno-canto.org/697755/download,train
697755,Northern Flicker,1,https://xeno-canto.org/697755/download,train
697755,Northern Flicker,2,https://xeno-canto.org/697755/download,train
697755,Northern Flicker,3,https://xeno-canto.org/697755/download,train
697755,Northern Flicker,4,https://xeno-canto.org/697755/download,train
697755,Northern Flicker,5,https://xeno-canto.org/697755/download,train
697755,Northern Flicker,6,https://xeno-canto.org/697755/download,train
697755,Northern Flicker,7,https://xeno-canto.org/697755/download,train
697755,Northern Flicker,8,https://xeno-canto.org/697755/download,train
697755,Northern Flicker,9,https://xeno-canto.org/697755/download,train
697755,Northern Flicker,10,https://xeno-canto.org/697755/download,train
697755,Northern Flicker,11,https://xeno-canto.org/697755/download,train
697755,Northern Flicker,12,https://xeno-canto.org/697755/download,train
697755,Northern Flicker,13,https://xeno-canto.org/697755/download,train
697755,Northern Flicker,14,https://xeno-canto.org/697755/download,train
686057,Northern Flicker,0,https://xeno-canto.org/686057/download,train
686057,Northern Flicker,1,https://xeno-canto.org/686057/download,train
686057,Northern Flicker,2,https://xeno-canto.org/686057/download,train
686057,Northern Flicker,3,https://xeno-canto.org/686057/download,train
686057,Northern Flicker,4,https://xeno-canto.org/686057/download,train
686057,Northern Flicker,5,https://xeno-canto.org/686057/download,train
686057,Northern Flicker,6,https://xeno-canto.org/686057/download,train
686057,Northern Flicker,7,https://xeno-canto.org/686057/download,train
686057,Northern Flicker,8,https://xeno-canto.org/686057/download,train
686057,Northern Flicker,9,https://xeno-canto.org/686057/download,train
686057,Northern Flicker,10,https://xeno-canto.org/686057/download,train
686057,Northern Flicker,11,https://xeno-canto.org/686057/download,train
686057,Northern Flicker,12,https://xeno-canto.org/686057/download,train
686057,Northern Flicker,13,https://xeno-canto.org/686057/download,train
686057,Northern Flicker,14,https://xeno-canto.org/686057/download,train
685311,Northern Flicker,0,https://xeno-canto.org/685311/download,test
685311,Northern Flicker,1,https://xeno-canto.org/685311/download,test
685311,Northern Flicker,2,https://xeno-canto.org/685311/download,test
685311,Northern Flicker,3,https://xeno-canto.org/685311/download,test
685311,Northern Flicker,4,https://xeno-canto.org/685311/download,test
685311,Northern Flicker,5,https://xeno-canto.org/685311/download,test
685311,Northern Flicker,6,https://xeno-canto.org/685311/download,test
685311,Northern Flicker,7,https://xeno-canto.org/685311/download,test
685311,Northern Flicker,8,https://xeno-canto.org/685311/download,test
685311,Northern Flicker,9,https://xeno-canto.org/685311/download,test
685311,Northern Flicker,10,https://xeno-canto.org/685311/download,test
685311,Northern Flicker,11,https://xeno-canto.org/685311/download,test
685311,Northern Flicker,12,https://xeno-canto.org/685311/download,test
685311,Northern Flicker,13,https://xeno-canto.org/685311/download,test
685311,Northern Flicker,14,https://xeno-canto.org/685311/download,test
677543,Northern Flicker,0,https://xeno-canto.org/677543/download,train
677543,Northern Flicker,1,https://xeno-canto.org/677543/download,train
677543,Northern Flicker,2,https://xeno-canto.org/677543/download,train
677543,Northern Flicker,3,https://xeno-canto.org/677543/download,train
677543,Northern Flicker,4,https://xeno-canto.org/677543/download,train
677543,Northern Flicker,5,https://xeno-canto.org/677543/download,train
677543,Northern Flicker,6,https://xeno-canto.org/677543/download,train
677543,Northern Flicker,7,https://xeno-canto.org/677543/download,train
677543,Northern Flicker,8,https://xeno-canto.org/677543/download,train
677543,Northern Flicker,9,https://xeno-canto.org/677543/download,train
677543,Northern Flicker,10,https://xeno-canto.org/677543/download,train
677543,Northern Flicker,11,https://xeno-canto.org/677543/download,train
677543,Northern Flicker,12,https://xeno-canto.org/677543/download,train
677543,Northern Flicker,13,https://xeno-canto.org/677543/download,train
677543,Northern Flicker,14,https://xeno-canto.org/677543/download,train
677541,Northern Flicker,0,https://xeno-canto.org/677541/download,test
677541,Northern Flicker,1,https://xeno-canto.org/677541/download,test
677541,Northern Flicker,2,https://xeno-canto.org/677541/download,test
677541,Northern Flicker,3,https://xeno-canto.org/677541/download,test
677541,Northern Flicker,4,https://xeno-canto.org/677541/download,test
677541,Northern Flicker,5,https://xeno-canto.org/677541/download,test
677541,Northern Flicker,6,https://xeno-canto.org/677541/download,test
677541,Northern Flicker,7,https://xeno-canto.org/677541/download,test
677541,Northern Flicker,8,https://xeno-canto.org/677541/download,test
677541,Northern Flicker,9,https://xeno-canto.org/677541/download,test
677541,Northern Flicker,10,https://xeno-canto.org/677541/download,test
677541,Northern Flicker,11,https://xeno-canto.org/677541/download,test
677541,Northern Flicker,12,https://xeno-canto.org/677541/download,test
677541,Northern Flicker,13,https://xeno-canto.org/677541/download,test
677541,Northern Flicker,14,https://xeno-canto.org/677541/download,test
661732,Northern Flicker,0,https://xeno-canto.org/661732/download,train
661732,Northern Flicker,1,https://xeno-canto.org/661732/download,train
661732,Northern Flicker,2,https://xeno-canto.org/661732/download,train
661732,Northern Flicker,3,https://xeno-canto.org/661732/download,train
661732,Northern Flicker,4,https://xeno-canto.org/661732/download,train
661732,Northern Flicker,5,https://xeno-canto.org/661732/download,train
661732,Northern Flicker,6,https://xeno-canto.org/661732/download,train
661732,Northern Flicker,7,https://xeno-canto.org/661732/download,train
661732,Northern Flicker,8,https://xeno-canto.org/661732/download,train
661732,Northern Flicker,9,https://xeno-canto.org/661732/download,train
661732,Northern Flicker,10,https://xeno-canto.org/661732/download,train
661732,Northern Flicker,11,https://xeno-canto.org/661732/download,train
661732,Northern Flicker,12,https://xeno-canto.org/661732/download,train
661732,Northern Flicker,13,https://xeno-canto.org/661732/download,train
661732,Northern Flicker,14,https://xeno-canto.org/661732/download,train
648368,Northern Flicker,0,https://xeno-canto.org/648368/download,train
648368,Northern Flicker,1,https://xeno-canto.org/648368/download,train
648368,Northern Flicker,2,https://xeno-canto.org/648368/download,train
648368,Northern Flicker,3,https://xeno-canto.org/648368/download,train
648368,Northern Flicker,4,https://xeno-canto.org/648368/download,train
648368,Northern Flicker,5,https://xeno-canto.org/648368/download,train
648368,Northern Flicker,6,https://xeno-canto.org/648368/download,train
648368,Northern Flicker,7,https://xeno-canto.org/648368/download,train
648368,Northern Flicker,8,https://xeno-canto.org/648368/download,train
648368,Northern Flicker,9,https://xeno-canto.org/648368/download,train
648368,Northern Flicker,10,https://xeno-canto.org/648368/download,train
648368,Northern Flicker,11,https://xeno-canto.org/648368/download,train
648368,Northern Flicker,12,https://xeno-canto.org/648368/download,train
648368,Northern Flicker,13,https://xeno-canto.org/648368/download,train
648368,Northern Flicker,14,https://xeno-canto.org/648368/download,train
645833,Northern Flicker,0,https://xeno-canto.org/645833/download,val
645833,Northern Flicker,1,https://xeno-canto.org/645833/download,val
645833,Northern Flicker,2,https://xeno-canto.org/645833/download,val
645833,Northern Flicker,3,https://xeno-canto.org/645833/download,val
645833,Northern Flicker,4,https://xeno-canto.org/645833/download,val
645833,Northern Flicker,5,https://xeno-canto.org/645833/download,val
645833,Northern Flicker,6,https://xeno-canto.org/645833/download,val
1136851,Song Sparrow,0,https://xeno-canto.org/1136851/download,train
1136851,Song Sparrow,1,https://xeno-canto.org/1136851/download,train
1136851,Song Sparrow,2,https://xeno-canto.org/1136851/download,train
1136851,Song Sparrow,3,https://xeno-canto.org/1136851/download,train
1136851,Song Sparrow,4,https://xeno-canto.org/1136851/download,train
1136851,Song Sparrow,5,https://xeno-canto.org/1136851/download,train
1136851,Song Sparrow,6,https://xeno-canto.org/1136851/download,train
1136851,Song Sparrow,7,https://xeno-canto.org/1136851/download,train
1136851,Song Sparrow,8,https://xeno-canto.org/1136851/download,train
1136851,Song Sparrow,9,https://xeno-canto.org/1136851/download,train
1136851,Song Sparrow,10,https://xeno-canto.org/1136851/download,train
1136851,Song Sparrow,11,https://xeno-canto.org/1136851/download,train
1136851,Song Sparrow,12,https://xeno-canto.org/1136851/download,train
1136851,Song Sparrow,13,https://xeno-canto.org/1136851/download,train
1136851,Song Sparrow,14,https://xeno-canto.org/1136851/download,train
1107072,Song Sparrow,0,https://xeno-canto.org/1107072/download,train
1107072,Song Sparrow,1,https://xeno-canto.org/1107072/download,train
1107072,Song Sparrow,2,https://xeno-canto.org/1107072/download,train
1107072,Song Sparrow,3,https://xeno-canto.org/1107072/download,train
1107072,Song Sparrow,4,https://xeno-canto.org/1107072/download,train
1107072,Song Sparrow,5,https://xeno-canto.org/1107072/download,train
1107072,Song Sparrow,6,https://xeno-canto.org/1107072/download,train
1107072,Song Sparrow,7,https://xeno-canto.org/1107072/download,train
1107072,Song Sparrow,8,https://xeno-canto.org/1107072/download,train
1107072,Song Sparrow,9,https://xeno-canto.org/1107072/download,train
1107072,Song Sparrow,10,https://xeno-canto.org/1107072/download,train
1107072,Song Sparrow,11,https://xeno-canto.org/1107072/download,train
1107072,Song Sparrow,12,https://xeno-canto.org/1107072/download,train
1107072,Song Sparrow,13,https://xeno-canto.org/1107072/download,train
1107072,Song Sparrow,14,https://xeno-canto.org/1107072/download,train
1095092,Song Sparrow,0,https://xeno-canto.org/1095092/download,train
1095092,Song Sparrow,1,https://xeno-canto.org/1095092/download,train
1095092,Song Sparrow,2,https://xeno-canto.org/1095092/download,train
1095092,Song Sparrow,3,https://xeno-canto.org/1095092/download,train
1095092,Song Sparrow,4,https://xeno-canto.org/1095092/download,train
1095092,Song Sparrow,5,https://xeno-canto.org/1095092/download,train
1095092,Song Sparrow,6,https://xeno-canto.org/1095092/download,train
1095092,Song Sparrow,7,https://xeno-canto.org/1095092/download,train
1095092,Song Sparrow,8,https://xeno-canto.org/1095092/download,train
1095092,Song Sparrow,9,https://xeno-canto.org/1095092/download,train
1095092,Song Sparrow,10,https://xeno-canto.org/1095092/download,train
1095092,Song Sparrow,11,https://xeno-canto.org/1095092/download,train
1095092,Song Sparrow,12,https://xeno-canto.org/1095092/download,train
1095092,Song Sparrow,13,https://xeno-canto.org/1095092/download,train
1095092,Song Sparrow,14,https://xeno-canto.org/1095092/download,train
1092304,Song Sparrow,0,https://xeno-canto.org/1092304/download,train
1092304,Song Sparrow,1,https://xeno-canto.org/1092304/download,train
1092304,Song Sparrow,2,https://xeno-canto.org/1092304/download,train
1092304,Song Sparrow,3,https://xeno-canto.org/1092304/download,train
1092304,Song Sparrow,4,https://xeno-canto.org/1092304/download,train
1092304,Song Sparrow,5,https://xeno-canto.org/1092304/download,train
1092304,Song Sparrow,6,https://xeno-canto.org/1092304/download,train
1092304,Song Sparrow,7,https://xeno-canto.org/1092304/download,train
1092304,Song Sparrow,8,https://xeno-canto.org/1092304/download,train
1092304,Song Sparrow,9,https://xeno-canto.org/1092304/download,train
1092304,Song Sparrow,10,https://xeno-canto.org/1092304/download,train
1092304,Song Sparrow,11,https://xeno-canto.org/1092304/download,train
1092304,Song Sparrow,12,https://xeno-canto.org/1092304/download,train
1092304,Song Sparrow,13,https://xeno-canto.org/1092304/download,train
1092304,Song Sparrow,14,https://xeno-canto.org/1092304/download,train
1090713,Song Sparrow,0,https://xeno-canto.org/1090713/download,train
1090713,Song Sparrow,1,https://xeno-canto.org/1090713/download,train
1090713,Song Sparrow,2,https://xeno-canto.org/1090713/download,train
1090713,Song Sparrow,3,https://xeno-canto.org/1090713/download,train
1090713,Song Sparrow,4,https://xeno-canto.org/1090713/download,train
1090713,Song Sparrow,5,https://xeno-canto.org/1090713/download,train
1090713,Song Sparrow,6,https://xeno-canto.org/1090713/download,train
1090713,Song Sparrow,7,https://xeno-canto.org/1090713/download,train
1090713,Song Sparrow,8,https://xeno-canto.org/1090713/download,train
1090713,Song Sparrow,9,https://xeno-canto.org/1090713/download,train
1090713,Song Sparrow,10,https://xeno-canto.org/1090713/download,train
1090713,Song Sparrow,11,https://xeno-canto.org/1090713/download,train
1090713,Song Sparrow,12,https://xeno-canto.org/1090713/download,train
1090713,Song Sparrow,13,https://xeno-canto.org/1090713/download,train
1090713,Song Sparrow,14,https://xeno-canto.org/1090713/download,train
1090712,Song Sparrow,0,https://xeno-canto.org/1090712/download,val
1090712,Song Sparrow,1,https://xeno-canto.org/1090712/download,val
1090712,Song Sparrow,2,https://xeno-canto.org/1090712/download,val
1090712,Song Sparrow,3,https://xeno-canto.org/1090712/download,val
1090712,Song Sparrow,4,https://xeno-canto.org/1090712/download,val
1090712,Song Sparrow,5,https://xeno-canto.org/1090712/download,val
1090712,Song Sparrow,6,https://xeno-canto.org/1090712/download,val
1090712,Song Sparrow,7,https://xeno-canto.org/1090712/download,val
1090712,Song Sparrow,8,https://xeno-canto.org/1090712/download,val
1090712,Song Sparrow,9,https://xeno-canto.org/1090712/download,val
1090712,Song Sparrow,10,https://xeno-canto.org/1090712/download,val
1089603,Song Sparrow,0,https://xeno-canto.org/1089603/download,train
1089603,Song Sparrow,1,https://xeno-canto.org/1089603/download,train
1089603,Song Sparrow,2,https://xeno-canto.org/1089603/download,train
1089603,Song Sparrow,3,https://xeno-canto.org/1089603/download,train
1089603,Song Sparrow,4,https://xeno-canto.org/1089603/download,train
1089603,Song Sparrow,5,https://xeno-canto.org/1089603/download,train
1089603,Song Sparrow,6,https://xeno-canto.org/1089603/download,train
1089603,Song Sparrow,7,https://xeno-canto.org/1089603/download,train
1085542,Song Sparrow,0,https://xeno-canto.org/1085542/download,train
1085542,Song Sparrow,1,https://xeno-canto.org/1085542/download,train
1085542,Song Sparrow,2,https://xeno-canto.org/1085542/download,train
1085542,Song Sparrow,3,https://xeno-canto.org/1085542/download,train
1085542,Song Sparrow,4,https://xeno-canto.org/1085542/download,train
1085542,Song Sparrow,5,https://xeno-canto.org/1085542/download,train
1085542,Song Sparrow,6,https://xeno-canto.org/1085542/download,train
1085542,Song Sparrow,7,https://xeno-canto.org/1085542/download,train
1085542,Song Sparrow,8,https://xeno-canto.org/1085542/download,train
1085542,Song Sparrow,9,https://xeno-canto.org/1085542/download,train
1085542,Song Sparrow,10,https://xeno-canto.org/1085542/download,train
1085542,Song Sparrow,11,https://xeno-canto.org/1085542/download,train
1085542,Song Sparrow,12,https://xeno-canto.org/1085542/download,train
1085542,Song Sparrow,13,https://xeno-canto.org/1085542/download,train
1085542,Song Sparrow,14,https://xeno-canto.org/1085542/download,train
1082018,Song Sparrow,0,https://xeno-canto.org/1082018/download,test
1082018,Song Sparrow,1,https://xeno-canto.org/1082018/download,test
1082018,Song Sparrow,2,https://xeno-canto.org/1082018/download,test
1082018,Song Sparrow,3,https://xeno-canto.org/1082018/download,test
1082018,Song Sparrow,4,https://xeno-canto.org/1082018/download,test
1082018,Song Sparrow,5,https://xeno-canto.org/1082018/download,test
1082018,Song Sparrow,6,https://xeno-canto.org/1082018/download,test
1082018,Song Sparrow,7,https://xeno-canto.org/1082018/download,test
1082018,Song Sparrow,8,https://xeno-canto.org/1082018/download,test
1082018,Song Sparrow,9,https://xeno-canto.org/1082018/download,test
1082018,Song Sparrow,10,https://xeno-canto.org/1082018/download,test
1082018,Song Sparrow,11,https://xeno-canto.org/1082018/download,test
1082018,Song Sparrow,12,https://xeno-canto.org/1082018/download,test
1082018,Song Sparrow,13,https://xeno-canto.org/1082018/download,test
1082018,Song Sparrow,14,https://xeno-canto.org/1082018/download,test
1074021,Song Sparrow,0,https://xeno-canto.org/1074021/download,test
1074021,Song Sparrow,1,https://xeno-canto.org/1074021/download,test
1074021,Song Sparrow,2,https://xeno-canto.org/1074021/download,test
1074021,Song Sparrow,3,https://xeno-canto.org/1074021/download,test
1074021,Song Sparrow,4,https://xeno-canto.org/1074021/download,test
1074021,Song Sparrow,5,https://xeno-canto.org/1074021/download,test
1074021,Song Sparrow,6,https://xeno-canto.org/1074021/download,test
1074021,Song Sparrow,7,https://xeno-canto.org/1074021/download,test
1074021,Song Sparrow,8,https://xeno-canto.org/1074021/download,test
1074021,Song Sparrow,9,https://xeno-canto.org/1074021/download,test
1074021,Song Sparrow,10,https://xeno-canto.org/1074021/download,test
1074021,Song Sparrow,11,https://xeno-canto.org/1074021/download,test
1074021,Song Sparrow,12,https://xeno-canto.org/1074021/download,test
1074021,Song Sparrow,13,https://xeno-canto.org/1074021/download,test
1074021,Song Sparrow,14,https://xeno-canto.org/1074021/download,test
1056054,Song Sparrow,0,https://xeno-canto.org/1056054/download,train
1056054,Song Sparrow,1,https://xeno-canto.org/1056054/download,train
1056054,Song Sparrow,2,https://xeno-canto.org/1056054/download,train
1056054,Song Sparrow,3,https://xeno-canto.org/1056054/download,train
1056054,Song Sparrow,4,https://xeno-canto.org/1056054/download,train
1056054,Song Sparrow,5,https://xeno-canto.org/1056054/download,train
1056054,Song Sparrow,6,https://xeno-canto.org/1056054/download,train
1056054,Song Sparrow,7,https://xeno-canto.org/1056054/download,train
1049227,Song Sparrow,0,https://xeno-canto.org/1049227/download,train
1049227,Song Sparrow,1,https://xeno-canto.org/1049227/download,train
1049227,Song Sparrow,2,https://xeno-canto.org/1049227/download,train
1049227,Song Sparrow,3,https://xeno-canto.org/1049227/download,train
1049227,Song Sparrow,4,https://xeno-canto.org/1049227/download,train
1049227,Song Sparrow,5,https://xeno-canto.org/1049227/download,train
1049227,Song Sparrow,6,https://xeno-canto.org/1049227/download,train
1049227,Song Sparrow,7,https://xeno-canto.org/1049227/download,train
1049227,Song Sparrow,8,https://xeno-canto.org/1049227/download,train
1049157,Song Sparrow,0,https://xeno-canto.org/1049157/download,train
1049157,Song Sparrow,1,https://xeno-canto.org/1049157/download,train
1049157,Song Sparrow,2,https://xeno-canto.org/1049157/download,train
1049157,Song Sparrow,3,https://xeno-canto.org/1049157/download,train
1049157,Song Sparrow,4,https://xeno-canto.org/1049157/download,train
1049157,Song Sparrow,5,https://xeno-canto.org/1049157/download,train
1049157,Song Sparrow,6,https://xeno-canto.org/1049157/download,train
1049157,Song Sparrow,7,https://xeno-canto.org/1049157/download,train
1049157,Song Sparrow,8,https://xeno-canto.org/1049157/download,train
1049157,Song Sparrow,9,https://xeno-canto.org/1049157/download,train
1049157,Song Sparrow,10,https://xeno-canto.org/1049157/download,train
1049157,Song Sparrow,11,https://xeno-canto.org/1049157/download,train
1049157,Song Sparrow,12,https://xeno-canto.org/1049157/download,train
1049157,Song Sparrow,13,https://xeno-canto.org/1049157/download,train
1049157,Song Sparrow,14,https://xeno-canto.org/1049157/download,train
1029615,Song Sparrow,0,https://xeno-canto.org/1029615/download,train
1029615,Song Sparrow,1,https://xeno-canto.org/1029615/download,train
1029615,Song Sparrow,2,https://xeno-canto.org/1029615/download,train
1029615,Song Sparrow,3,https://xeno-canto.org/1029615/download,train
1029615,Song Sparrow,4,https://xeno-canto.org/1029615/download,train
1029615,Song Sparrow,5,https://xeno-canto.org/1029615/download,train
1029615,Song Sparrow,6,https://xeno-canto.org/1029615/download,train
1029615,Song Sparrow,7,https://xeno-canto.org/1029615/download,train
1029615,Song Sparrow,8,https://xeno-canto.org/1029615/download,train
1029615,Song Sparrow,9,https://xeno-canto.org/1029615/download,train
1029615,Song Sparrow,10,https://xeno-canto.org/1029615/download,train
1029615,Song Sparrow,11,https://xeno-canto.org/1029615/download,train
1029615,Song Sparrow,12,https://xeno-canto.org/1029615/download,train
1029615,Song Sparrow,13,https://xeno-canto.org/1029615/download,train
1029615,Song Sparrow,14,https://xeno-canto.org/1029615/download,train
1027846,Song Sparrow,0,https://xeno-canto.org/1027846/download,train
1027846,Song Sparrow,1,https://xeno-canto.org/1027846/download,train
1027846,Song Sparrow,2,https://xeno-canto.org/1027846/download,train
1027846,Song Sparrow,3,https://xeno-canto.org/1027846/download,train
1027846,Song Sparrow,4,https://xeno-canto.org/1027846/download,train
1027846,Song Sparrow,5,https://xeno-canto.org/1027846/download,train
1027846,Song Sparrow,6,https://xeno-canto.org/1027846/download,train
1027846,Song Sparrow,7,https://xeno-canto.org/1027846/download,train
1027846,Song Sparrow,8,https://xeno-canto.org/1027846/download,train
1027846,Song Sparrow,9,https://xeno-canto.org/1027846/download,train
1027846,Song Sparrow,10,https://xeno-canto.org/1027846/download,train
1027846,Song Sparrow,11,https://xeno-canto.org/1027846/download,train
1027846,Song Sparrow,12,https://xeno-canto.org/1027846/download,train
1027846,Song Sparrow,13,https://xeno-canto.org/1027846/download,train
1027846,Song Sparrow,14,https://xeno-canto.org/1027846/download,train
1027844,Song Sparrow,0,https://xeno-canto.org/1027844/download,train
1027844,Song Sparrow,1,https://xeno-canto.org/1027844/download,train
1027844,Song Sparrow,2,https://xeno-canto.org/1027844/download,train
1027844,Song Sparrow,3,https://xeno-canto.org/1027844/download,train
1027844,Song Sparrow,4,https://xeno-canto.org/1027844/download,train
1027844,Song Sparrow,5,https://xeno-canto.org/1027844/download,train
1027844,Song Sparrow,6,https://xeno-canto.org/1027844/download,train
1027844,Song Sparrow,7,https://xeno-canto.org/1027844/download,train
1027844,Song Sparrow,8,https://xeno-canto.org/1027844/download,train
1027844,Song Sparrow,9,https://xeno-canto.org/1027844/download,train
1027844,Song Sparrow,10,https://xeno-canto.org/1027844/download,train
1027844,Song Sparrow,11,https://xeno-canto.org/1027844/download,train
1027844,Song Sparrow,12,https://xeno-canto.org/1027844/download,train
1027844,Song Sparrow,13,https://xeno-canto.org/1027844/download,train
1027844,Song Sparrow,14,https://xeno-canto.org/1027844/download,train
1021076,Song Sparrow,0,https://xeno-canto.org/1021076/download,val
1021076,Song Sparrow,1,https://xeno-canto.org/1021076/download,val
1021076,Song Sparrow,2,https://xeno-canto.org/1021076/download,val
1021076,Song Sparrow,3,https://xeno-canto.org/1021076/download,val
1021076,Song Sparrow,4,https://xeno-canto.org/1021076/download,val
1021076,Song Sparrow,5,https://xeno-canto.org/1021076/download,val
1021075,Song Sparrow,0,https://xeno-canto.org/1021075/download,train
1021075,Song Sparrow,1,https://xeno-canto.org/1021075/download,train
1021075,Song Sparrow,2,https://xeno-canto.org/1021075/download,train
1021075,Song Sparrow,3,https://xeno-canto.org/1021075/download,train
1021075,Song Sparrow,4,https://xeno-canto.org/1021075/download,train
1021075,Song Sparrow,5,https://xeno-canto.org/1021075/download,train
1021075,Song Sparrow,6,https://xeno-canto.org/1021075/download,train
1021075,Song Sparrow,7,https://xeno-canto.org/1021075/download,train
1021075,Song Sparrow,8,https://xeno-canto.org/1021075/download,train
1021075,Song Sparrow,9,https://xeno-canto.org/1021075/download,train
1021075,Song Sparrow,10,https://xeno-canto.org/1021075/download,train
1021075,Song Sparrow,11,https://xeno-canto.org/1021075/download,train
1021075,Song Sparrow,12,https://xeno-canto.org/1021075/download,train
1021075,Song Sparrow,13,https://xeno-canto.org/1021075/download,train
1021075,Song Sparrow,14,https://xeno-canto.org/1021075/download,train
1021074,Song Sparrow,0,https://xeno-canto.org/1021074/download,test
1021074,Song Sparrow,1,https://xeno-canto.org/1021074/download,test
1021074,Song Sparrow,2,https://xeno-canto.org/1021074/download,test
1021074,Song Sparrow,3,https://xeno-canto.org/1021074/download,test
1021074,Song Sparrow,4,https://xeno-canto.org/1021074/download,test
1021074,Song Sparrow,5,https://xeno-canto.org/1021074/download,test
1021074,Song Sparrow,6,https://xeno-canto.org/1021074/download,test
1021074,Song Sparrow,7,https://xeno-canto.org/1021074/download,test
1021074,Song Sparrow,8,https://xeno-canto.org/1021074/download,test
1021074,Song Sparrow,9,https://xeno-canto.org/1021074/download,test
1021074,Song Sparrow,10,https://xeno-canto.org/1021074/download,test
1021074,Song Sparrow,11,https://xeno-canto.org/1021074/download,test
1021074,Song Sparrow,12,https://xeno-canto.org/1021074/download,test
1021074,Song Sparrow,13,https://xeno-canto.org/1021074/download,test
1021074,Song Sparrow,14,https://xeno-canto.org/1021074/download,test
1021073,Song Sparrow,0,https://xeno-canto.org/1021073/download,train
1021073,Song Sparrow,1,https://xeno-canto.org/1021073/download,train
1021073,Song Sparrow,2,https://xeno-canto.org/1021073/download,train
1021073,Song Sparrow,3,https://xeno-canto.org/1021073/download,train
1021073,Song Sparrow,4,https://xeno-canto.org/1021073/download,train
1021073,Song Sparrow,5,https://xeno-canto.org/1021073/download,train
1021073,Song Sparrow,6,https://xeno-canto.org/1021073/download,train
1021073,Song Sparrow,7,https://xeno-canto.org/1021073/download,train
1021073,Song Sparrow,8,https://xeno-canto.org/1021073/download,train
1021073,Song Sparrow,9,https://xeno-canto.org/1021073/download,train
1021073,Song Sparrow,10,https://xeno-canto.org/1021073/download,train
1021073,Song Sparrow,11,https://xeno-canto.org/1021073/download,train
1021073,Song Sparrow,12,https://xeno-canto.org/1021073/download,train
1021073,Song Sparrow,13,https://xeno-canto.org/1021073/download,train
1021073,Song Sparrow,14,https://xeno-canto.org/1021073/download,train
1021072,Song Sparrow,0,https://xeno-canto.org/1021072/download,train
1021072,Song Sparrow,1,https://xeno-canto.org/1021072/download,train
1021072,Song Sparrow,2,https://xeno-canto.org/1021072/download,train
1021072,Song Sparrow,3,https://xeno-canto.org/1021072/download,train
1021072,Song Sparrow,4,https://xeno-canto.org/1021072/download,train
1021072,Song Sparrow,5,https://xeno-canto.org/1021072/download,train
1021072,Song Sparrow,6,https://xeno-canto.org/1021072/download,train
1021072,Song Sparrow,7,https://xeno-canto.org/1021072/download,train
1021072,Song Sparrow,8,https://xeno-canto.org/1021072/download,train
1021072,Song Sparrow,9,https://xeno-canto.org/1021072/download,train
1021072,Song Sparrow,10,https://xeno-canto.org/1021072/download,train
1021072,Song Sparrow,11,https://xeno-canto.org/1021072/download,train
1021072,Song Sparrow,12,https://xeno-canto.org/1021072/download,train
1021072,Song Sparrow,13,https://xeno-canto.org/1021072/download,train
1021072,Song Sparrow,14,https://xeno-canto.org/1021072/download,train
1021071,Song Sparrow,0,https://xeno-canto.org/1021071/download,train
1021071,Song Sparrow,1,https://xeno-canto.org/1021071/download,train
1021071,Song Sparrow,2,https://xeno-canto.org/1021071/download,train
1021071,Song Sparrow,3,https://xeno-canto.org/1021071/download,train
1021071,Song Sparrow,4,https://xeno-canto.org/1021071/download,train
1021071,Song Sparrow,5,https://xeno-canto.org/1021071/download,train
1021071,Song Sparrow,6,https://xeno-canto.org/1021071/download,train
1021071,Song Sparrow,7,https://xeno-canto.org/1021071/download,train
1021071,Song Sparrow,8,https://xeno-canto.org/1021071/download,train
1021071,Song Sparrow,9,https://xeno-canto.org/1021071/download,train
1021071,Song Sparrow,10,https://xeno-canto.org/1021071/download,train
1021071,Song Sparrow,11,https://xeno-canto.org/1021071/download,train
1021071,Song Sparrow,12,https://xeno-canto.org/1021071/download,train
1021071,Song Sparrow,13,https://xeno-canto.org/1021071/download,train
1021071,Song Sparrow,14,https://xeno-canto.org/1021071/download,train
1015043,Song Sparrow,0,https://xeno-canto.org/1015043/download,train
1015043,Song Sparrow,1,https://xeno-canto.org/1015043/download,train
1015043,Song Sparrow,2,https://xeno-canto.org/1015043/download,train
1015043,Song Sparrow,3,https://xeno-canto.org/1015043/download,train
1015043,Song Sparrow,4,https://xeno-canto.org/1015043/download,train
1015043,Song Sparrow,5,https://xeno-canto.org/1015043/download,train
1015043,Song Sparrow,6,https://xeno-canto.org/1015043/download,train
1015043,Song Sparrow,7,https://xeno-canto.org/1015043/download,train
1015043,Song Sparrow,8,https://xeno-canto.org/1015043/download,train
1015043,Song Sparrow,9,https://xeno-canto.org/1015043/download,train
1015043,Song Sparrow,10,https://xeno-canto.org/1015043/download,train
1015043,Song Sparrow,11,https://xeno-canto.org/1015043/download,train
1015043,Song Sparrow,12,https://xeno-canto.org/1015043/download,train
1015042,Song Sparrow,0,https://xeno-canto.org/1015042/download,val
1015042,Song Sparrow,1,https://xeno-canto.org/1015042/download,val
1015042,Song Sparrow,2,https://xeno-canto.org/1015042/download,val
1015042,Song Sparrow,3,https://xeno-canto.org/1015042/download,val
1015042,Song Sparrow,4,https://xeno-canto.org/1015042/download,val
1015042,Song Sparrow,5,https://xeno-canto.org/1015042/download,val
1015042,Song Sparrow,6,https://xeno-canto.org/1015042/download,val
1015042,Song Sparrow,7,https://xeno-canto.org/1015042/download,val
1015042,Song Sparrow,8,https://xeno-canto.org/1015042/download,val
1015042,Song Sparrow,9,https://xeno-canto.org/1015042/download,val
1015042,Song Sparrow,10,https://xeno-canto.org/1015042/download,val
1015042,Song Sparrow,11,https://xeno-canto.org/1015042/download,val
1015042,Song Sparrow,12,https://xeno-canto.org/1015042/download,val
1015042,Song Sparrow,13,https://xeno-canto.org/1015042/download,val
1015042,Song Sparrow,14,https://xeno-canto.org/1015042/download,val
1015041,Song Sparrow,0,https://xeno-canto.org/1015041/download,test
1015041,Song Sparrow,1,https://xeno-canto.org/1015041/download,test
1015041,Song Sparrow,2,https://xeno-canto.org/1015041/download,test
1015041,Song Sparrow,3,https://xeno-canto.org/1015041/download,test
1015041,Song Sparrow,4,https://xeno-canto.org/1015041/download,test
1015041,Song Sparrow,5,https://xeno-canto.org/1015041/download,test
1015041,Song Sparrow,6,https://xeno-canto.org/1015041/download,test
1015041,Song Sparrow,7,https://xeno-canto.org/1015041/download,test
1015041,Song Sparrow,8,https://xeno-canto.org/1015041/download,test
1015041,Song Sparrow,9,https://xeno-canto.org/1015041/download,test
1015041,Song Sparrow,10,https://xeno-canto.org/1015041/download,test
1015041,Song Sparrow,11,https://xeno-canto.org/1015041/download,test
1015041,Song Sparrow,12,https://xeno-canto.org/1015041/download,test
1015041,Song Sparrow,13,https://xeno-canto.org/1015041/download,test
1015041,Song Sparrow,14,https://xeno-canto.org/1015041/download,test
1015040,Song Sparrow,0,https://xeno-canto.org/1015040/download,train
1015040,Song Sparrow,1,https://xeno-canto.org/1015040/download,train
1015040,Song Sparrow,2,https://xeno-canto.org/1015040/download,train
1015040,Song Sparrow,3,https://xeno-canto.org/1015040/download,train
1015040,Song Sparrow,4,https://xeno-canto.org/1015040/download,train
1015040,Song Sparrow,5,https://xeno-canto.org/1015040/download,train
1015040,Song Sparrow,6,https://xeno-canto.org/1015040/download,train
1015040,Song Sparrow,7,https://xeno-canto.org/1015040/download,train
1015040,Song Sparrow,8,https://xeno-canto.org/1015040/download,train
1015040,Song Sparrow,9,https://xeno-canto.org/1015040/download,train
1015040,Song Sparrow,10,https://xeno-canto.org/1015040/download,train
1015040,Song Sparrow,11,https://xeno-canto.org/1015040/download,train
1015039,Song Sparrow,0,https://xeno-canto.org/1015039/download,train
1015039,Song Sparrow,1,https://xeno-canto.org/1015039/download,train
1015039,Song Sparrow,2,https://xeno-canto.org/1015039/download,train
1015039,Song Sparrow,3,https://xeno-canto.org/1015039/download,train
1015039,Song Sparrow,4,https://xeno-canto.org/1015039/download,train
1015039,Song Sparrow,5,https://xeno-canto.org/1015039/download,train
1015039,Song Sparrow,6,https://xeno-canto.org/1015039/download,train
1015039,Song Sparrow,7,https://xeno-canto.org/1015039/download,train
1015039,Song Sparrow,8,https://xeno-canto.org/1015039/download,train
1015039,Song Sparrow,9,https://xeno-canto.org/1015039/download,train
1015039,Song Sparrow,10,https://xeno-canto.org/1015039/download,train
1015039,Song Sparrow,11,https://xeno-canto.org/1015039/download,train
1015039,Song Sparrow,12,https://xeno-canto.org/1015039/download,train
1015039,Song Sparrow,13,https://xeno-canto.org/1015039/download,train
1013341,Song Sparrow,0,https://xeno-canto.org/1013341/download,val
1013341,Song Sparrow,1,https://xeno-canto.org/1013341/download,val
1013341,Song Sparrow,2,https://xeno-canto.org/1013341/download,val
1013341,Song Sparrow,3,https://xeno-canto.org/1013341/download,val
1013341,Song Sparrow,4,https://xeno-canto.org/1013341/download,val
1013341,Song Sparrow,5,https://xeno-canto.org/1013341/download,val
1013341,Song Sparrow,6,https://xeno-canto.org/1013341/download,val
1013341,Song Sparrow,7,https://xeno-canto.org/1013341/download,val
1013341,Song Sparrow,8,https://xeno-canto.org/1013341/download,val
1013341,Song Sparrow,9,https://xeno-canto.org/1013341/download,val
1013341,Song Sparrow,10,https://xeno-canto.org/1013341/download,val
1013341,Song Sparrow,11,https://xeno-canto.org/1013341/download,val
1013341,Song Sparrow,12,https://xeno-canto.org/1013341/download,val
1013341,Song Sparrow,13,https://xeno-canto.org/1013341/download,val
1013341,Song Sparrow,14,https://xeno-canto.org/1013341/download,val
1013038,Song Sparrow,0,https://xeno-canto.org/1013038/download,train
1013038,Song Sparrow,1,https://xeno-canto.org/1013038/download,train
1013038,Song Sparrow,2,https://xeno-canto.org/1013038/download,train
1013038,Song Sparrow,3,https://xeno-canto.org/1013038/download,train
1013038,Song Sparrow,4,https://xeno-canto.org/1013038/download,train
1013038,Song Sparrow,5,https://xeno-canto.org/1013038/download,train
1013038,Song Sparrow,6,https://xeno-canto.org/1013038/download,train
1013038,Song Sparrow,7,https://xeno-canto.org/1013038/download,train
1013038,Song Sparrow,8,https://xeno-canto.org/1013038/download,train
1013038,Song Sparrow,9,https://xeno-canto.org/1013038/download,train
1013038,Song Sparrow,10,https://xeno-canto.org/1013038/download,train
1013035,Song Sparrow,0,https://xeno-canto.org/1013035/download,test
1013035,Song Sparrow,1,https://xeno-canto.org/1013035/download,test
1013035,Song Sparrow,2,https://xeno-canto.org/1013035/download,test
1013035,Song Sparrow,3,https://xeno-canto.org/1013035/download,test
1013035,Song Sparrow,4,https://xeno-canto.org/1013035/download,test
1013035,Song Sparrow,5,https://xeno-canto.org/1013035/download,test
1013035,Song Sparrow,6,https://xeno-canto.org/1013035/download,test
1013035,Song Sparrow,7,https://xeno-canto.org/1013035/download,test
1013035,Song Sparrow,8,https://xeno-canto.org/1013035/download,test
1083908,Anna's Hummingbird,0,https://xeno-canto.org/1083908/download,train
1083908,Anna's Hummingbird,1,https://xeno-canto.org/1083908/download,train
1083908,Anna's Hummingbird,2,https://xeno-canto.org/1083908/download,train
1083908,Anna's Hummingbird,3,https://xeno-canto.org/1083908/download,train
1083908,Anna's Hummingbird,4,https://xeno-canto.org/1083908/download,train
1083908,Anna's Hummingbird,5,https://xeno-canto.org/1083908/download,train
1083908,Anna's Hummingbird,6,https://xeno-canto.org/1083908/download,train
1083908,Anna's Hummingbird,7,https://xeno-canto.org/1083908/download,train
1083908,Anna's Hummingbird,8,https://xeno-canto.org/1083908/download,train
1083908,Anna's Hummingbird,9,https://xeno-canto.org/1083908/download,train
1083908,Anna's Hummingbird,10,https://xeno-canto.org/1083908/download,train
1083908,Anna's Hummingbird,11,https://xeno-canto.org/1083908/download,train
1083908,Anna's Hummingbird,12,https://xeno-canto.org/1083908/download,train
1083908,Anna's Hummingbird,13,https://xeno-canto.org/1083908/download,train
1083908,Anna's Hummingbird,14,https://xeno-canto.org/1083908/download,train
1080235,Anna's Hummingbird,0,https://xeno-canto.org/1080235/download,train
1080235,Anna's Hummingbird,1,https://xeno-canto.org/1080235/download,train
1080235,Anna's Hummingbird,2,https://xeno-canto.org/1080235/download,train
1080235,Anna's Hummingbird,3,https://xeno-canto.org/1080235/download,train
1080235,Anna's Hummingbird,4,https://xeno-canto.org/1080235/download,train
1080235,Anna's Hummingbird,5,https://xeno-canto.org/1080235/download,train
1080235,Anna's Hummingbird,6,https://xeno-canto.org/1080235/download,train
1080235,Anna's Hummingbird,7,https://xeno-canto.org/1080235/download,train
1080235,Anna's Hummingbird,8,https://xeno-canto.org/1080235/download,train
1080235,Anna's Hummingbird,9,https://xeno-canto.org/1080235/download,train
1080235,Anna's Hummingbird,10,https://xeno-canto.org/1080235/download,train
1080235,Anna's Hummingbird,11,https://xeno-canto.org/1080235/download,train
1080235,Anna's Hummingbird,12,https://xeno-canto.org/1080235/download,train
1080235,Anna's Hummingbird,13,https://xeno-canto.org/1080235/download,train
1077841,Anna's Hummingbird,0,https://xeno-canto.org/1077841/download,train
1077841,Anna's Hummingbird,1,https://xeno-canto.org/1077841/download,train
1077841,Anna's Hummingbird,2,https://xeno-canto.org/1077841/download,train
1077841,Anna's Hummingbird,3,https://xeno-canto.org/1077841/download,train
1077841,Anna's Hummingbird,4,https://xeno-canto.org/1077841/download,train
1077841,Anna's Hummingbird,5,https://xeno-canto.org/1077841/download,train
1077841,Anna's Hummingbird,6,https://xeno-canto.org/1077841/download,train
1077841,Anna's Hummingbird,7,https://xeno-canto.org/1077841/download,train
1077841,Anna's Hummingbird,8,https://xeno-canto.org/1077841/download,train
1077841,Anna's Hummingbird,9,https://xeno-canto.org/1077841/download,train
1077841,Anna's Hummingbird,10,https://xeno-canto.org/1077841/download,train
1077841,Anna's Hummingbird,11,https://xeno-canto.org/1077841/download,train
1077841,Anna's Hummingbird,12,https://xeno-canto.org/1077841/download,train
1077841,Anna's Hummingbird,13,https://xeno-canto.org/1077841/download,train
1077841,Anna's Hummingbird,14,https://xeno-canto.org/1077841/download,train
1074392,Anna's Hummingbird,0,https://xeno-canto.org/1074392/download,train
1074392,Anna's Hummingbird,1,https://xeno-canto.org/1074392/download,train
1074392,Anna's Hummingbird,2,https://xeno-canto.org/1074392/download,train
1074392,Anna's Hummingbird,3,https://xeno-canto.org/1074392/download,train
1074392,Anna's Hummingbird,4,https://xeno-canto.org/1074392/download,train
1074392,Anna's Hummingbird,5,https://xeno-canto.org/1074392/download,train
1074392,Anna's Hummingbird,6,https://xeno-canto.org/1074392/download,train
1074392,Anna's Hummingbird,7,https://xeno-canto.org/1074392/download,train
1074392,Anna's Hummingbird,8,https://xeno-canto.org/1074392/download,train
1074392,Anna's Hummingbird,9,https://xeno-canto.org/1074392/download,train
1074392,Anna's Hummingbird,10,https://xeno-canto.org/1074392/download,train
1074392,Anna's Hummingbird,11,https://xeno-canto.org/1074392/download,train
1074392,Anna's Hummingbird,12,https://xeno-canto.org/1074392/download,train
1072200,Anna's Hummingbird,0,https://xeno-canto.org/1072200/download,train
1072200,Anna's Hummingbird,1,https://xeno-canto.org/1072200/download,train
1072200,Anna's Hummingbird,2,https://xeno-canto.org/1072200/download,train
1072200,Anna's Hummingbird,3,https://xeno-canto.org/1072200/download,train
1072200,Anna's Hummingbird,4,https://xeno-canto.org/1072200/download,train
1072200,Anna's Hummingbird,5,https://xeno-canto.org/1072200/download,train
1072200,Anna's Hummingbird,6,https://xeno-canto.org/1072200/download,train
1072200,Anna's Hummingbird,7,https://xeno-canto.org/1072200/download,train
1072200,Anna's Hummingbird,8,https://xeno-canto.org/1072200/download,train
1072200,Anna's Hummingbird,9,https://xeno-canto.org/1072200/download,train
1072200,Anna's Hummingbird,10,https://xeno-canto.org/1072200/download,train
1072200,Anna's Hummingbird,11,https://xeno-canto.org/1072200/download,train
1072200,Anna's Hummingbird,12,https://xeno-canto.org/1072200/download,train
1072200,Anna's Hummingbird,13,https://xeno-canto.org/1072200/download,train
1072200,Anna's Hummingbird,14,https://xeno-canto.org/1072200/download,train
1041019,Anna's Hummingbird,0,https://xeno-canto.org/1041019/download,test
1041019,Anna's Hummingbird,1,https://xeno-canto.org/1041019/download,test
1041019,Anna's Hummingbird,2,https://xeno-canto.org/1041019/download,test
1041019,Anna's Hummingbird,3,https://xeno-canto.org/1041019/download,test
1041019,Anna's Hummingbird,4,https://xeno-canto.org/1041019/download,test
1041019,Anna's Hummingbird,5,https://xeno-canto.org/1041019/download,test
1041019,Anna's Hummingbird,6,https://xeno-canto.org/1041019/download,test
1041019,Anna's Hummingbird,7,https://xeno-canto.org/1041019/download,test
958844,Anna's Hummingbird,0,https://xeno-canto.org/958844/download,train
958844,Anna's Hummingbird,1,https://xeno-canto.org/958844/download,train
958844,Anna's Hummingbird,2,https://xeno-canto.org/958844/download,train
958844,Anna's Hummingbird,3,https://xeno-canto.org/958844/download,train
958844,Anna's Hummingbird,4,https://xeno-canto.org/958844/download,train
958844,Anna's Hummingbird,5,https://xeno-canto.org/958844/download,train
958844,Anna's Hummingbird,6,https://xeno-canto.org/958844/download,train
958844,Anna's Hummingbird,7,https://xeno-canto.org/958844/download,train
958844,Anna's Hummingbird,8,https://xeno-canto.org/958844/download,train
958844,Anna's Hummingbird,9,https://xeno-canto.org/958844/download,train
958844,Anna's Hummingbird,10,https://xeno-canto.org/958844/download,train
958844,Anna's Hummingbird,11,https://xeno-canto.org/958844/download,train
958844,Anna's Hummingbird,12,https://xeno-canto.org/958844/download,train
958844,Anna's Hummingbird,13,https://xeno-canto.org/958844/download,train
958844,Anna's Hummingbird,14,https://xeno-canto.org/958844/download,train
958843,Anna's Hummingbird,0,https://xeno-canto.org/958843/download,train
958843,Anna's Hummingbird,1,https://xeno-canto.org/958843/download,train
958843,Anna's Hummingbird,2,https://xeno-canto.org/958843/download,train
958843,Anna's Hummingbird,3,https://xeno-canto.org/958843/download,train
958843,Anna's Hummingbird,4,https://xeno-canto.org/958843/download,train
958843,Anna's Hummingbird,5,https://xeno-canto.org/958843/download,train
958843,Anna's Hummingbird,6,https://xeno-canto.org/958843/download,train
958843,Anna's Hummingbird,7,https://xeno-canto.org/958843/download,train
958843,Anna's Hummingbird,8,https://xeno-canto.org/958843/download,train
958843,Anna's Hummingbird,9,https://xeno-canto.org/958843/download,train
958843,Anna's Hummingbird,10,https://xeno-canto.org/958843/download,train
958843,Anna's Hummingbird,11,https://xeno-canto.org/958843/download,train
958843,Anna's Hummingbird,12,https://xeno-canto.org/958843/download,train
958843,Anna's Hummingbird,13,https://xeno-canto.org/958843/download,train
958842,Anna's Hummingbird,0,https://xeno-canto.org/958842/download,train
958842,Anna's Hummingbird,1,https://xeno-canto.org/958842/download,train
958842,Anna's Hummingbird,2,https://xeno-canto.org/958842/download,train
958842,Anna's Hummingbird,3,https://xeno-canto.org/958842/download,train
958842,Anna's Hummingbird,4,https://xeno-canto.org/958842/download,train
958842,Anna's Hummingbird,5,https://xeno-canto.org/958842/download,train
958842,Anna's Hummingbird,6,https://xeno-canto.org/958842/download,train
958842,Anna's Hummingbird,7,https://xeno-canto.org/958842/download,train
958842,Anna's Hummingbird,8,https://xeno-canto.org/958842/download,train
958842,Anna's Hummingbird,9,https://xeno-canto.org/958842/download,train
958842,Anna's Hummingbird,10,https://xeno-canto.org/958842/download,train
958842,Anna's Hummingbird,11,https://xeno-canto.org/958842/download,train
958842,Anna's Hummingbird,12,https://xeno-canto.org/958842/download,train
958842,Anna's Hummingbird,13,https://xeno-canto.org/958842/download,train
958842,Anna's Hummingbird,14,https://xeno-canto.org/958842/download,train
958841,Anna's Hummingbird,0,https://xeno-canto.org/958841/download,test
958841,Anna's Hummingbird,1,https://xeno-canto.org/958841/download,test
958841,Anna's Hummingbird,2,https://xeno-canto.org/958841/download,test
958841,Anna's Hummingbird,3,https://xeno-canto.org/958841/download,test
958841,Anna's Hummingbird,4,https://xeno-canto.org/958841/download,test
958841,Anna's Hummingbird,5,https://xeno-canto.org/958841/download,test
958841,Anna's Hummingbird,6,https://xeno-canto.org/958841/download,test
958841,Anna's Hummingbird,7,https://xeno-canto.org/958841/download,test
958841,Anna's Hummingbird,8,https://xeno-canto.org/958841/download,test
958841,Anna's Hummingbird,9,https://xeno-canto.org/958841/download,test
958841,Anna's Hummingbird,10,https://xeno-canto.org/958841/download,test
958841,Anna's Hummingbird,11,https://xeno-canto.org/958841/download,test
958841,Anna's Hummingbird,12,https://xeno-canto.org/958841/download,test
958841,Anna's Hummingbird,13,https://xeno-canto.org/958841/download,test
958841,Anna's Hummingbird,14,https://xeno-canto.org/958841/download,test
958840,Anna's Hummingbird,0,https://xeno-canto.org/958840/download,test
958840,Anna's Hummingbird,1,https://xeno-canto.org/958840/download,test
958840,Anna's Hummingbird,2,https://xeno-canto.org/958840/download,test
958840,Anna's Hummingbird,3,https://xeno-canto.org/958840/download,test
958840,Anna's Hummingbird,4,https://xeno-canto.org/958840/download,test
958840,Anna's Hummingbird,5,https://xeno-canto.org/958840/download,test
958840,Anna's Hummingbird,6,https://xeno-canto.org/958840/download,test
958840,Anna's Hummingbird,7,https://xeno-canto.org/958840/download,test
958840,Anna's Hummingbird,8,https://xeno-canto.org/958840/download,test
958840,Anna's Hummingbird,9,https://xeno-canto.org/958840/download,test
958840,Anna's Hummingbird,10,https://xeno-canto.org/958840/download,test
958840,Anna's Hummingbird,11,https://xeno-canto.org/958840/download,test
958839,Anna's Hummingbird,0,https://xeno-canto.org/958839/download,val
958839,Anna's Hummingbird,1,https://xeno-canto.org/958839/download,val
958839,Anna's Hummingbird,2,https://xeno-canto.org/958839/download,val
958839,Anna's Hummingbird,3,https://xeno-canto.org/958839/download,val
958839,Anna's Hummingbird,4,https://xeno-canto.org/958839/download,val
958839,Anna's Hummingbird,5,https://xeno-canto.org/958839/download,val
958839,Anna's Hummingbird,6,https://xeno-canto.org/958839/download,val
958839,Anna's Hummingbird,7,https://xeno-canto.org/958839/download,val
958839,Anna's Hummingbird,8,https://xeno-canto.org/958839/download,val
958838,Anna's Hummingbird,0,https://xeno-canto.org/958838/download,train
958838,Anna's Hummingbird,1,https://xeno-canto.org/958838/download,train
958838,Anna's Hummingbird,2,https://xeno-canto.org/958838/download,train
958838,Anna's Hummingbird,3,https://xeno-canto.org/958838/download,train
958838,Anna's Hummingbird,4,https://xeno-canto.org/958838/download,train
958838,Anna's Hummingbird,5,https://xeno-canto.org/958838/download,train
958838,Anna's Hummingbird,6,https://xeno-canto.org/958838/download,train
958838,Anna's Hummingbird,7,https://xeno-canto.org/958838/download,train
958838,Anna's Hummingbird,8,https://xeno-canto.org/958838/download,train
958837,Anna's Hummingbird,0,https://xeno-canto.org/958837/download,train
958837,Anna's Hummingbird,1,https://xeno-canto.org/958837/download,train
958837,Anna's Hummingbird,2,https://xeno-canto.org/958837/download,train
958837,Anna's Hummingbird,3,https://xeno-canto.org/958837/download,train
958837,Anna's Hummingbird,4,https://xeno-canto.org/958837/download,train
958837,Anna's Hummingbird,5,https://xeno-canto.org/958837/download,train
958837,Anna's Hummingbird,6,https://xeno-canto.org/958837/download,train
958837,Anna's Hummingbird,7,https://xeno-canto.org/958837/download,train
958837,Anna's Hummingbird,8,https://xeno-canto.org/958837/download,train
958837,Anna's Hummingbird,9,https://xeno-canto.org/958837/download,train
958837,Anna's Hummingbird,10,https://xeno-canto.org/958837/download,train
958837,Anna's Hummingbird,11,https://xeno-canto.org/958837/download,train
958837,Anna's Hummingbird,12,https://xeno-canto.org/958837/download,train
958837,Anna's Hummingbird,13,https://xeno-canto.org/958837/download,train
958837,Anna's Hummingbird,14,https://xeno-canto.org/958837/download,train
958836,Anna's Hummingbird,0,https://xeno-canto.org/958836/download,train
958836,Anna's Hummingbird,1,https://xeno-canto.org/958836/download,train
958836,Anna's Hummingbird,2,https://xeno-canto.org/958836/download,train
958836,Anna's Hummingbird,3,https://xeno-canto.org/958836/download,train
958836,Anna's Hummingbird,4,https://xeno-canto.org/958836/download,train
958836,Anna's Hummingbird,5,https://xeno-canto.org/958836/download,train
958836,Anna's Hummingbird,6,https://xeno-canto.org/958836/download,train
958836,Anna's Hummingbird,7,https://xeno-canto.org/958836/download,train
958836,Anna's Hummingbird,8,https://xeno-canto.org/958836/download,train
958836,Anna's Hummingbird,9,https://xeno-canto.org/958836/download,train
958836,Anna's Hummingbird,10,https://xeno-canto.org/958836/download,train
958835,Anna's Hummingbird,0,https://xeno-canto.org/958835/download,train
958835,Anna's Hummingbird,1,https://xeno-canto.org/958835/download,train
958835,Anna's Hummingbird,2,https://xeno-canto.org/958835/download,train
958835,Anna's Hummingbird,3,https://xeno-canto.org/958835/download,train
958835,Anna's Hummingbird,4,https://xeno-canto.org/958835/download,train
958835,Anna's Hummingbird,5,https://xeno-canto.org/958835/download,train
958835,Anna's Hummingbird,6,https://xeno-canto.org/958835/download,train
958835,Anna's Hummingbird,7,https://xeno-canto.org/958835/download,train
958835,Anna's Hummingbird,8,https://xeno-canto.org/958835/download,train
958835,Anna's Hummingbird,9,https://xeno-canto.org/958835/download,train
958835,Anna's Hummingbird,10,https://xeno-canto.org/958835/download,train
958835,Anna's Hummingbird,11,https://xeno-canto.org/958835/download,train
958835,Anna's Hummingbird,12,https://xeno-canto.org/958835/download,train
958835,Anna's Hummingbird,13,https://xeno-canto.org/958835/download,train
958835,Anna's Hummingbird,14,https://xeno-canto.org/958835/download,train
958834,Anna's Hummingbird,0,https://xeno-canto.org/958834/download,test
958834,Anna's Hummingbird,1,https://xeno-canto.org/958834/download,test
958834,Anna's Hummingbird,2,https://xeno-canto.org/958834/download,test
958834,Anna's Hummingbird,3,https://xeno-canto.org/958834/download,test
958834,Anna's Hummingbird,4,https://xeno-canto.org/958834/download,test
958834,Anna's Hummingbird,5,https://xeno-canto.org/958834/download,test
958834,Anna's Hummingbird,6,https://xeno-canto.org/958834/download,test
958834,Anna's Hummingbird,7,https://xeno-canto.org/958834/download,test
958833,Anna's Hummingbird,0,https://xeno-canto.org/958833/download,val
958833,Anna's Hummingbird,1,https://xeno-canto.org/958833/download,val
958833,Anna's Hummingbird,2,https://xeno-canto.org/958833/download,val
958833,Anna's Hummingbird,3,https://xeno-canto.org/958833/download,val
958833,Anna's Hummingbird,4,https://xeno-canto.org/958833/download,val
958833,Anna's Hummingbird,5,https://xeno-canto.org/958833/download,val
958833,Anna's Hummingbird,6,https://xeno-canto.org/958833/download,val
958833,Anna's Hummingbird,7,https://xeno-canto.org/958833/download,val
958833,Anna's Hummingbird,8,https://xeno-canto.org/958833/download,val
958833,Anna's Hummingbird,9,https://xeno-canto.org/958833/download,val
958833,Anna's Hummingbird,10,https://xeno-canto.org/958833/download,val
958833,Anna's Hummingbird,11,https://xeno-canto.org/958833/download,val
958832,Anna's Hummingbird,0,https://xeno-canto.org/958832/download,train
958832,Anna's Hummingbird,1,https://xeno-canto.org/958832/download,train
958832,Anna's Hummingbird,2,https://xeno-canto.org/958832/download,train
958832,Anna's Hummingbird,3,https://xeno-canto.org/958832/download,train
958832,Anna's Hummingbird,4,https://xeno-canto.org/958832/download,train
958832,Anna's Hummingbird,5,https://xeno-canto.org/958832/download,train
958832,Anna's Hummingbird,6,https://xeno-canto.org/958832/download,train
958832,Anna's Hummingbird,7,https://xeno-canto.org/958832/download,train
958832,Anna's Hummingbird,8,https://xeno-canto.org/958832/download,train
958832,Anna's Hummingbird,9,https://xeno-canto.org/958832/download,train
958832,Anna's Hummingbird,10,https://xeno-canto.org/958832/download,train
958832,Anna's Hummingbird,11,https://xeno-canto.org/958832/download,train
955954,Anna's Hummingbird,0,https://xeno-canto.org/955954/download,train
955954,Anna's Hummingbird,1,https://xeno-canto.org/955954/download,train
955954,Anna's Hummingbird,2,https://xeno-canto.org/955954/download,train
955954,Anna's Hummingbird,3,https://xeno-canto.org/955954/download,train
955954,Anna's Hummingbird,4,https://xeno-canto.org/955954/download,train
955954,Anna's Hummingbird,5,https://xeno-canto.org/955954/download,train
955954,Anna's Hummingbird,6,https://xeno-canto.org/955954/download,train
955954,Anna's Hummingbird,7,https://xeno-canto.org/955954/download,train
955954,Anna's Hummingbird,8,https://xeno-canto.org/955954/download,train
955954,Anna's Hummingbird,9,https://xeno-canto.org/955954/download,train
955954,Anna's Hummingbird,10,https://xeno-canto.org/955954/download,train
955954,Anna's Hummingbird,11,https://xeno-canto.org/955954/download,train
955954,Anna's Hummingbird,12,https://xeno-canto.org/955954/download,train
955954,Anna's Hummingbird,13,https://xeno-canto.org/955954/download,train
955954,Anna's Hummingbird,14,https://xeno-canto.org/955954/download,train
955953,Anna's Hummingbird,0,https://xeno-canto.org/955953/download,val
955953,Anna's Hummingbird,1,https://xeno-canto.org/955953/download,val
955953,Anna's Hummingbird,2,https://xeno-canto.org/955953/download,val
955953,Anna's Hummingbird,3,https://xeno-canto.org/955953/download,val
955953,Anna's Hummingbird,4,https://xeno-canto.org/955953/download,val
955953,Anna's Hummingbird,5,https://xeno-canto.org/955953/download,val
955953,Anna's Hummingbird,6,https://xeno-canto.org/955953/download,val
955953,Anna's Hummingbird,7,https://xeno-canto.org/955953/download,val
955953,Anna's Hummingbird,8,https://xeno-canto.org/955953/download,val
955945,Anna's Hummingbird,0,https://xeno-canto.org/955945/download,train
955945,Anna's Hummingbird,1,https://xeno-canto.org/955945/download,train
955945,Anna's Hummingbird,2,https://xeno-canto.org/955945/download,train
955945,Anna's Hummingbird,3,https://xeno-canto.org/955945/download,train
955945,Anna's Hummingbird,4,https://xeno-canto.org/955945/download,train
955945,Anna's Hummingbird,5,https://xeno-canto.org/955945/download,train
955945,Anna's Hummingbird,6,https://xeno-canto.org/955945/download,train
955945,Anna's Hummingbird,7,https://xeno-canto.org/955945/download,train
955945,Anna's Hummingbird,8,https://xeno-canto.org/955945/download,train
955945,Anna's Hummingbird,9,https://xeno-canto.org/955945/download,train
955945,Anna's Hummingbird,10,https://xeno-canto.org/955945/download,train
955945,Anna's Hummingbird,11,https://xeno-canto.org/955945/download,train
955945,Anna's Hummingbird,12,https://xeno-canto.org/955945/download,train
955945,Anna's Hummingbird,13,https://xeno-canto.org/955945/download,train
955945,Anna's Hummingbird,14,https://xeno-canto.org/955945/download,train
955944,Anna's Hummingbird,0,https://xeno-canto.org/955944/download,train
955944,Anna's Hummingbird,1,https://xeno-canto.org/955944/download,train
955944,Anna's Hummingbird,2,https://xeno-canto.org/955944/download,train
955944,Anna's Hummingbird,3,https://xeno-canto.org/955944/download,train
955944,Anna's Hummingbird,4,https://xeno-canto.org/955944/download,train
955944,Anna's Hummingbird,5,https://xeno-canto.org/955944/download,train
955944,Anna's Hummingbird,6,https://xeno-canto.org/955944/download,train
955944,Anna's Hummingbird,7,https://xeno-canto.org/955944/download,train
955944,Anna's Hummingbird,8,https://xeno-canto.org/955944/download,train
955944,Anna's Hummingbird,9,https://xeno-canto.org/955944/download,train
955944,Anna's Hummingbird,10,https://xeno-canto.org/955944/download,train
955944,Anna's Hummingbird,11,https://xeno-canto.org/955944/download,train
955944,Anna's Hummingbird,12,https://xeno-canto.org/955944/download,train
955944,Anna's Hummingbird,13,https://xeno-canto.org/955944/download,train
955944,Anna's Hummingbird,14,https://xeno-canto.org/955944/download,train
955943,Anna's Hummingbird,0,https://xeno-canto.org/955943/download,train
955943,Anna's Hummingbird,1,https://xeno-canto.org/955943/download,train
955943,Anna's Hummingbird,2,https://xeno-canto.org/955943/download,train
955943,Anna's Hummingbird,3,https://xeno-canto.org/955943/download,train
955943,Anna's Hummingbird,4,https://xeno-canto.org/955943/download,train
955943,Anna's Hummingbird,5,https://xeno-canto.org/955943/download,train
955943,Anna's Hummingbird,6,https://xeno-canto.org/955943/download,train
955943,Anna's Hummingbird,7,https://xeno-canto.org/955943/download,train
955943,Anna's Hummingbird,8,https://xeno-canto.org/955943/download,train
955943,Anna's Hummingbird,9,https://xeno-canto.org/955943/download,train
955943,Anna's Hummingbird,10,https://xeno-canto.org/955943/download,train
955943,Anna's Hummingbird,11,https://xeno-canto.org/955943/download,train
955943,Anna's Hummingbird,12,https://xeno-canto.org/955943/download,train
955943,Anna's Hummingbird,13,https://xeno-canto.org/955943/download,train
955943,Anna's Hummingbird,14,https://xeno-canto.org/955943/download,train
955942,Anna's Hummingbird,0,https://xeno-canto.org/955942/download,train
955942,Anna's Hummingbird,1,https://xeno-canto.org/955942/download,train
955942,Anna's Hummingbird,2,https://xeno-canto.org/955942/download,train
955942,Anna's Hummingbird,3,https://xeno-canto.org/955942/download,train
955942,Anna's Hummingbird,4,https://xeno-canto.org/955942/download,train
955942,Anna's Hummingbird,5,https://xeno-canto.org/955942/download,train
955942,Anna's Hummingbird,6,https://xeno-canto.org/955942/download,train
955942,Anna's Hummingbird,7,https://xeno-canto.org/955942/download,train
955942,Anna's Hummingbird,8,https://xeno-canto.org/955942/download,train
955942,Anna's Hummingbird,9,https://xeno-canto.org/955942/download,train
955942,Anna's Hummingbird,10,https://xeno-canto.org/955942/download,train
955942,Anna's Hummingbird,11,https://xeno-canto.org/955942/download,train
955942,Anna's Hummingbird,12,https://xeno-canto.org/955942/download,train
955942,Anna's Hummingbird,13,https://xeno-canto.org/955942/download,train
955938,Anna's Hummingbird,0,https://xeno-canto.org/955938/download,train
955938,Anna's Hummingbird,1,https://xeno-canto.org/955938/download,train
955938,Anna's Hummingbird,2,https://xeno-canto.org/955938/download,train
955938,Anna's Hummingbird,3,https://xeno-canto.org/955938/download,train
955938,Anna's Hummingbird,4,https://xeno-canto.org/955938/download,train
955938,Anna's Hummingbird,5,https://xeno-canto.org/955938/download,train
955923,Anna's Hummingbird,0,https://xeno-canto.org/955923/download,train
955923,Anna's Hummingbird,1,https://xeno-canto.org/955923/download,train
955923,Anna's Hummingbird,2,https://xeno-canto.org/955923/download,train
955923,Anna's Hummingbird,3,https://xeno-canto.org/955923/download,train
955923,Anna's Hummingbird,4,https://xeno-canto.org/955923/download,train
955923,Anna's Hummingbird,5,https://xeno-canto.org/955923/download,train
860679,Anna's Hummingbird,0,https://xeno-canto.org/860679/download,train
860679,Anna's Hummingbird,1,https://xeno-canto.org/860679/download,train
860679,Anna's Hummingbird,2,https://xeno-canto.org/860679/download,train
860679,Anna's Hummingbird,3,https://xeno-canto.org/860679/download,train
860679,Anna's Hummingbird,4,https://xeno-canto.org/860679/download,train
860679,Anna's Hummingbird,5,https://xeno-canto.org/860679/download,train
860679,Anna's Hummingbird,6,https://xeno-canto.org/860679/download,train
860679,Anna's Hummingbird,7,https://xeno-canto.org/860679/download,train
860679,Anna's Hummingbird,8,https://xeno-canto.org/860679/download,train
860679,Anna's Hummingbird,9,https://xeno-canto.org/860679/download,train
860679,Anna's Hummingbird,10,https://xeno-canto.org/860679/download,train
860679,Anna's Hummingbird,11,https://xeno-canto.org/860679/download,train
860679,Anna's Hummingbird,12,https://xeno-canto.org/860679/download,train
860679,Anna's Hummingbird,13,https://xeno-canto.org/860679/download,train
860679,Anna's Hummingbird,14,https://xeno-canto.org/860679/download,train
731971,Anna's Hummingbird,0,https://xeno-canto.org/731971/download,test
731971,Anna's Hummingbird,1,https://xeno-canto.org/731971/download,test
731971,Anna's Hummingbird,2,https://xeno-canto.org/731971/download,test
731971,Anna's Hummingbird,3,https://xeno-canto.org/731971/download,test
731971,Anna's Hummingbird,4,https://xeno-canto.org/731971/download,test
731971,Anna's Hummingbird,5,https://xeno-canto.org/731971/download,test
731971,Anna's Hummingbird,6,https://xeno-canto.org/731971/download,test
731971,Anna's Hummingbird,7,https://xeno-canto.org/731971/download,test
731971,Anna's Hummingbird,8,https://xeno-canto.org/731971/download,test
731971,Anna's Hummingbird,9,https://xeno-canto.org/731971/download,test
731971,Anna's Hummingbird,10,https://xeno-canto.org/731971/download,test
731971,Anna's Hummingbird,11,https://xeno-canto.org/731971/download,test
731971,Anna's Hummingbird,12,https://xeno-canto.org/731971/download,test
731971,Anna's Hummingbird,13,https://xeno-canto.org/731971/download,test
731971,Anna's Hummingbird,14,https://xeno-canto.org/731971/download,test
701552,Anna's Hummingbird,0,https://xeno-canto.org/701552/download,val
701552,Anna's Hummingbird,1,https://xeno-canto.org/701552/download,val
701552,Anna's Hummingbird,2,https://xeno-canto.org/701552/download,val
701552,Anna's Hummingbird,3,https://xeno-canto.org/701552/download,val
701552,Anna's Hummingbird,4,https://xeno-canto.org/701552/download,val
701552,Anna's Hummingbird,5,https://xeno-canto.org/701552/download,val
701552,Anna's Hummingbird,6,https://xeno-canto.org/701552/download,val
701552,Anna's Hummingbird,7,https://xeno-canto.org/701552/download,val
701552,Anna's Hummingbird,8,https://xeno-canto.org/701552/download,val
701552,Anna's Hummingbird,9,https://xeno-canto.org/701552/download,val
701552,Anna's Hummingbird,10,https://xeno-canto.org/701552/download,val
701552,Anna's Hummingbird,11,https://xeno-canto.org/701552/download,val
701552,Anna's Hummingbird,12,https://xeno-canto.org/701552/download,val
701552,Anna's Hummingbird,13,https://xeno-canto.org/701552/download,val
701552,Anna's Hummingbird,14,https://xeno-canto.org/701552/download,val
1133668,Dark-eyed Junco,0,https://xeno-canto.org/1133668/download,train
1133668,Dark-eyed Junco,1,https://xeno-canto.org/1133668/download,train
1133668,Dark-eyed Junco,2,https://xeno-canto.org/1133668/download,train
1133668,Dark-eyed Junco,3,https://xeno-canto.org/1133668/download,train
1133668,Dark-eyed Junco,4,https://xeno-canto.org/1133668/download,train
1133668,Dark-eyed Junco,5,https://xeno-canto.org/1133668/download,train
1133668,Dark-eyed Junco,6,https://xeno-canto.org/1133668/download,train
1133668,Dark-eyed Junco,7,https://xeno-canto.org/1133668/download,train
1133668,Dark-eyed Junco,8,https://xeno-canto.org/1133668/download,train
1133668,Dark-eyed Junco,9,https://xeno-canto.org/1133668/download,train
1133668,Dark-eyed Junco,10,https://xeno-canto.org/1133668/download,train
1133668,Dark-eyed Junco,11,https://xeno-canto.org/1133668/download,train
1133668,Dark-eyed Junco,12,https://xeno-canto.org/1133668/download,train
1133668,Dark-eyed Junco,13,https://xeno-canto.org/1133668/download,train
1133668,Dark-eyed Junco,14,https://xeno-canto.org/1133668/download,train
1105892,Dark-eyed Junco,0,https://xeno-canto.org/1105892/download,val
1105892,Dark-eyed Junco,1,https://xeno-canto.org/1105892/download,val
1105892,Dark-eyed Junco,2,https://xeno-canto.org/1105892/download,val
1105892,Dark-eyed Junco,3,https://xeno-canto.org/1105892/download,val
1105892,Dark-eyed Junco,4,https://xeno-canto.org/1105892/download,val
1105892,Dark-eyed Junco,5,https://xeno-canto.org/1105892/download,val
1105892,Dark-eyed Junco,6,https://xeno-canto.org/1105892/download,val
1105892,Dark-eyed Junco,7,https://xeno-canto.org/1105892/download,val
1105892,Dark-eyed Junco,8,https://xeno-canto.org/1105892/download,val
1105892,Dark-eyed Junco,9,https://xeno-canto.org/1105892/download,val
1105892,Dark-eyed Junco,10,https://xeno-canto.org/1105892/download,val
1105892,Dark-eyed Junco,11,https://xeno-canto.org/1105892/download,val
1105892,Dark-eyed Junco,12,https://xeno-canto.org/1105892/download,val
1105892,Dark-eyed Junco,13,https://xeno-canto.org/1105892/download,val
1105892,Dark-eyed Junco,14,https://xeno-canto.org/1105892/download,val
1105890,Dark-eyed Junco,0,https://xeno-canto.org/1105890/download,val
1105890,Dark-eyed Junco,1,https://xeno-canto.org/1105890/download,val
1105890,Dark-eyed Junco,2,https://xeno-canto.org/1105890/download,val
1105890,Dark-eyed Junco,3,https://xeno-canto.org/1105890/download,val
1105890,Dark-eyed Junco,4,https://xeno-canto.org/1105890/download,val
1105890,Dark-eyed Junco,5,https://xeno-canto.org/1105890/download,val
1105890,Dark-eyed Junco,6,https://xeno-canto.org/1105890/download,val
1105890,Dark-eyed Junco,7,https://xeno-canto.org/1105890/download,val
1105890,Dark-eyed Junco,8,https://xeno-canto.org/1105890/download,val
1105890,Dark-eyed Junco,9,https://xeno-canto.org/1105890/download,val
1105890,Dark-eyed Junco,10,https://xeno-canto.org/1105890/download,val
1105890,Dark-eyed Junco,11,https://xeno-canto.org/1105890/download,val
1105890,Dark-eyed Junco,12,https://xeno-canto.org/1105890/download,val
1105890,Dark-eyed Junco,13,https://xeno-canto.org/1105890/download,val
1105890,Dark-eyed Junco,14,https://xeno-canto.org/1105890/download,val
1083920,Dark-eyed Junco,0,https://xeno-canto.org/1083920/download,train
1083920,Dark-eyed Junco,1,https://xeno-canto.org/1083920/download,train
1083920,Dark-eyed Junco,2,https://xeno-canto.org/1083920/download,train
1083920,Dark-eyed Junco,3,https://xeno-canto.org/1083920/download,train
1083920,Dark-eyed Junco,4,https://xeno-canto.org/1083920/download,train
1083920,Dark-eyed Junco,5,https://xeno-canto.org/1083920/download,train
1083920,Dark-eyed Junco,6,https://xeno-canto.org/1083920/download,train
1083920,Dark-eyed Junco,7,https://xeno-canto.org/1083920/download,train
1083920,Dark-eyed Junco,8,https://xeno-canto.org/1083920/download,train
1083920,Dark-eyed Junco,9,https://xeno-canto.org/1083920/download,train
1083920,Dark-eyed Junco,10,https://xeno-canto.org/1083920/download,train
1083920,Dark-eyed Junco,11,https://xeno-canto.org/1083920/download,train
1083920,Dark-eyed Junco,12,https://xeno-canto.org/1083920/download,train
1083920,Dark-eyed Junco,13,https://xeno-canto.org/1083920/download,train
1083920,Dark-eyed Junco,14,https://xeno-canto.org/1083920/download,train
1082015,Dark-eyed Junco,0,https://xeno-canto.org/1082015/download,train
1082015,Dark-eyed Junco,1,https://xeno-canto.org/1082015/download,train
1082015,Dark-eyed Junco,2,https://xeno-canto.org/1082015/download,train
1082015,Dark-eyed Junco,3,https://xeno-canto.org/1082015/download,train
1082015,Dark-eyed Junco,4,https://xeno-canto.org/1082015/download,train
1082015,Dark-eyed Junco,5,https://xeno-canto.org/1082015/download,train
1082015,Dark-eyed Junco,6,https://xeno-canto.org/1082015/download,train
1082015,Dark-eyed Junco,7,https://xeno-canto.org/1082015/download,train
1082015,Dark-eyed Junco,8,https://xeno-canto.org/1082015/download,train
1082015,Dark-eyed Junco,9,https://xeno-canto.org/1082015/download,train
1082015,Dark-eyed Junco,10,https://xeno-canto.org/1082015/download,train
1082015,Dark-eyed Junco,11,https://xeno-canto.org/1082015/download,train
1082015,Dark-eyed Junco,12,https://xeno-canto.org/1082015/download,train
1082015,Dark-eyed Junco,13,https://xeno-canto.org/1082015/download,train
1082015,Dark-eyed Junco,14,https://xeno-canto.org/1082015/download,train
1046357,Dark-eyed Junco,0,https://xeno-canto.org/1046357/download,train
1046357,Dark-eyed Junco,1,https://xeno-canto.org/1046357/download,train
1046357,Dark-eyed Junco,2,https://xeno-canto.org/1046357/download,train
1046357,Dark-eyed Junco,3,https://xeno-canto.org/1046357/download,train
1046357,Dark-eyed Junco,4,https://xeno-canto.org/1046357/download,train
1046357,Dark-eyed Junco,5,https://xeno-canto.org/1046357/download,train
1046357,Dark-eyed Junco,6,https://xeno-canto.org/1046357/download,train
1046357,Dark-eyed Junco,7,https://xeno-canto.org/1046357/download,train
1046357,Dark-eyed Junco,8,https://xeno-canto.org/1046357/download,train
1046357,Dark-eyed Junco,9,https://xeno-canto.org/1046357/download,train
1046357,Dark-eyed Junco,10,https://xeno-canto.org/1046357/download,train
1046357,Dark-eyed Junco,11,https://xeno-canto.org/1046357/download,train
1046357,Dark-eyed Junco,12,https://xeno-canto.org/1046357/download,train
1046357,Dark-eyed Junco,13,https://xeno-canto.org/1046357/download,train
1046356,Dark-eyed Junco,0,https://xeno-canto.org/1046356/download,test
1046356,Dark-eyed Junco,1,https://xeno-canto.org/1046356/download,test
1046356,Dark-eyed Junco,2,https://xeno-canto.org/1046356/download,test
1046356,Dark-eyed Junco,3,https://xeno-canto.org/1046356/download,test
1046356,Dark-eyed Junco,4,https://xeno-canto.org/1046356/download,test
1046356,Dark-eyed Junco,5,https://xeno-canto.org/1046356/download,test
1046356,Dark-eyed Junco,6,https://xeno-canto.org/1046356/download,test
1046356,Dark-eyed Junco,7,https://xeno-canto.org/1046356/download,test
1046356,Dark-eyed Junco,8,https://xeno-canto.org/1046356/download,test
1046356,Dark-eyed Junco,9,https://xeno-canto.org/1046356/download,test
1046356,Dark-eyed Junco,10,https://xeno-canto.org/1046356/download,test
1038383,Dark-eyed Junco,0,https://xeno-canto.org/1038383/download,test
1038383,Dark-eyed Junco,1,https://xeno-canto.org/1038383/download,test
1038383,Dark-eyed Junco,2,https://xeno-canto.org/1038383/download,test
1038383,Dark-eyed Junco,3,https://xeno-canto.org/1038383/download,test
1038383,Dark-eyed Junco,4,https://xeno-canto.org/1038383/download,test
1038383,Dark-eyed Junco,5,https://xeno-canto.org/1038383/download,test
1038383,Dark-eyed Junco,6,https://xeno-canto.org/1038383/download,test
1038383,Dark-eyed Junco,7,https://xeno-canto.org/1038383/download,test
1038383,Dark-eyed Junco,8,https://xeno-canto.org/1038383/download,test
1038383,Dark-eyed Junco,9,https://xeno-canto.org/1038383/download,test
1038383,Dark-eyed Junco,10,https://xeno-canto.org/1038383/download,test
1038383,Dark-eyed Junco,11,https://xeno-canto.org/1038383/download,test
1038383,Dark-eyed Junco,12,https://xeno-canto.org/1038383/download,test
1038383,Dark-eyed Junco,13,https://xeno-canto.org/1038383/download,test
1038383,Dark-eyed Junco,14,https://xeno-canto.org/1038383/download,test
1024572,Dark-eyed Junco,0,https://xeno-canto.org/1024572/download,train
1024572,Dark-eyed Junco,1,https://xeno-canto.org/1024572/download,train
1024572,Dark-eyed Junco,2,https://xeno-canto.org/1024572/download,train
1024572,Dark-eyed Junco,3,https://xeno-canto.org/1024572/download,train
1024572,Dark-eyed Junco,4,https://xeno-canto.org/1024572/download,train
1024572,Dark-eyed Junco,5,https://xeno-canto.org/1024572/download,train
1024572,Dark-eyed Junco,6,https://xeno-canto.org/1024572/download,train
1024572,Dark-eyed Junco,7,https://xeno-canto.org/1024572/download,train
1024572,Dark-eyed Junco,8,https://xeno-canto.org/1024572/download,train
1024572,Dark-eyed Junco,9,https://xeno-canto.org/1024572/download,train
1024572,Dark-eyed Junco,10,https://xeno-canto.org/1024572/download,train
1024572,Dark-eyed Junco,11,https://xeno-canto.org/1024572/download,train
1015051,Dark-eyed Junco,0,https://xeno-canto.org/1015051/download,train
1015051,Dark-eyed Junco,1,https://xeno-canto.org/1015051/download,train
1015051,Dark-eyed Junco,2,https://xeno-canto.org/1015051/download,train
1015051,Dark-eyed Junco,3,https://xeno-canto.org/1015051/download,train
1015051,Dark-eyed Junco,4,https://xeno-canto.org/1015051/download,train
1015051,Dark-eyed Junco,5,https://xeno-canto.org/1015051/download,train
1015051,Dark-eyed Junco,6,https://xeno-canto.org/1015051/download,train
1015051,Dark-eyed Junco,7,https://xeno-canto.org/1015051/download,train
1015051,Dark-eyed Junco,8,https://xeno-canto.org/1015051/download,train
1015051,Dark-eyed Junco,9,https://xeno-canto.org/1015051/download,train
1015051,Dark-eyed Junco,10,https://xeno-canto.org/1015051/download,train
1015051,Dark-eyed Junco,11,https://xeno-canto.org/1015051/download,train
1015051,Dark-eyed Junco,12,https://xeno-canto.org/1015051/download,train
1015051,Dark-eyed Junco,13,https://xeno-canto.org/1015051/download,train
1015051,Dark-eyed Junco,14,https://xeno-canto.org/1015051/download,train
1014357,Dark-eyed Junco,0,https://xeno-canto.org/1014357/download,test
1014357,Dark-eyed Junco,1,https://xeno-canto.org/1014357/download,test
1014357,Dark-eyed Junco,2,https://xeno-canto.org/1014357/download,test
1014357,Dark-eyed Junco,3,https://xeno-canto.org/1014357/download,test
1014357,Dark-eyed Junco,4,https://xeno-canto.org/1014357/download,test
1014357,Dark-eyed Junco,5,https://xeno-canto.org/1014357/download,test
1014357,Dark-eyed Junco,6,https://xeno-canto.org/1014357/download,test
1014357,Dark-eyed Junco,7,https://xeno-canto.org/1014357/download,test
1014357,Dark-eyed Junco,8,https://xeno-canto.org/1014357/download,test
1014357,Dark-eyed Junco,9,https://xeno-canto.org/1014357/download,test
1014357,Dark-eyed Junco,10,https://xeno-canto.org/1014357/download,test
1014357,Dark-eyed Junco,11,https://xeno-canto.org/1014357/download,test
1014357,Dark-eyed Junco,12,https://xeno-canto.org/1014357/download,test
1014357,Dark-eyed Junco,13,https://xeno-canto.org/1014357/download,test
1014357,Dark-eyed Junco,14,https://xeno-canto.org/1014357/download,test
1014090,Dark-eyed Junco,0,https://xeno-canto.org/1014090/download,train
1014090,Dark-eyed Junco,1,https://xeno-canto.org/1014090/download,train
1014090,Dark-eyed Junco,2,https://xeno-canto.org/1014090/download,train
1014090,Dark-eyed Junco,3,https://xeno-canto.org/1014090/download,train
1014090,Dark-eyed Junco,4,https://xeno-canto.org/1014090/download,train
1014090,Dark-eyed Junco,5,https://xeno-canto.org/1014090/download,train
1014090,Dark-eyed Junco,6,https://xeno-canto.org/1014090/download,train
1014090,Dark-eyed Junco,7,https://xeno-canto.org/1014090/download,train
1014090,Dark-eyed Junco,8,https://xeno-canto.org/1014090/download,train
1014090,Dark-eyed Junco,9,https://xeno-canto.org/1014090/download,train
1014090,Dark-eyed Junco,10,https://xeno-canto.org/1014090/download,train
1014090,Dark-eyed Junco,11,https://xeno-canto.org/1014090/download,train
1014090,Dark-eyed Junco,12,https://xeno-canto.org/1014090/download,train
1014090,Dark-eyed Junco,13,https://xeno-canto.org/1014090/download,train
1014090,Dark-eyed Junco,14,https://xeno-canto.org/1014090/download,train
1013847,Dark-eyed Junco,0,https://xeno-canto.org/1013847/download,train
1013847,Dark-eyed Junco,1,https://xeno-canto.org/1013847/download,train
1013847,Dark-eyed Junco,2,https://xeno-canto.org/1013847/download,train
1013847,Dark-eyed Junco,3,https://xeno-canto.org/1013847/download,train
1013847,Dark-eyed Junco,4,https://xeno-canto.org/1013847/download,train
1013847,Dark-eyed Junco,5,https://xeno-canto.org/1013847/download,train
1013847,Dark-eyed Junco,6,https://xeno-canto.org/1013847/download,train
1013847,Dark-eyed Junco,7,https://xeno-canto.org/1013847/download,train
1013847,Dark-eyed Junco,8,https://xeno-canto.org/1013847/download,train
1013847,Dark-eyed Junco,9,https://xeno-canto.org/1013847/download,train
1013847,Dark-eyed Junco,10,https://xeno-canto.org/1013847/download,train
1013847,Dark-eyed Junco,11,https://xeno-canto.org/1013847/download,train
1013847,Dark-eyed Junco,12,https://xeno-canto.org/1013847/download,train
1013749,Dark-eyed Junco,0,https://xeno-canto.org/1013749/download,val
1013749,Dark-eyed Junco,1,https://xeno-canto.org/1013749/download,val
1013749,Dark-eyed Junco,2,https://xeno-canto.org/1013749/download,val
1013749,Dark-eyed Junco,3,https://xeno-canto.org/1013749/download,val
1013749,Dark-eyed Junco,4,https://xeno-canto.org/1013749/download,val
1013749,Dark-eyed Junco,5,https://xeno-canto.org/1013749/download,val
1013749,Dark-eyed Junco,6,https://xeno-canto.org/1013749/download,val
1013749,Dark-eyed Junco,7,https://xeno-canto.org/1013749/download,val
1013749,Dark-eyed Junco,8,https://xeno-canto.org/1013749/download,val
1013749,Dark-eyed Junco,9,https://xeno-canto.org/1013749/download,val
1013749,Dark-eyed Junco,10,https://xeno-canto.org/1013749/download,val
1013749,Dark-eyed Junco,11,https://xeno-canto.org/1013749/download,val
1013749,Dark-eyed Junco,12,https://xeno-canto.org/1013749/download,val
1013749,Dark-eyed Junco,13,https://xeno-canto.org/1013749/download,val
1013749,Dark-eyed Junco,14,https://xeno-canto.org/1013749/download,val
1013748,Dark-eyed Junco,0,https://xeno-canto.org/1013748/download,train
1013748,Dark-eyed Junco,1,https://xeno-canto.org/1013748/download,train
1013748,Dark-eyed Junco,2,https://xeno-canto.org/1013748/download,train
1013748,Dark-eyed Junco,3,https://xeno-canto.org/1013748/download,train
1013748,Dark-eyed Junco,4,https://xeno-canto.org/1013748/download,train
1013748,Dark-eyed Junco,5,https://xeno-canto.org/1013748/download,train
1013748,Dark-eyed Junco,6,https://xeno-canto.org/1013748/download,train
1013748,Dark-eyed Junco,7,https://xeno-canto.org/1013748/download,train
1013748,Dark-eyed Junco,8,https://xeno-canto.org/1013748/download,train
1013748,Dark-eyed Junco,9,https://xeno-canto.org/1013748/download,train
1013748,Dark-eyed Junco,10,https://xeno-canto.org/1013748/download,train
1013748,Dark-eyed Junco,11,https://xeno-canto.org/1013748/download,train
1013748,Dark-eyed Junco,12,https://xeno-canto.org/1013748/download,train
1013748,Dark-eyed Junco,13,https://xeno-canto.org/1013748/download,train
1013748,Dark-eyed Junco,14,https://xeno-canto.org/1013748/download,train
1013745,Dark-eyed Junco,0,https://xeno-canto.org/1013745/download,train
1013745,Dark-eyed Junco,1,https://xeno-canto.org/1013745/download,train
1013745,Dark-eyed Junco,2,https://xeno-canto.org/1013745/download,train
1013745,Dark-eyed Junco,3,https://xeno-canto.org/1013745/download,train
1013745,Dark-eyed Junco,4,https://xeno-canto.org/1013745/download,train
1013745,Dark-eyed Junco,5,https://xeno-canto.org/1013745/download,train
1013743,Dark-eyed Junco,0,https://xeno-canto.org/1013743/download,test
1013743,Dark-eyed Junco,1,https://xeno-canto.org/1013743/download,test
1013743,Dark-eyed Junco,2,https://xeno-canto.org/1013743/download,test
1013743,Dark-eyed Junco,3,https://xeno-canto.org/1013743/download,test
1013743,Dark-eyed Junco,4,https://xeno-canto.org/1013743/download,test
1013743,Dark-eyed Junco,5,https://xeno-canto.org/1013743/download,test
1013743,Dark-eyed Junco,6,https://xeno-canto.org/1013743/download,test
1013743,Dark-eyed Junco,7,https://xeno-canto.org/1013743/download,test
1013743,Dark-eyed Junco,8,https://xeno-canto.org/1013743/download,test
1013743,Dark-eyed Junco,9,https://xeno-canto.org/1013743/download,test
1013743,Dark-eyed Junco,10,https://xeno-canto.org/1013743/download,test
1013743,Dark-eyed Junco,11,https://xeno-canto.org/1013743/download,test
1013743,Dark-eyed Junco,12,https://xeno-canto.org/1013743/download,test
1013743,Dark-eyed Junco,13,https://xeno-canto.org/1013743/download,test
1013743,Dark-eyed Junco,14,https://xeno-canto.org/1013743/download,test
1013742,Dark-eyed Junco,0,https://xeno-canto.org/1013742/download,train
1013742,Dark-eyed Junco,1,https://xeno-canto.org/1013742/download,train
1013742,Dark-eyed Junco,2,https://xeno-canto.org/1013742/download,train
1013742,Dark-eyed Junco,3,https://xeno-canto.org/1013742/download,train
1013742,Dark-eyed Junco,4,https://xeno-canto.org/1013742/download,train
1013742,Dark-eyed Junco,5,https://xeno-canto.org/1013742/download,train
1013742,Dark-eyed Junco,6,https://xeno-canto.org/1013742/download,train
1013742,Dark-eyed Junco,7,https://xeno-canto.org/1013742/download,train
1013742,Dark-eyed Junco,8,https://xeno-canto.org/1013742/download,train
1013742,Dark-eyed Junco,9,https://xeno-canto.org/1013742/download,train
1013742,Dark-eyed Junco,10,https://xeno-canto.org/1013742/download,train
1013742,Dark-eyed Junco,11,https://xeno-canto.org/1013742/download,train
1013742,Dark-eyed Junco,12,https://xeno-canto.org/1013742/download,train
1013742,Dark-eyed Junco,13,https://xeno-canto.org/1013742/download,train
1013742,Dark-eyed Junco,14,https://xeno-canto.org/1013742/download,train
1012134,Dark-eyed Junco,0,https://xeno-canto.org/1012134/download,train
1012134,Dark-eyed Junco,1,https://xeno-canto.org/1012134/download,train
1012134,Dark-eyed Junco,2,https://xeno-canto.org/1012134/download,train
1012134,Dark-eyed Junco,3,https://xeno-canto.org/1012134/download,train
1012134,Dark-eyed Junco,4,https://xeno-canto.org/1012134/download,train
1012134,Dark-eyed Junco,5,https://xeno-canto.org/1012134/download,train
1012134,Dark-eyed Junco,6,https://xeno-canto.org/1012134/download,train
1012134,Dark-eyed Junco,7,https://xeno-canto.org/1012134/download,train
1012134,Dark-eyed Junco,8,https://xeno-canto.org/1012134/download,train
1012134,Dark-eyed Junco,9,https://xeno-canto.org/1012134/download,train
1012134,Dark-eyed Junco,10,https://xeno-canto.org/1012134/download,train
1012134,Dark-eyed Junco,11,https://xeno-canto.org/1012134/download,train
1012134,Dark-eyed Junco,12,https://xeno-canto.org/1012134/download,train
1012134,Dark-eyed Junco,13,https://xeno-canto.org/1012134/download,train
1012134,Dark-eyed Junco,14,https://xeno-canto.org/1012134/download,train
804601,Dark-eyed Junco,0,https://xeno-canto.org/804601/download,val
804601,Dark-eyed Junco,1,https://xeno-canto.org/804601/download,val
804601,Dark-eyed Junco,2,https://xeno-canto.org/804601/download,val
804601,Dark-eyed Junco,3,https://xeno-canto.org/804601/download,val
804601,Dark-eyed Junco,4,https://xeno-canto.org/804601/download,val
804601,Dark-eyed Junco,5,https://xeno-canto.org/804601/download,val
804601,Dark-eyed Junco,6,https://xeno-canto.org/804601/download,val
804601,Dark-eyed Junco,7,https://xeno-canto.org/804601/download,val
804601,Dark-eyed Junco,8,https://xeno-canto.org/804601/download,val
804601,Dark-eyed Junco,9,https://xeno-canto.org/804601/download,val
804601,Dark-eyed Junco,10,https://xeno-canto.org/804601/download,val
804601,Dark-eyed Junco,11,https://xeno-canto.org/804601/download,val
804601,Dark-eyed Junco,12,https://xeno-canto.org/804601/download,val
804601,Dark-eyed Junco,13,https://xeno-canto.org/804601/download,val
804601,Dark-eyed Junco,14,https://xeno-canto.org/804601/download,val
797245,Dark-eyed Junco,0,https://xeno-canto.org/797245/download,train
797245,Dark-eyed Junco,1,https://xeno-canto.org/797245/download,train
797245,Dark-eyed Junco,2,https://xeno-canto.org/797245/download,train
797245,Dark-eyed Junco,3,https://xeno-canto.org/797245/download,train
797245,Dark-eyed Junco,4,https://xeno-canto.org/797245/download,train
797245,Dark-eyed Junco,5,https://xeno-canto.org/797245/download,train
797245,Dark-eyed Junco,6,https://xeno-canto.org/797245/download,train
797245,Dark-eyed Junco,7,https://xeno-canto.org/797245/download,train
797245,Dark-eyed Junco,8,https://xeno-canto.org/797245/download,train
797245,Dark-eyed Junco,9,https://xeno-canto.org/797245/download,train
797245,Dark-eyed Junco,10,https://xeno-canto.org/797245/download,train
797245,Dark-eyed Junco,11,https://xeno-canto.org/797245/download,train
797245,Dark-eyed Junco,12,https://xeno-canto.org/797245/download,train
776032,Dark-eyed Junco,0,https://xeno-canto.org/776032/download,train
776032,Dark-eyed Junco,1,https://xeno-canto.org/776032/download,train
776032,Dark-eyed Junco,2,https://xeno-canto.org/776032/download,train
776032,Dark-eyed Junco,3,https://xeno-canto.org/776032/download,train
776032,Dark-eyed Junco,4,https://xeno-canto.org/776032/download,train
776032,Dark-eyed Junco,5,https://xeno-canto.org/776032/download,train
776032,Dark-eyed Junco,6,https://xeno-canto.org/776032/download,train
776032,Dark-eyed Junco,7,https://xeno-canto.org/776032/download,train
776032,Dark-eyed Junco,8,https://xeno-canto.org/776032/download,train
776032,Dark-eyed Junco,9,https://xeno-canto.org/776032/download,train
776032,Dark-eyed Junco,10,https://xeno-canto.org/776032/download,train
776032,Dark-eyed Junco,11,https://xeno-canto.org/776032/download,train
776032,Dark-eyed Junco,12,https://xeno-canto.org/776032/download,train
776032,Dark-eyed Junco,13,https://xeno-canto.org/776032/download,train
776032,Dark-eyed Junco,14,https://xeno-canto.org/776032/download,train
766386,Dark-eyed Junco,0,https://xeno-canto.org/766386/download,train
766386,Dark-eyed Junco,1,https://xeno-canto.org/766386/download,train
766386,Dark-eyed Junco,2,https://xeno-canto.org/766386/download,train
766386,Dark-eyed Junco,3,https://xeno-canto.org/766386/download,train
766386,Dark-eyed Junco,4,https://xeno-canto.org/766386/download,train
766386,Dark-eyed Junco,5,https://xeno-canto.org/766386/download,train
766386,Dark-eyed Junco,6,https://xeno-canto.org/766386/download,train
766386,Dark-eyed Junco,7,https://xeno-canto.org/766386/download,train
766386,Dark-eyed Junco,8,https://xeno-canto.org/766386/download,train
766386,Dark-eyed Junco,9,https://xeno-canto.org/766386/download,train
766386,Dark-eyed Junco,10,https://xeno-canto.org/766386/download,train
766386,Dark-eyed Junco,11,https://xeno-canto.org/766386/download,train
766386,Dark-eyed Junco,12,https://xeno-canto.org/766386/download,train
749982,Dark-eyed Junco,0,https://xeno-canto.org/749982/download,train
749982,Dark-eyed Junco,1,https://xeno-canto.org/749982/download,train
749982,Dark-eyed Junco,2,https://xeno-canto.org/749982/download,train
749982,Dark-eyed Junco,3,https://xeno-canto.org/749982/download,train
749982,Dark-eyed Junco,4,https://xeno-canto.org/749982/download,train
749982,Dark-eyed Junco,5,https://xeno-canto.org/749982/download,train
749982,Dark-eyed Junco,6,https://xeno-canto.org/749982/download,train
749982,Dark-eyed Junco,7,https://xeno-canto.org/749982/download,train
749982,Dark-eyed Junco,8,https://xeno-canto.org/749982/download,train
749982,Dark-eyed Junco,9,https://xeno-canto.org/749982/download,train
749982,Dark-eyed Junco,10,https://xeno-canto.org/749982/download,train
749982,Dark-eyed Junco,11,https://xeno-canto.org/749982/download,train
749982,Dark-eyed Junco,12,https://xeno-canto.org/749982/download,train
749982,Dark-eyed Junco,13,https://xeno-canto.org/749982/download,train
749982,Dark-eyed Junco,14,https://xeno-canto.org/749982/download,train
737551,Dark-eyed Junco,0,https://xeno-canto.org/737551/download,train
737551,Dark-eyed Junco,1,https://xeno-canto.org/737551/download,train
737551,Dark-eyed Junco,2,https://xeno-canto.org/737551/download,train
737551,Dark-eyed Junco,3,https://xeno-canto.org/737551/download,train
737551,Dark-eyed Junco,4,https://xeno-canto.org/737551/download,train
737551,Dark-eyed Junco,5,https://xeno-canto.org/737551/download,train
737551,Dark-eyed Junco,6,https://xeno-canto.org/737551/download,train
737551,Dark-eyed Junco,7,https://xeno-canto.org/737551/download,train
737551,Dark-eyed Junco,8,https://xeno-canto.org/737551/download,train
737551,Dark-eyed Junco,9,https://xeno-canto.org/737551/download,train
737551,Dark-eyed Junco,10,https://xeno-canto.org/737551/download,train
737551,Dark-eyed Junco,11,https://xeno-canto.org/737551/download,train
737551,Dark-eyed Junco,12,https://xeno-canto.org/737551/download,train
737551,Dark-eyed Junco,13,https://xeno-canto.org/737551/download,train
737551,Dark-eyed Junco,14,https://xeno-canto.org/737551/download,train
735828,Dark-eyed Junco,0,https://xeno-canto.org/735828/download,train
735828,Dark-eyed Junco,1,https://xeno-canto.org/735828/download,train
735828,Dark-eyed Junco,2,https://xeno-canto.org/735828/download,train
735828,Dark-eyed Junco,3,https://xeno-canto.org/735828/download,train
735828,Dark-eyed Junco,4,https://xeno-canto.org/735828/download,train
735828,Dark-eyed Junco,5,https://xeno-canto.org/735828/download,train
735828,Dark-eyed Junco,6,https://xeno-canto.org/735828/download,train
735828,Dark-eyed Junco,7,https://xeno-canto.org/735828/download,train
735828,Dark-eyed Junco,8,https://xeno-canto.org/735828/download,train
735828,Dark-eyed Junco,9,https://xeno-canto.org/735828/download,train
735828,Dark-eyed Junco,10,https://xeno-canto.org/735828/download,train
735828,Dark-eyed Junco,11,https://xeno-canto.org/735828/download,train
735828,Dark-eyed Junco,12,https://xeno-canto.org/735828/download,train
735828,Dark-eyed Junco,13,https://xeno-canto.org/735828/download,train
735828,Dark-eyed Junco,14,https://xeno-canto.org/735828/download,train
732715,Dark-eyed Junco,0,https://xeno-canto.org/732715/download,train
732715,Dark-eyed Junco,1,https://xeno-canto.org/732715/download,train
732715,Dark-eyed Junco,2,https://xeno-canto.org/732715/download,train
732715,Dark-eyed Junco,3,https://xeno-canto.org/732715/download,train
732715,Dark-eyed Junco,4,https://xeno-canto.org/732715/download,train
732715,Dark-eyed Junco,5,https://xeno-canto.org/732715/download,train
732715,Dark-eyed Junco,6,https://xeno-canto.org/732715/download,train
732715,Dark-eyed Junco,7,https://xeno-canto.org/732715/download,train
732715,Dark-eyed Junco,8,https://xeno-canto.org/732715/download,train
732715,Dark-eyed Junco,9,https://xeno-canto.org/732715/download,train
732715,Dark-eyed Junco,10,https://xeno-canto.org/732715/download,train
732715,Dark-eyed Junco,11,https://xeno-canto.org/732715/download,train
732715,Dark-eyed Junco,12,https://xeno-canto.org/732715/download,train
732715,Dark-eyed Junco,13,https://xeno-canto.org/732715/download,train
732715,Dark-eyed Junco,14,https://xeno-canto.org/732715/download,train
720922,Dark-eyed Junco,0,https://xeno-canto.org/720922/download,train
720922,Dark-eyed Junco,1,https://xeno-canto.org/720922/download,train
720922,Dark-eyed Junco,2,https://xeno-canto.org/720922/download,train
720922,Dark-eyed Junco,3,https://xeno-canto.org/720922/download,train
720922,Dark-eyed Junco,4,https://xeno-canto.org/720922/download,train
720922,Dark-eyed Junco,5,https://xeno-canto.org/720922/download,train
720922,Dark-eyed Junco,6,https://xeno-canto.org/720922/download,train
720922,Dark-eyed Junco,7,https://xeno-canto.org/720922/download,train
720922,Dark-eyed Junco,8,https://xeno-canto.org/720922/download,train
720922,Dark-eyed Junco,9,https://xeno-canto.org/720922/download,train
720922,Dark-eyed Junco,10,https://xeno-canto.org/720922/download,train
720921,Dark-eyed Junco,0,https://xeno-canto.org/720921/download,train
720921,Dark-eyed Junco,1,https://xeno-canto.org/720921/download,train
720921,Dark-eyed Junco,2,https://xeno-canto.org/720921/download,train
720921,Dark-eyed Junco,3,https://xeno-canto.org/720921/download,train
720921,Dark-eyed Junco,4,https://xeno-canto.org/720921/download,train
720921,Dark-eyed Junco,5,https://xeno-canto.org/720921/download,train
720921,Dark-eyed Junco,6,https://xeno-canto.org/720921/download,train
720921,Dark-eyed Junco,7,https://xeno-canto.org/720921/download,train
720921,Dark-eyed Junco,8,https://xeno-canto.org/720921/download,train
720921,Dark-eyed Junco,9,https://xeno-canto.org/720921/download,train
720921,Dark-eyed Junco,10,https://xeno-canto.org/720921/download,train
720921,Dark-eyed Junco,11,https://xeno-canto.org/720921/download,train
720921,Dark-eyed Junco,12,https://xeno-canto.org/720921/download,train
720921,Dark-eyed Junco,13,https://xeno-canto.org/720921/download,train
720921,Dark-eyed Junco,14,https://xeno-canto.org/720921/download,train
718181,Dark-eyed Junco,0,https://xeno-canto.org/718181/download,test
718181,Dark-eyed Junco,1,https://xeno-canto.org/718181/download,test
718181,Dark-eyed Junco,2,https://xeno-canto.org/718181/download,test
718181,Dark-eyed Junco,3,https://xeno-canto.org/718181/download,test
718181,Dark-eyed Junco,4,https://xeno-canto.org/718181/download,test
718181,Dark-eyed Junco,5,https://xeno-canto.org/718181/download,test
718181,Dark-eyed Junco,6,https://xeno-canto.org/718181/download,test
718181,Dark-eyed Junco,7,https://xeno-canto.org/718181/download,test
718181,Dark-eyed Junco,8,https://xeno-canto.org/718181/download,test
718181,Dark-eyed Junco,9,https://xeno-canto.org/718181/download,test
718181,Dark-eyed Junco,10,https://xeno-canto.org/718181/download,test
718181,Dark-eyed Junco,11,https://xeno-canto.org/718181/download,test
718181,Dark-eyed Junco,12,https://xeno-canto.org/718181/download,test
718181,Dark-eyed Junco,13,https://xeno-canto.org/718181/download,test
718181,Dark-eyed Junco,14,https://xeno-canto.org/718181/download,test
1133843,American Crow,0,https://xeno-canto.org/1133843/download,train
1133843,American Crow,1,https://xeno-canto.org/1133843/download,train
1133843,American Crow,2,https://xeno-canto.org/1133843/download,train
1133843,American Crow,3,https://xeno-canto.org/1133843/download,train
1133843,American Crow,4,https://xeno-canto.org/1133843/download,train
1133843,American Crow,5,https://xeno-canto.org/1133843/download,train
1133843,American Crow,6,https://xeno-canto.org/1133843/download,train
1133843,American Crow,7,https://xeno-canto.org/1133843/download,train
1133843,American Crow,8,https://xeno-canto.org/1133843/download,train
1133843,American Crow,9,https://xeno-canto.org/1133843/download,train
1133843,American Crow,10,https://xeno-canto.org/1133843/download,train
1133843,American Crow,11,https://xeno-canto.org/1133843/download,train
1133843,American Crow,12,https://xeno-canto.org/1133843/download,train
1133843,American Crow,13,https://xeno-canto.org/1133843/download,train
1133843,American Crow,14,https://xeno-canto.org/1133843/download,train
1104243,American Crow,0,https://xeno-canto.org/1104243/download,train
1104243,American Crow,1,https://xeno-canto.org/1104243/download,train
1104243,American Crow,2,https://xeno-canto.org/1104243/download,train
1104243,American Crow,3,https://xeno-canto.org/1104243/download,train
1104243,American Crow,4,https://xeno-canto.org/1104243/download,train
1104243,American Crow,5,https://xeno-canto.org/1104243/download,train
1104243,American Crow,6,https://xeno-canto.org/1104243/download,train
1104243,American Crow,7,https://xeno-canto.org/1104243/download,train
1104243,American Crow,8,https://xeno-canto.org/1104243/download,train
1104243,American Crow,9,https://xeno-canto.org/1104243/download,train
1104243,American Crow,10,https://xeno-canto.org/1104243/download,train
1104243,American Crow,11,https://xeno-canto.org/1104243/download,train
1104243,American Crow,12,https://xeno-canto.org/1104243/download,train
1104243,American Crow,13,https://xeno-canto.org/1104243/download,train
1104243,American Crow,14,https://xeno-canto.org/1104243/download,train
1058578,American Crow,0,https://xeno-canto.org/1058578/download,test
1058578,American Crow,1,https://xeno-canto.org/1058578/download,test
1058578,American Crow,2,https://xeno-canto.org/1058578/download,test
1058578,American Crow,3,https://xeno-canto.org/1058578/download,test
1058578,American Crow,4,https://xeno-canto.org/1058578/download,test
1058578,American Crow,5,https://xeno-canto.org/1058578/download,test
1058578,American Crow,6,https://xeno-canto.org/1058578/download,test
1058578,American Crow,7,https://xeno-canto.org/1058578/download,test
1058578,American Crow,8,https://xeno-canto.org/1058578/download,test
1058578,American Crow,9,https://xeno-canto.org/1058578/download,test
1058578,American Crow,10,https://xeno-canto.org/1058578/download,test
1058578,American Crow,11,https://xeno-canto.org/1058578/download,test
1058578,American Crow,12,https://xeno-canto.org/1058578/download,test
1058578,American Crow,13,https://xeno-canto.org/1058578/download,test
1058578,American Crow,14,https://xeno-canto.org/1058578/download,test
1039176,American Crow,0,https://xeno-canto.org/1039176/download,train
1039176,American Crow,1,https://xeno-canto.org/1039176/download,train
1039176,American Crow,2,https://xeno-canto.org/1039176/download,train
1039176,American Crow,3,https://xeno-canto.org/1039176/download,train
1039176,American Crow,4,https://xeno-canto.org/1039176/download,train
1039176,American Crow,5,https://xeno-canto.org/1039176/download,train
1039176,American Crow,6,https://xeno-canto.org/1039176/download,train
1039176,American Crow,7,https://xeno-canto.org/1039176/download,train
1039176,American Crow,8,https://xeno-canto.org/1039176/download,train
1039176,American Crow,9,https://xeno-canto.org/1039176/download,train
1039176,American Crow,10,https://xeno-canto.org/1039176/download,train
1039176,American Crow,11,https://xeno-canto.org/1039176/download,train
1039176,American Crow,12,https://xeno-canto.org/1039176/download,train
1039176,American Crow,13,https://xeno-canto.org/1039176/download,train
1039176,American Crow,14,https://xeno-canto.org/1039176/download,train
1034477,American Crow,0,https://xeno-canto.org/1034477/download,test
1034477,American Crow,1,https://xeno-canto.org/1034477/download,test
1034477,American Crow,2,https://xeno-canto.org/1034477/download,test
1034477,American Crow,3,https://xeno-canto.org/1034477/download,test
1034477,American Crow,4,https://xeno-canto.org/1034477/download,test
1034477,American Crow,5,https://xeno-canto.org/1034477/download,test
1034477,American Crow,6,https://xeno-canto.org/1034477/download,test
1034477,American Crow,7,https://xeno-canto.org/1034477/download,test
1034477,American Crow,8,https://xeno-canto.org/1034477/download,test
1034477,American Crow,9,https://xeno-canto.org/1034477/download,test
1034477,American Crow,10,https://xeno-canto.org/1034477/download,test
1034477,American Crow,11,https://xeno-canto.org/1034477/download,test
1034477,American Crow,12,https://xeno-canto.org/1034477/download,test
1034477,American Crow,13,https://xeno-canto.org/1034477/download,test
1034477,American Crow,14,https://xeno-canto.org/1034477/download,test
1031083,American Crow,0,https://xeno-canto.org/1031083/download,train
1031083,American Crow,1,https://xeno-canto.org/1031083/download,train
1031083,American Crow,2,https://xeno-canto.org/1031083/download,train
1031083,American Crow,3,https://xeno-canto.org/1031083/download,train
1031083,American Crow,4,https://xeno-canto.org/1031083/download,train
1031083,American Crow,5,https://xeno-canto.org/1031083/download,train
1031083,American Crow,6,https://xeno-canto.org/1031083/download,train
1031083,American Crow,7,https://xeno-canto.org/1031083/download,train
1031083,American Crow,8,https://xeno-canto.org/1031083/download,train
1031083,American Crow,9,https://xeno-canto.org/1031083/download,train
1031083,American Crow,10,https://xeno-canto.org/1031083/download,train
1031083,American Crow,11,https://xeno-canto.org/1031083/download,train
1031083,American Crow,12,https://xeno-canto.org/1031083/download,train
1031083,American Crow,13,https://xeno-canto.org/1031083/download,train
1031083,American Crow,14,https://xeno-canto.org/1031083/download,train
1020220,American Crow,0,https://xeno-canto.org/1020220/download,val
1020220,American Crow,1,https://xeno-canto.org/1020220/download,val
1020220,American Crow,2,https://xeno-canto.org/1020220/download,val
1020220,American Crow,3,https://xeno-canto.org/1020220/download,val
1020220,American Crow,4,https://xeno-canto.org/1020220/download,val
1020220,American Crow,5,https://xeno-canto.org/1020220/download,val
1020220,American Crow,6,https://xeno-canto.org/1020220/download,val
1020220,American Crow,7,https://xeno-canto.org/1020220/download,val
1020220,American Crow,8,https://xeno-canto.org/1020220/download,val
1020220,American Crow,9,https://xeno-canto.org/1020220/download,val
1020220,American Crow,10,https://xeno-canto.org/1020220/download,val
1020220,American Crow,11,https://xeno-canto.org/1020220/download,val
1020220,American Crow,12,https://xeno-canto.org/1020220/download,val
1020220,American Crow,13,https://xeno-canto.org/1020220/download,val
1020220,American Crow,14,https://xeno-canto.org/1020220/download,val
1020218,American Crow,0,https://xeno-canto.org/1020218/download,train
1020218,American Crow,1,https://xeno-canto.org/1020218/download,train
1020218,American Crow,2,https://xeno-canto.org/1020218/download,train
1020218,American Crow,3,https://xeno-canto.org/1020218/download,train
1020218,American Crow,4,https://xeno-canto.org/1020218/download,train
1020218,American Crow,5,https://xeno-canto.org/1020218/download,train
1020218,American Crow,6,https://xeno-canto.org/1020218/download,train
1020218,American Crow,7,https://xeno-canto.org/1020218/download,train
1020218,American Crow,8,https://xeno-canto.org/1020218/download,train
1020218,American Crow,9,https://xeno-canto.org/1020218/download,train
1020218,American Crow,10,https://xeno-canto.org/1020218/download,train
1020218,American Crow,11,https://xeno-canto.org/1020218/download,train
1020218,American Crow,12,https://xeno-canto.org/1020218/download,train
1020218,American Crow,13,https://xeno-canto.org/1020218/download,train
1020218,American Crow,14,https://xeno-canto.org/1020218/download,train
1013832,American Crow,0,https://xeno-canto.org/1013832/download,train
1013832,American Crow,1,https://xeno-canto.org/1013832/download,train
1013832,American Crow,2,https://xeno-canto.org/1013832/download,train
1013832,American Crow,3,https://xeno-canto.org/1013832/download,train
1013832,American Crow,4,https://xeno-canto.org/1013832/download,train
1013832,American Crow,5,https://xeno-canto.org/1013832/download,train
1013832,American Crow,6,https://xeno-canto.org/1013832/download,train
1013832,American Crow,7,https://xeno-canto.org/1013832/download,train
1013832,American Crow,8,https://xeno-canto.org/1013832/download,train
1013832,American Crow,9,https://xeno-canto.org/1013832/download,train
1013832,American Crow,10,https://xeno-canto.org/1013832/download,train
1013832,American Crow,11,https://xeno-canto.org/1013832/download,train
1013832,American Crow,12,https://xeno-canto.org/1013832/download,train
1013832,American Crow,13,https://xeno-canto.org/1013832/download,train
1013832,American Crow,14,https://xeno-canto.org/1013832/download,train
1013378,American Crow,0,https://xeno-canto.org/1013378/download,test
1013378,American Crow,1,https://xeno-canto.org/1013378/download,test
1013378,American Crow,2,https://xeno-canto.org/1013378/download,test
1013378,American Crow,3,https://xeno-canto.org/1013378/download,test
1013378,American Crow,4,https://xeno-canto.org/1013378/download,test
1013378,American Crow,5,https://xeno-canto.org/1013378/download,test
1013378,American Crow,6,https://xeno-canto.org/1013378/download,test
1013378,American Crow,7,https://xeno-canto.org/1013378/download,test
1013378,American Crow,8,https://xeno-canto.org/1013378/download,test
1013378,American Crow,9,https://xeno-canto.org/1013378/download,test
1013378,American Crow,10,https://xeno-canto.org/1013378/download,test
1013378,American Crow,11,https://xeno-canto.org/1013378/download,test
1013378,American Crow,12,https://xeno-canto.org/1013378/download,test
1013378,American Crow,13,https://xeno-canto.org/1013378/download,test
1013378,American Crow,14,https://xeno-canto.org/1013378/download,test
1012927,American Crow,0,https://xeno-canto.org/1012927/download,test
1012927,American Crow,1,https://xeno-canto.org/1012927/download,test
1012927,American Crow,2,https://xeno-canto.org/1012927/download,test
1012927,American Crow,3,https://xeno-canto.org/1012927/download,test
1012927,American Crow,4,https://xeno-canto.org/1012927/download,test
1012927,American Crow,5,https://xeno-canto.org/1012927/download,test
1012927,American Crow,6,https://xeno-canto.org/1012927/download,test
1012927,American Crow,7,https://xeno-canto.org/1012927/download,test
1012927,American Crow,8,https://xeno-canto.org/1012927/download,test
1012927,American Crow,9,https://xeno-canto.org/1012927/download,test
1012927,American Crow,10,https://xeno-canto.org/1012927/download,test
1012927,American Crow,11,https://xeno-canto.org/1012927/download,test
1012927,American Crow,12,https://xeno-canto.org/1012927/download,test
1012927,American Crow,13,https://xeno-canto.org/1012927/download,test
1012500,American Crow,0,https://xeno-canto.org/1012500/download,train
1012500,American Crow,1,https://xeno-canto.org/1012500/download,train
1012500,American Crow,2,https://xeno-canto.org/1012500/download,train
1012500,American Crow,3,https://xeno-canto.org/1012500/download,train
1012500,American Crow,4,https://xeno-canto.org/1012500/download,train
1012500,American Crow,5,https://xeno-canto.org/1012500/download,train
1012500,American Crow,6,https://xeno-canto.org/1012500/download,train
1012500,American Crow,7,https://xeno-canto.org/1012500/download,train
1012500,American Crow,8,https://xeno-canto.org/1012500/download,train
1012500,American Crow,9,https://xeno-canto.org/1012500/download,train
1012500,American Crow,10,https://xeno-canto.org/1012500/download,train
1012500,American Crow,11,https://xeno-canto.org/1012500/download,train
1012500,American Crow,12,https://xeno-canto.org/1012500/download,train
1012500,American Crow,13,https://xeno-canto.org/1012500/download,train
1012500,American Crow,14,https://xeno-canto.org/1012500/download,train
1012499,American Crow,0,https://xeno-canto.org/1012499/download,train
1012499,American Crow,1,https://xeno-canto.org/1012499/download,train
1012499,American Crow,2,https://xeno-canto.org/1012499/download,train
1012499,American Crow,3,https://xeno-canto.org/1012499/download,train
1012499,American Crow,4,https://xeno-canto.org/1012499/download,train
1012499,American Crow,5,https://xeno-canto.org/1012499/download,train
1012499,American Crow,6,https://xeno-canto.org/1012499/download,train
1012499,American Crow,7,https://xeno-canto.org/1012499/download,train
1012499,American Crow,8,https://xeno-canto.org/1012499/download,train
1012499,American Crow,9,https://xeno-canto.org/1012499/download,train
1012499,American Crow,10,https://xeno-canto.org/1012499/download,train
1012499,American Crow,11,https://xeno-canto.org/1012499/download,train
1012499,American Crow,12,https://xeno-canto.org/1012499/download,train
1012499,American Crow,13,https://xeno-canto.org/1012499/download,train
1012499,American Crow,14,https://xeno-canto.org/1012499/download,train
1012498,American Crow,0,https://xeno-canto.org/1012498/download,train
1012498,American Crow,1,https://xeno-canto.org/1012498/download,train
1012498,American Crow,2,https://xeno-canto.org/1012498/download,train
1012498,American Crow,3,https://xeno-canto.org/1012498/download,train
1012498,American Crow,4,https://xeno-canto.org/1012498/download,train
1012498,American Crow,5,https://xeno-canto.org/1012498/download,train
1012498,American Crow,6,https://xeno-canto.org/1012498/download,train
1012498,American Crow,7,https://xeno-canto.org/1012498/download,train
1012498,American Crow,8,https://xeno-canto.org/1012498/download,train
1012498,American Crow,9,https://xeno-canto.org/1012498/download,train
1012498,American Crow,10,https://xeno-canto.org/1012498/download,train
1012498,American Crow,11,https://xeno-canto.org/1012498/download,train
1012498,American Crow,12,https://xeno-canto.org/1012498/download,train
1012498,American Crow,13,https://xeno-canto.org/1012498/download,train
1012498,American Crow,14,https://xeno-canto.org/1012498/download,train
1012136,American Crow,0,https://xeno-canto.org/1012136/download,train
1012136,American Crow,1,https://xeno-canto.org/1012136/download,train
1012136,American Crow,2,https://xeno-canto.org/1012136/download,train
1012136,American Crow,3,https://xeno-canto.org/1012136/download,train
1012136,American Crow,4,https://xeno-canto.org/1012136/download,train
1012136,American Crow,5,https://xeno-canto.org/1012136/download,train
1012136,American Crow,6,https://xeno-canto.org/1012136/download,train
1012136,American Crow,7,https://xeno-canto.org/1012136/download,train
1012136,American Crow,8,https://xeno-canto.org/1012136/download,train
1012136,American Crow,9,https://xeno-canto.org/1012136/download,train
1012136,American Crow,10,https://xeno-canto.org/1012136/download,train
1012136,American Crow,11,https://xeno-canto.org/1012136/download,train
1012136,American Crow,12,https://xeno-canto.org/1012136/download,train
1012136,American Crow,13,https://xeno-canto.org/1012136/download,train
1012136,American Crow,14,https://xeno-canto.org/1012136/download,train
1007629,American Crow,0,https://xeno-canto.org/1007629/download,train
1007629,American Crow,1,https://xeno-canto.org/1007629/download,train
1007629,American Crow,2,https://xeno-canto.org/1007629/download,train
1007629,American Crow,3,https://xeno-canto.org/1007629/download,train
1007629,American Crow,4,https://xeno-canto.org/1007629/download,train
1007629,American Crow,5,https://xeno-canto.org/1007629/download,train
1007629,American Crow,6,https://xeno-canto.org/1007629/download,train
1007629,American Crow,7,https://xeno-canto.org/1007629/download,train
1007629,American Crow,8,https://xeno-canto.org/1007629/download,train
1007629,American Crow,9,https://xeno-canto.org/1007629/download,train
1007629,American Crow,10,https://xeno-canto.org/1007629/download,train
1007629,American Crow,11,https://xeno-canto.org/1007629/download,train
1007629,American Crow,12,https://xeno-canto.org/1007629/download,train
1007629,American Crow,13,https://xeno-canto.org/1007629/download,train
1007629,American Crow,14,https://xeno-canto.org/1007629/download,train
984442,American Crow,0,https://xeno-canto.org/984442/download,train
984442,American Crow,1,https://xeno-canto.org/984442/download,train
984442,American Crow,2,https://xeno-canto.org/984442/download,train
984442,American Crow,3,https://xeno-canto.org/984442/download,train
984442,American Crow,4,https://xeno-canto.org/984442/download,train
984442,American Crow,5,https://xeno-canto.org/984442/download,train
984442,American Crow,6,https://xeno-canto.org/984442/download,train
984442,American Crow,7,https://xeno-canto.org/984442/download,train
984442,American Crow,8,https://xeno-canto.org/984442/download,train
984442,American Crow,9,https://xeno-canto.org/984442/download,train
984442,American Crow,10,https://xeno-canto.org/984442/download,train
984442,American Crow,11,https://xeno-canto.org/984442/download,train
984442,American Crow,12,https://xeno-canto.org/984442/download,train
984442,American Crow,13,https://xeno-canto.org/984442/download,train
984442,American Crow,14,https://xeno-canto.org/984442/download,train
973034,American Crow,0,https://xeno-canto.org/973034/download,train
973034,American Crow,1,https://xeno-canto.org/973034/download,train
973034,American Crow,2,https://xeno-canto.org/973034/download,train
973034,American Crow,3,https://xeno-canto.org/973034/download,train
973034,American Crow,4,https://xeno-canto.org/973034/download,train
973034,American Crow,5,https://xeno-canto.org/973034/download,train
973034,American Crow,6,https://xeno-canto.org/973034/download,train
973034,American Crow,7,https://xeno-canto.org/973034/download,train
973034,American Crow,8,https://xeno-canto.org/973034/download,train
973034,American Crow,9,https://xeno-canto.org/973034/download,train
973034,American Crow,10,https://xeno-canto.org/973034/download,train
973034,American Crow,11,https://xeno-canto.org/973034/download,train
973034,American Crow,12,https://xeno-canto.org/973034/download,train
973034,American Crow,13,https://xeno-canto.org/973034/download,train
973034,American Crow,14,https://xeno-canto.org/973034/download,train
964161,American Crow,0,https://xeno-canto.org/964161/download,val
964161,American Crow,1,https://xeno-canto.org/964161/download,val
964161,American Crow,2,https://xeno-canto.org/964161/download,val
964161,American Crow,3,https://xeno-canto.org/964161/download,val
964161,American Crow,4,https://xeno-canto.org/964161/download,val
964161,American Crow,5,https://xeno-canto.org/964161/download,val
964161,American Crow,6,https://xeno-canto.org/964161/download,val
964161,American Crow,7,https://xeno-canto.org/964161/download,val
964161,American Crow,8,https://xeno-canto.org/964161/download,val
964161,American Crow,9,https://xeno-canto.org/964161/download,val
964161,American Crow,10,https://xeno-canto.org/964161/download,val
964161,American Crow,11,https://xeno-canto.org/964161/download,val
964161,American Crow,12,https://xeno-canto.org/964161/download,val
964161,American Crow,13,https://xeno-canto.org/964161/download,val
964161,American Crow,14,https://xeno-canto.org/964161/download,val
958966,American Crow,0,https://xeno-canto.org/958966/download,train
958966,American Crow,1,https://xeno-canto.org/958966/download,train
958966,American Crow,2,https://xeno-canto.org/958966/download,train
958966,American Crow,3,https://xeno-canto.org/958966/download,train
958966,American Crow,4,https://xeno-canto.org/958966/download,train
958966,American Crow,5,https://xeno-canto.org/958966/download,train
952207,American Crow,0,https://xeno-canto.org/952207/download,val
952207,American Crow,1,https://xeno-canto.org/952207/download,val
952207,American Crow,2,https://xeno-canto.org/952207/download,val
952207,American Crow,3,https://xeno-canto.org/952207/download,val
952207,American Crow,4,https://xeno-canto.org/952207/download,val
952207,American Crow,5,https://xeno-canto.org/952207/download,val
952207,American Crow,6,https://xeno-canto.org/952207/download,val
952207,American Crow,7,https://xeno-canto.org/952207/download,val
952207,American Crow,8,https://xeno-canto.org/952207/download,val
952207,American Crow,9,https://xeno-canto.org/952207/download,val
952207,American Crow,10,https://xeno-canto.org/952207/download,val
952207,American Crow,11,https://xeno-canto.org/952207/download,val
952207,American Crow,12,https://xeno-canto.org/952207/download,val
952207,American Crow,13,https://xeno-canto.org/952207/download,val
952207,American Crow,14,https://xeno-canto.org/952207/download,val
949456,American Crow,0,https://xeno-canto.org/949456/download,val
949456,American Crow,1,https://xeno-canto.org/949456/download,val
949456,American Crow,2,https://xeno-canto.org/949456/download,val
949456,American Crow,3,https://xeno-canto.org/949456/download,val
949456,American Crow,4,https://xeno-canto.org/949456/download,val
949456,American Crow,5,https://xeno-canto.org/949456/download,val
949456,American Crow,6,https://xeno-canto.org/949456/download,val
949456,American Crow,7,https://xeno-canto.org/949456/download,val
949456,American Crow,8,https://xeno-canto.org/949456/download,val
949456,American Crow,9,https://xeno-canto.org/949456/download,val
949456,American Crow,10,https://xeno-canto.org/949456/download,val
949456,American Crow,11,https://xeno-canto.org/949456/download,val
949456,American Crow,12,https://xeno-canto.org/949456/download,val
949456,American Crow,13,https://xeno-canto.org/949456/download,val
949456,American Crow,14,https://xeno-canto.org/949456/download,val
928007,American Crow,0,https://xeno-canto.org/928007/download,train
928007,American Crow,1,https://xeno-canto.org/928007/download,train
928007,American Crow,2,https://xeno-canto.org/928007/download,train
928007,American Crow,3,https://xeno-canto.org/928007/download,train
928007,American Crow,4,https://xeno-canto.org/928007/download,train
928007,American Crow,5,https://xeno-canto.org/928007/download,train
928007,American Crow,6,https://xeno-canto.org/928007/download,train
928007,American Crow,7,https://xeno-canto.org/928007/download,train
928007,American Crow,8,https://xeno-canto.org/928007/download,train
928007,American Crow,9,https://xeno-canto.org/928007/download,train
928007,American Crow,10,https://xeno-canto.org/928007/download,train
928007,American Crow,11,https://xeno-canto.org/928007/download,train
928007,American Crow,12,https://xeno-canto.org/928007/download,train
928007,American Crow,13,https://xeno-canto.org/928007/download,train
928007,American Crow,14,https://xeno-canto.org/928007/download,train
926363,American Crow,0,https://xeno-canto.org/926363/download,train
926363,American Crow,1,https://xeno-canto.org/926363/download,train
926363,American Crow,2,https://xeno-canto.org/926363/download,train
926363,American Crow,3,https://xeno-canto.org/926363/download,train
926363,American Crow,4,https://xeno-canto.org/926363/download,train
926363,American Crow,5,https://xeno-canto.org/926363/download,train
926363,American Crow,6,https://xeno-canto.org/926363/download,train
926363,American Crow,7,https://xeno-canto.org/926363/download,train
926363,American Crow,8,https://xeno-canto.org/926363/download,train
926363,American Crow,9,https://xeno-canto.org/926363/download,train
926363,American Crow,10,https://xeno-canto.org/926363/download,train
926363,American Crow,11,https://xeno-canto.org/926363/download,train
926363,American Crow,12,https://xeno-canto.org/926363/download,train
926363,American Crow,13,https://xeno-canto.org/926363/download,train
926363,American Crow,14,https://xeno-canto.org/926363/download,train
924638,American Crow,0,https://xeno-canto.org/924638/download,train
924638,American Crow,1,https://xeno-canto.org/924638/download,train
924638,American Crow,2,https://xeno-canto.org/924638/download,train
924638,American Crow,3,https://xeno-canto.org/924638/download,train
924638,American Crow,4,https://xeno-canto.org/924638/download,train
924638,American Crow,5,https://xeno-canto.org/924638/download,train
924638,American Crow,6,https://xeno-canto.org/924638/download,train
924638,American Crow,7,https://xeno-canto.org/924638/download,train
924638,American Crow,8,https://xeno-canto.org/924638/download,train
924638,American Crow,9,https://xeno-canto.org/924638/download,train
924638,American Crow,10,https://xeno-canto.org/924638/download,train
924638,American Crow,11,https://xeno-canto.org/924638/download,train
924638,American Crow,12,https://xeno-canto.org/924638/download,train
924638,American Crow,13,https://xeno-canto.org/924638/download,train
924638,American Crow,14,https://xeno-canto.org/924638/download,train
924636,American Crow,0,https://xeno-canto.org/924636/download,train
924636,American Crow,1,https://xeno-canto.org/924636/download,train
924636,American Crow,2,https://xeno-canto.org/924636/download,train
924636,American Crow,3,https://xeno-canto.org/924636/download,train
924636,American Crow,4,https://xeno-canto.org/924636/download,train
924636,American Crow,5,https://xeno-canto.org/924636/download,train
924636,American Crow,6,https://xeno-canto.org/924636/download,train
924636,American Crow,7,https://xeno-canto.org/924636/download,train
924636,American Crow,8,https://xeno-canto.org/924636/download,train
924636,American Crow,9,https://xeno-canto.org/924636/download,train
924636,American Crow,10,https://xeno-canto.org/924636/download,train
924636,American Crow,11,https://xeno-canto.org/924636/download,train
924636,American Crow,12,https://xeno-canto.org/924636/download,train
924636,American Crow,13,https://xeno-canto.org/924636/download,train
924636,American Crow,14,https://xeno-canto.org/924636/download,train
924634,American Crow,0,https://xeno-canto.org/924634/download,train
924634,American Crow,1,https://xeno-canto.org/924634/download,train
924634,American Crow,2,https://xeno-canto.org/924634/download,train
924634,American Crow,3,https://xeno-canto.org/924634/download,train
924634,American Crow,4,https://xeno-canto.org/924634/download,train
924634,American Crow,5,https://xeno-canto.org/924634/download,train
924634,American Crow,6,https://xeno-canto.org/924634/download,train
924634,American Crow,7,https://xeno-canto.org/924634/download,train
924634,American Crow,8,https://xeno-canto.org/924634/download,train
924634,American Crow,9,https://xeno-canto.org/924634/download,train
924634,American Crow,10,https://xeno-canto.org/924634/download,train
924634,American Crow,11,https://xeno-canto.org/924634/download,train
924634,American Crow,12,https://xeno-canto.org/924634/download,train
924634,American Crow,13,https://xeno-canto.org/924634/download,train
924634,American Crow,14,https://xeno-canto.org/924634/download,train
924633,American Crow,0,https://xeno-canto.org/924633/download,test
924633,American Crow,1,https://xeno-canto.org/924633/download,test
924633,American Crow,2,https://xeno-canto.org/924633/download,test
924633,American Crow,3,https://xeno-canto.org/924633/download,test
924633,American Crow,4,https://xeno-canto.org/924633/download,test
924633,American Crow,5,https://xeno-canto.org/924633/download,test
924633,American Crow,6,https://xeno-canto.org/924633/download,test
924633,American Crow,7,https://xeno-canto.org/924633/download,test
924633,American Crow,8,https://xeno-canto.org/924633/download,test
924633,American Crow,9,https://xeno-canto.org/924633/download,test
924633,American Crow,10,https://xeno-canto.org/924633/download,test
924633,American Crow,11,https://xeno-canto.org/924633/download,test
924633,American Crow,12,https://xeno-canto.org/924633/download,test
924633,American Crow,13,https://xeno-canto.org/924633/download,test
924633,American Crow,14,https://xeno-canto.org/924633/download,test
924631,American Crow,0,https://xeno-canto.org/924631/download,train
924631,American Crow,1,https://xeno-canto.org/924631/download,train
924631,American Crow,2,https://xeno-canto.org/924631/download,train
924631,American Crow,3,https://xeno-canto.org/924631/download,train
924631,American Crow,4,https://xeno-canto.org/924631/download,train
924631,American Crow,5,https://xeno-canto.org/924631/download,train
924631,American Crow,6,https://xeno-canto.org/924631/download,train
924631,American Crow,7,https://xeno-canto.org/924631/download,train
924631,American Crow,8,https://xeno-canto.org/924631/download,train
924631,American Crow,9,https://xeno-canto.org/924631/download,train
924631,American Crow,10,https://xeno-canto.org/924631/download,train
924631,American Crow,11,https://xeno-canto.org/924631/download,train
924631,American Crow,12,https://xeno-canto.org/924631/download,train
924631,American Crow,13,https://xeno-canto.org/924631/download,train
924631,American Crow,14,https://xeno-canto.org/924631/download,train
924626,American Crow,0,https://xeno-canto.org/924626/download,train
924626,American Crow,1,https://xeno-canto.org/924626/download,train
924626,American Crow,2,https://xeno-canto.org/924626/download,train
924626,American Crow,3,https://xeno-canto.org/924626/download,train
924626,American Crow,4,https://xeno-canto.org/924626/download,train
924626,American Crow,5,https://xeno-canto.org/924626/download,train
924626,American Crow,6,https://xeno-canto.org/924626/download,train
924626,American Crow,7,https://xeno-canto.org/924626/download,train
924626,American Crow,8,https://xeno-canto.org/924626/download,train
924626,American Crow,9,https://xeno-canto.org/924626/download,train
924626,American Crow,10,https://xeno-canto.org/924626/download,train
924626,American Crow,11,https://xeno-canto.org/924626/download,train
924626,American Crow,12,https://xeno-canto.org/924626/download,train
924626,American Crow,13,https://xeno-canto.org/924626/download,train
1101455,Pacific Wren,0,https://xeno-canto.org/1101455/download,val
1101455,Pacific Wren,1,https://xeno-canto.org/1101455/download,val
1101455,Pacific Wren,2,https://xeno-canto.org/1101455/download,val
1101455,Pacific Wren,3,https://xeno-canto.org/1101455/download,val
1101455,Pacific Wren,4,https://xeno-canto.org/1101455/download,val
1101455,Pacific Wren,5,https://xeno-canto.org/1101455/download,val
1101455,Pacific Wren,6,https://xeno-canto.org/1101455/download,val
1101455,Pacific Wren,7,https://xeno-canto.org/1101455/download,val
1101455,Pacific Wren,8,https://xeno-canto.org/1101455/download,val
1101455,Pacific Wren,9,https://xeno-canto.org/1101455/download,val
1101455,Pacific Wren,10,https://xeno-canto.org/1101455/download,val
1101455,Pacific Wren,11,https://xeno-canto.org/1101455/download,val
1101455,Pacific Wren,12,https://xeno-canto.org/1101455/download,val
1101455,Pacific Wren,13,https://xeno-canto.org/1101455/download,val
1101455,Pacific Wren,14,https://xeno-canto.org/1101455/download,val
1096225,Pacific Wren,0,https://xeno-canto.org/1096225/download,train
1096225,Pacific Wren,1,https://xeno-canto.org/1096225/download,train
1096225,Pacific Wren,2,https://xeno-canto.org/1096225/download,train
1096225,Pacific Wren,3,https://xeno-canto.org/1096225/download,train
1096225,Pacific Wren,4,https://xeno-canto.org/1096225/download,train
1096225,Pacific Wren,5,https://xeno-canto.org/1096225/download,train
1096225,Pacific Wren,6,https://xeno-canto.org/1096225/download,train
1094466,Pacific Wren,0,https://xeno-canto.org/1094466/download,test
1094466,Pacific Wren,1,https://xeno-canto.org/1094466/download,test
1094466,Pacific Wren,2,https://xeno-canto.org/1094466/download,test
1094466,Pacific Wren,3,https://xeno-canto.org/1094466/download,test
1094466,Pacific Wren,4,https://xeno-canto.org/1094466/download,test
1094466,Pacific Wren,5,https://xeno-canto.org/1094466/download,test
1094466,Pacific Wren,6,https://xeno-canto.org/1094466/download,test
1094466,Pacific Wren,7,https://xeno-canto.org/1094466/download,test
1094466,Pacific Wren,8,https://xeno-canto.org/1094466/download,test
1094466,Pacific Wren,9,https://xeno-canto.org/1094466/download,test
1094466,Pacific Wren,10,https://xeno-canto.org/1094466/download,test
1094466,Pacific Wren,11,https://xeno-canto.org/1094466/download,test
1094466,Pacific Wren,12,https://xeno-canto.org/1094466/download,test
1094466,Pacific Wren,13,https://xeno-canto.org/1094466/download,test
1094466,Pacific Wren,14,https://xeno-canto.org/1094466/download,test
1094465,Pacific Wren,0,https://xeno-canto.org/1094465/download,test
1094465,Pacific Wren,1,https://xeno-canto.org/1094465/download,test
1094465,Pacific Wren,2,https://xeno-canto.org/1094465/download,test
1094465,Pacific Wren,3,https://xeno-canto.org/1094465/download,test
1094465,Pacific Wren,4,https://xeno-canto.org/1094465/download,test
1094465,Pacific Wren,5,https://xeno-canto.org/1094465/download,test
1094465,Pacific Wren,6,https://xeno-canto.org/1094465/download,test
1094465,Pacific Wren,7,https://xeno-canto.org/1094465/download,test
1094465,Pacific Wren,8,https://xeno-canto.org/1094465/download,test
1094465,Pacific Wren,9,https://xeno-canto.org/1094465/download,test
1094465,Pacific Wren,10,https://xeno-canto.org/1094465/download,test
1094465,Pacific Wren,11,https://xeno-canto.org/1094465/download,test
1094465,Pacific Wren,12,https://xeno-canto.org/1094465/download,test
1094465,Pacific Wren,13,https://xeno-canto.org/1094465/download,test
1094465,Pacific Wren,14,https://xeno-canto.org/1094465/download,test
1094464,Pacific Wren,0,https://xeno-canto.org/1094464/download,train
1094464,Pacific Wren,1,https://xeno-canto.org/1094464/download,train
1094464,Pacific Wren,2,https://xeno-canto.org/1094464/download,train
1094464,Pacific Wren,3,https://xeno-canto.org/1094464/download,train
1094464,Pacific Wren,4,https://xeno-canto.org/1094464/download,train
1094464,Pacific Wren,5,https://xeno-canto.org/1094464/download,train
1094464,Pacific Wren,6,https://xeno-canto.org/1094464/download,train
1094464,Pacific Wren,7,https://xeno-canto.org/1094464/download,train
1094464,Pacific Wren,8,https://xeno-canto.org/1094464/download,train
1094464,Pacific Wren,9,https://xeno-canto.org/1094464/download,train
1094464,Pacific Wren,10,https://xeno-canto.org/1094464/download,train
1094464,Pacific Wren,11,https://xeno-canto.org/1094464/download,train
1094464,Pacific Wren,12,https://xeno-canto.org/1094464/download,train
1094464,Pacific Wren,13,https://xeno-canto.org/1094464/download,train
1094464,Pacific Wren,14,https://xeno-canto.org/1094464/download,train
1094463,Pacific Wren,0,https://xeno-canto.org/1094463/download,train
1094463,Pacific Wren,1,https://xeno-canto.org/1094463/download,train
1094463,Pacific Wren,2,https://xeno-canto.org/1094463/download,train
1094463,Pacific Wren,3,https://xeno-canto.org/1094463/download,train
1094463,Pacific Wren,4,https://xeno-canto.org/1094463/download,train
1094463,Pacific Wren,5,https://xeno-canto.org/1094463/download,train
1094463,Pacific Wren,6,https://xeno-canto.org/1094463/download,train
1094463,Pacific Wren,7,https://xeno-canto.org/1094463/download,train
1094463,Pacific Wren,8,https://xeno-canto.org/1094463/download,train
1094463,Pacific Wren,9,https://xeno-canto.org/1094463/download,train
1094463,Pacific Wren,10,https://xeno-canto.org/1094463/download,train
1094463,Pacific Wren,11,https://xeno-canto.org/1094463/download,train
1094463,Pacific Wren,12,https://xeno-canto.org/1094463/download,train
1094463,Pacific Wren,13,https://xeno-canto.org/1094463/download,train
1094463,Pacific Wren,14,https://xeno-canto.org/1094463/download,train
1090318,Pacific Wren,0,https://xeno-canto.org/1090318/download,train
1090318,Pacific Wren,1,https://xeno-canto.org/1090318/download,train
1090318,Pacific Wren,2,https://xeno-canto.org/1090318/download,train
1090318,Pacific Wren,3,https://xeno-canto.org/1090318/download,train
1090318,Pacific Wren,4,https://xeno-canto.org/1090318/download,train
1090318,Pacific Wren,5,https://xeno-canto.org/1090318/download,train
1090318,Pacific Wren,6,https://xeno-canto.org/1090318/download,train
1090318,Pacific Wren,7,https://xeno-canto.org/1090318/download,train
1090318,Pacific Wren,8,https://xeno-canto.org/1090318/download,train
1090318,Pacific Wren,9,https://xeno-canto.org/1090318/download,train
1090318,Pacific Wren,10,https://xeno-canto.org/1090318/download,train
1090318,Pacific Wren,11,https://xeno-canto.org/1090318/download,train
1090318,Pacific Wren,12,https://xeno-canto.org/1090318/download,train
1090318,Pacific Wren,13,https://xeno-canto.org/1090318/download,train
1090318,Pacific Wren,14,https://xeno-canto.org/1090318/download,train
1085321,Pacific Wren,0,https://xeno-canto.org/1085321/download,test
1085321,Pacific Wren,1,https://xeno-canto.org/1085321/download,test
1085321,Pacific Wren,2,https://xeno-canto.org/1085321/download,test
1085321,Pacific Wren,3,https://xeno-canto.org/1085321/download,test
1085321,Pacific Wren,4,https://xeno-canto.org/1085321/download,test
1085321,Pacific Wren,5,https://xeno-canto.org/1085321/download,test
1085321,Pacific Wren,6,https://xeno-canto.org/1085321/download,test
1085321,Pacific Wren,7,https://xeno-canto.org/1085321/download,test
1085321,Pacific Wren,8,https://xeno-canto.org/1085321/download,test
1085321,Pacific Wren,9,https://xeno-canto.org/1085321/download,test
1085321,Pacific Wren,10,https://xeno-canto.org/1085321/download,test
1085321,Pacific Wren,11,https://xeno-canto.org/1085321/download,test
1085321,Pacific Wren,12,https://xeno-canto.org/1085321/download,test
1085321,Pacific Wren,13,https://xeno-canto.org/1085321/download,test
1085321,Pacific Wren,14,https://xeno-canto.org/1085321/download,test
1083198,Pacific Wren,0,https://xeno-canto.org/1083198/download,train
1083198,Pacific Wren,1,https://xeno-canto.org/1083198/download,train
1083198,Pacific Wren,2,https://xeno-canto.org/1083198/download,train
1083198,Pacific Wren,3,https://xeno-canto.org/1083198/download,train
1083198,Pacific Wren,4,https://xeno-canto.org/1083198/download,train
1083198,Pacific Wren,5,https://xeno-canto.org/1083198/download,train
1083198,Pacific Wren,6,https://xeno-canto.org/1083198/download,train
1083198,Pacific Wren,7,https://xeno-canto.org/1083198/download,train
1083198,Pacific Wren,8,https://xeno-canto.org/1083198/download,train
1083198,Pacific Wren,9,https://xeno-canto.org/1083198/download,train
1083198,Pacific Wren,10,https://xeno-canto.org/1083198/download,train
1083198,Pacific Wren,11,https://xeno-canto.org/1083198/download,train
1083198,Pacific Wren,12,https://xeno-canto.org/1083198/download,train
1083198,Pacific Wren,13,https://xeno-canto.org/1083198/download,train
1083198,Pacific Wren,14,https://xeno-canto.org/1083198/download,train
1080242,Pacific Wren,0,https://xeno-canto.org/1080242/download,train
1080242,Pacific Wren,1,https://xeno-canto.org/1080242/download,train
1080242,Pacific Wren,2,https://xeno-canto.org/1080242/download,train
1080242,Pacific Wren,3,https://xeno-canto.org/1080242/download,train
1080242,Pacific Wren,4,https://xeno-canto.org/1080242/download,train
1080242,Pacific Wren,5,https://xeno-canto.org/1080242/download,train
1080242,Pacific Wren,6,https://xeno-canto.org/1080242/download,train
1080242,Pacific Wren,7,https://xeno-canto.org/1080242/download,train
1080242,Pacific Wren,8,https://xeno-canto.org/1080242/download,train
1080242,Pacific Wren,9,https://xeno-canto.org/1080242/download,train
1080242,Pacific Wren,10,https://xeno-canto.org/1080242/download,train
1080242,Pacific Wren,11,https://xeno-canto.org/1080242/download,train
1080242,Pacific Wren,12,https://xeno-canto.org/1080242/download,train
1073385,Pacific Wren,0,https://xeno-canto.org/1073385/download,test
1073385,Pacific Wren,1,https://xeno-canto.org/1073385/download,test
1073385,Pacific Wren,2,https://xeno-canto.org/1073385/download,test
1073385,Pacific Wren,3,https://xeno-canto.org/1073385/download,test
1073385,Pacific Wren,4,https://xeno-canto.org/1073385/download,test
1073385,Pacific Wren,5,https://xeno-canto.org/1073385/download,test
1073385,Pacific Wren,6,https://xeno-canto.org/1073385/download,test
1073385,Pacific Wren,7,https://xeno-canto.org/1073385/download,test
1073385,Pacific Wren,8,https://xeno-canto.org/1073385/download,test
1073385,Pacific Wren,9,https://xeno-canto.org/1073385/download,test
1073385,Pacific Wren,10,https://xeno-canto.org/1073385/download,test
1073385,Pacific Wren,11,https://xeno-canto.org/1073385/download,test
1073385,Pacific Wren,12,https://xeno-canto.org/1073385/download,test
1073385,Pacific Wren,13,https://xeno-canto.org/1073385/download,test
1073385,Pacific Wren,14,https://xeno-canto.org/1073385/download,test
1060042,Pacific Wren,0,https://xeno-canto.org/1060042/download,train
1060042,Pacific Wren,1,https://xeno-canto.org/1060042/download,train
1060042,Pacific Wren,2,https://xeno-canto.org/1060042/download,train
1060042,Pacific Wren,3,https://xeno-canto.org/1060042/download,train
1060042,Pacific Wren,4,https://xeno-canto.org/1060042/download,train
1060042,Pacific Wren,5,https://xeno-canto.org/1060042/download,train
1060042,Pacific Wren,6,https://xeno-canto.org/1060042/download,train
1060042,Pacific Wren,7,https://xeno-canto.org/1060042/download,train
1060042,Pacific Wren,8,https://xeno-canto.org/1060042/download,train
1060042,Pacific Wren,9,https://xeno-canto.org/1060042/download,train
1060042,Pacific Wren,10,https://xeno-canto.org/1060042/download,train
1060042,Pacific Wren,11,https://xeno-canto.org/1060042/download,train
1060042,Pacific Wren,12,https://xeno-canto.org/1060042/download,train
1060042,Pacific Wren,13,https://xeno-canto.org/1060042/download,train
1060042,Pacific Wren,14,https://xeno-canto.org/1060042/download,train
1051517,Pacific Wren,0,https://xeno-canto.org/1051517/download,train
1051517,Pacific Wren,1,https://xeno-canto.org/1051517/download,train
1051517,Pacific Wren,2,https://xeno-canto.org/1051517/download,train
1051517,Pacific Wren,3,https://xeno-canto.org/1051517/download,train
1051517,Pacific Wren,4,https://xeno-canto.org/1051517/download,train
1051517,Pacific Wren,5,https://xeno-canto.org/1051517/download,train
1051517,Pacific Wren,6,https://xeno-canto.org/1051517/download,train
1051517,Pacific Wren,7,https://xeno-canto.org/1051517/download,train
1051517,Pacific Wren,8,https://xeno-canto.org/1051517/download,train
1051517,Pacific Wren,9,https://xeno-canto.org/1051517/download,train
1051517,Pacific Wren,10,https://xeno-canto.org/1051517/download,train
1051517,Pacific Wren,11,https://xeno-canto.org/1051517/download,train
1051517,Pacific Wren,12,https://xeno-canto.org/1051517/download,train
1051517,Pacific Wren,13,https://xeno-canto.org/1051517/download,train
1051517,Pacific Wren,14,https://xeno-canto.org/1051517/download,train
1049703,Pacific Wren,0,https://xeno-canto.org/1049703/download,train
1049703,Pacific Wren,1,https://xeno-canto.org/1049703/download,train
1049703,Pacific Wren,2,https://xeno-canto.org/1049703/download,train
1049703,Pacific Wren,3,https://xeno-canto.org/1049703/download,train
1049703,Pacific Wren,4,https://xeno-canto.org/1049703/download,train
1049703,Pacific Wren,5,https://xeno-canto.org/1049703/download,train
1049703,Pacific Wren,6,https://xeno-canto.org/1049703/download,train
1049703,Pacific Wren,7,https://xeno-canto.org/1049703/download,train
1049703,Pacific Wren,8,https://xeno-canto.org/1049703/download,train
1049703,Pacific Wren,9,https://xeno-canto.org/1049703/download,train
1049703,Pacific Wren,10,https://xeno-canto.org/1049703/download,train
1049703,Pacific Wren,11,https://xeno-canto.org/1049703/download,train
1049703,Pacific Wren,12,https://xeno-canto.org/1049703/download,train
1049703,Pacific Wren,13,https://xeno-canto.org/1049703/download,train
1049703,Pacific Wren,14,https://xeno-canto.org/1049703/download,train
1048430,Pacific Wren,0,https://xeno-canto.org/1048430/download,train
1048430,Pacific Wren,1,https://xeno-canto.org/1048430/download,train
1048430,Pacific Wren,2,https://xeno-canto.org/1048430/download,train
1048430,Pacific Wren,3,https://xeno-canto.org/1048430/download,train
1048430,Pacific Wren,4,https://xeno-canto.org/1048430/download,train
1048430,Pacific Wren,5,https://xeno-canto.org/1048430/download,train
1048430,Pacific Wren,6,https://xeno-canto.org/1048430/download,train
1048430,Pacific Wren,7,https://xeno-canto.org/1048430/download,train
1048430,Pacific Wren,8,https://xeno-canto.org/1048430/download,train
1047661,Pacific Wren,0,https://xeno-canto.org/1047661/download,val
1047661,Pacific Wren,1,https://xeno-canto.org/1047661/download,val
1047661,Pacific Wren,2,https://xeno-canto.org/1047661/download,val
1047661,Pacific Wren,3,https://xeno-canto.org/1047661/download,val
1047661,Pacific Wren,4,https://xeno-canto.org/1047661/download,val
1047661,Pacific Wren,5,https://xeno-canto.org/1047661/download,val
1047661,Pacific Wren,6,https://xeno-canto.org/1047661/download,val
1047661,Pacific Wren,7,https://xeno-canto.org/1047661/download,val
1047661,Pacific Wren,8,https://xeno-canto.org/1047661/download,val
1047661,Pacific Wren,9,https://xeno-canto.org/1047661/download,val
1047661,Pacific Wren,10,https://xeno-canto.org/1047661/download,val
1047661,Pacific Wren,11,https://xeno-canto.org/1047661/download,val
1047661,Pacific Wren,12,https://xeno-canto.org/1047661/download,val
1047661,Pacific Wren,13,https://xeno-canto.org/1047661/download,val
1047661,Pacific Wren,14,https://xeno-canto.org/1047661/download,val
1045832,Pacific Wren,0,https://xeno-canto.org/1045832/download,train
1045832,Pacific Wren,1,https://xeno-canto.org/1045832/download,train
1045832,Pacific Wren,2,https://xeno-canto.org/1045832/download,train
1045832,Pacific Wren,3,https://xeno-canto.org/1045832/download,train
1045832,Pacific Wren,4,https://xeno-canto.org/1045832/download,train
1045832,Pacific Wren,5,https://xeno-canto.org/1045832/download,train
1045832,Pacific Wren,6,https://xeno-canto.org/1045832/download,train
1045832,Pacific Wren,7,https://xeno-canto.org/1045832/download,train
1045832,Pacific Wren,8,https://xeno-canto.org/1045832/download,train
1045832,Pacific Wren,9,https://xeno-canto.org/1045832/download,train
1045832,Pacific Wren,10,https://xeno-canto.org/1045832/download,train
1045832,Pacific Wren,11,https://xeno-canto.org/1045832/download,train
1045832,Pacific Wren,12,https://xeno-canto.org/1045832/download,train
1045832,Pacific Wren,13,https://xeno-canto.org/1045832/download,train
1045832,Pacific Wren,14,https://xeno-canto.org/1045832/download,train
1045446,Pacific Wren,0,https://xeno-canto.org/1045446/download,train
1045446,Pacific Wren,1,https://xeno-canto.org/1045446/download,train
1045446,Pacific Wren,2,https://xeno-canto.org/1045446/download,train
1045446,Pacific Wren,3,https://xeno-canto.org/1045446/download,train
1045446,Pacific Wren,4,https://xeno-canto.org/1045446/download,train
1045446,Pacific Wren,5,https://xeno-canto.org/1045446/download,train
1045446,Pacific Wren,6,https://xeno-canto.org/1045446/download,train
1045446,Pacific Wren,7,https://xeno-canto.org/1045446/download,train
1045446,Pacific Wren,8,https://xeno-canto.org/1045446/download,train
1045446,Pacific Wren,9,https://xeno-canto.org/1045446/download,train
1045446,Pacific Wren,10,https://xeno-canto.org/1045446/download,train
1045446,Pacific Wren,11,https://xeno-canto.org/1045446/download,train
1045446,Pacific Wren,12,https://xeno-canto.org/1045446/download,train
1045446,Pacific Wren,13,https://xeno-canto.org/1045446/download,train
1045446,Pacific Wren,14,https://xeno-canto.org/1045446/download,train
1045441,Pacific Wren,0,https://xeno-canto.org/1045441/download,train
1045441,Pacific Wren,1,https://xeno-canto.org/1045441/download,train
1045441,Pacific Wren,2,https://xeno-canto.org/1045441/download,train
1045441,Pacific Wren,3,https://xeno-canto.org/1045441/download,train
1045441,Pacific Wren,4,https://xeno-canto.org/1045441/download,train
1045441,Pacific Wren,5,https://xeno-canto.org/1045441/download,train
1045441,Pacific Wren,6,https://xeno-canto.org/1045441/download,train
1045441,Pacific Wren,7,https://xeno-canto.org/1045441/download,train
1045441,Pacific Wren,8,https://xeno-canto.org/1045441/download,train
1045441,Pacific Wren,9,https://xeno-canto.org/1045441/download,train
1045441,Pacific Wren,10,https://xeno-canto.org/1045441/download,train
1045441,Pacific Wren,11,https://xeno-canto.org/1045441/download,train
1045441,Pacific Wren,12,https://xeno-canto.org/1045441/download,train
1045441,Pacific Wren,13,https://xeno-canto.org/1045441/download,train
1045441,Pacific Wren,14,https://xeno-canto.org/1045441/download,train
1043795,Pacific Wren,0,https://xeno-canto.org/1043795/download,train
1043795,Pacific Wren,1,https://xeno-canto.org/1043795/download,train
1043795,Pacific Wren,2,https://xeno-canto.org/1043795/download,train
1043795,Pacific Wren,3,https://xeno-canto.org/1043795/download,train
1043795,Pacific Wren,4,https://xeno-canto.org/1043795/download,train
1043795,Pacific Wren,5,https://xeno-canto.org/1043795/download,train
1043795,Pacific Wren,6,https://xeno-canto.org/1043795/download,train
1043795,Pacific Wren,7,https://xeno-canto.org/1043795/download,train
1043795,Pacific Wren,8,https://xeno-canto.org/1043795/download,train
1043795,Pacific Wren,9,https://xeno-canto.org/1043795/download,train
1043795,Pacific Wren,10,https://xeno-canto.org/1043795/download,train
1043795,Pacific Wren,11,https://xeno-canto.org/1043795/download,train
1043795,Pacific Wren,12,https://xeno-canto.org/1043795/download,train
1043795,Pacific Wren,13,https://xeno-canto.org/1043795/download,train
1043795,Pacific Wren,14,https://xeno-canto.org/1043795/download,train
1036594,Pacific Wren,0,https://xeno-canto.org/1036594/download,train
1036594,Pacific Wren,1,https://xeno-canto.org/1036594/download,train
1036594,Pacific Wren,2,https://xeno-canto.org/1036594/download,train
1036594,Pacific Wren,3,https://xeno-canto.org/1036594/download,train
1036594,Pacific Wren,4,https://xeno-canto.org/1036594/download,train
1036594,Pacific Wren,5,https://xeno-canto.org/1036594/download,train
1036594,Pacific Wren,6,https://xeno-canto.org/1036594/download,train
1036594,Pacific Wren,7,https://xeno-canto.org/1036594/download,train
1036594,Pacific Wren,8,https://xeno-canto.org/1036594/download,train
1036594,Pacific Wren,9,https://xeno-canto.org/1036594/download,train
1036594,Pacific Wren,10,https://xeno-canto.org/1036594/download,train
1036594,Pacific Wren,11,https://xeno-canto.org/1036594/download,train
1036594,Pacific Wren,12,https://xeno-canto.org/1036594/download,train
1036594,Pacific Wren,13,https://xeno-canto.org/1036594/download,train
1036594,Pacific Wren,14,https://xeno-canto.org/1036594/download,train
1018064,Pacific Wren,0,https://xeno-canto.org/1018064/download,train
1018064,Pacific Wren,1,https://xeno-canto.org/1018064/download,train
1018064,Pacific Wren,2,https://xeno-canto.org/1018064/download,train
1018064,Pacific Wren,3,https://xeno-canto.org/1018064/download,train
1018064,Pacific Wren,4,https://xeno-canto.org/1018064/download,train
1018064,Pacific Wren,5,https://xeno-canto.org/1018064/download,train
1018064,Pacific Wren,6,https://xeno-canto.org/1018064/download,train
1018064,Pacific Wren,7,https://xeno-canto.org/1018064/download,train
1018064,Pacific Wren,8,https://xeno-canto.org/1018064/download,train
1018064,Pacific Wren,9,https://xeno-canto.org/1018064/download,train
1018064,Pacific Wren,10,https://xeno-canto.org/1018064/download,train
1018064,Pacific Wren,11,https://xeno-canto.org/1018064/download,train
1018064,Pacific Wren,12,https://xeno-canto.org/1018064/download,train
1018064,Pacific Wren,13,https://xeno-canto.org/1018064/download,train
1018064,Pacific Wren,14,https://xeno-canto.org/1018064/download,train
980331,Pacific Wren,0,https://xeno-canto.org/980331/download,val
980331,Pacific Wren,1,https://xeno-canto.org/980331/download,val
980331,Pacific Wren,2,https://xeno-canto.org/980331/download,val
980331,Pacific Wren,3,https://xeno-canto.org/980331/download,val
980331,Pacific Wren,4,https://xeno-canto.org/980331/download,val
980331,Pacific Wren,5,https://xeno-canto.org/980331/download,val
980331,Pacific Wren,6,https://xeno-canto.org/980331/download,val
980331,Pacific Wren,7,https://xeno-canto.org/980331/download,val
980331,Pacific Wren,8,https://xeno-canto.org/980331/download,val
980331,Pacific Wren,9,https://xeno-canto.org/980331/download,val
980331,Pacific Wren,10,https://xeno-canto.org/980331/download,val
980331,Pacific Wren,11,https://xeno-canto.org/980331/download,val
980331,Pacific Wren,12,https://xeno-canto.org/980331/download,val
980331,Pacific Wren,13,https://xeno-canto.org/980331/download,val
980331,Pacific Wren,14,https://xeno-canto.org/980331/download,val
963141,Pacific Wren,0,https://xeno-canto.org/963141/download,train
963141,Pacific Wren,1,https://xeno-canto.org/963141/download,train
963141,Pacific Wren,2,https://xeno-canto.org/963141/download,train
963141,Pacific Wren,3,https://xeno-canto.org/963141/download,train
963141,Pacific Wren,4,https://xeno-canto.org/963141/download,train
963141,Pacific Wren,5,https://xeno-canto.org/963141/download,train
963141,Pacific Wren,6,https://xeno-canto.org/963141/download,train
963141,Pacific Wren,7,https://xeno-canto.org/963141/download,train
963141,Pacific Wren,8,https://xeno-canto.org/963141/download,train
963141,Pacific Wren,9,https://xeno-canto.org/963141/download,train
963141,Pacific Wren,10,https://xeno-canto.org/963141/download,train
963141,Pacific Wren,11,https://xeno-canto.org/963141/download,train
963141,Pacific Wren,12,https://xeno-canto.org/963141/download,train
963141,Pacific Wren,13,https://xeno-canto.org/963141/download,train
963141,Pacific Wren,14,https://xeno-canto.org/963141/download,train
782482,Pacific Wren,0,https://xeno-canto.org/782482/download,train
782482,Pacific Wren,1,https://xeno-canto.org/782482/download,train
782482,Pacific Wren,2,https://xeno-canto.org/782482/download,train
782482,Pacific Wren,3,https://xeno-canto.org/782482/download,train
782482,Pacific Wren,4,https://xeno-canto.org/782482/download,train
782482,Pacific Wren,5,https://xeno-canto.org/782482/download,train
782482,Pacific Wren,6,https://xeno-canto.org/782482/download,train
782482,Pacific Wren,7,https://xeno-canto.org/782482/download,train
782482,Pacific Wren,8,https://xeno-canto.org/782482/download,train
782482,Pacific Wren,9,https://xeno-canto.org/782482/download,train
782482,Pacific Wren,10,https://xeno-canto.org/782482/download,train
782482,Pacific Wren,11,https://xeno-canto.org/782482/download,train
782482,Pacific Wren,12,https://xeno-canto.org/782482/download,train
782482,Pacific Wren,13,https://xeno-canto.org/782482/download,train
782482,Pacific Wren,14,https://xeno-canto.org/782482/download,train
782448,Pacific Wren,0,https://xeno-canto.org/782448/download,test
782448,Pacific Wren,1,https://xeno-canto.org/782448/download,test
782448,Pacific Wren,2,https://xeno-canto.org/782448/download,test
782448,Pacific Wren,3,https://xeno-canto.org/782448/download,test
782448,Pacific Wren,4,https://xeno-canto.org/782448/download,test
782448,Pacific Wren,5,https://xeno-canto.org/782448/download,test
782448,Pacific Wren,6,https://xeno-canto.org/782448/download,test
749024,Pacific Wren,0,https://xeno-canto.org/749024/download,val
749024,Pacific Wren,1,https://xeno-canto.org/749024/download,val
749024,Pacific Wren,2,https://xeno-canto.org/749024/download,val
749024,Pacific Wren,3,https://xeno-canto.org/749024/download,val
749024,Pacific Wren,4,https://xeno-canto.org/749024/download,val
749024,Pacific Wren,5,https://xeno-canto.org/749024/download,val
749024,Pacific Wren,6,https://xeno-canto.org/749024/download,val
749024,Pacific Wren,7,https://xeno-canto.org/749024/download,val
749024,Pacific Wren,8,https://xeno-canto.org/749024/download,val
749024,Pacific Wren,9,https://xeno-canto.org/749024/download,val
749024,Pacific Wren,10,https://xeno-canto.org/749024/download,val
749024,Pacific Wren,11,https://xeno-canto.org/749024/download,val
749024,Pacific Wren,12,https://xeno-canto.org/749024/download,val
749024,Pacific Wren,13,https://xeno-canto.org/749024/download,val
749024,Pacific Wren,14,https://xeno-canto.org/749024/download,val
729504,Pacific Wren,0,https://xeno-canto.org/729504/download,train
729504,Pacific Wren,1,https://xeno-canto.org/729504/download,train
729504,Pacific Wren,2,https://xeno-canto.org/729504/download,train
729504,Pacific Wren,3,https://xeno-canto.org/729504/download,train
729504,Pacific Wren,4,https://xeno-canto.org/729504/download,train
729504,Pacific Wren,5,https://xeno-canto.org/729504/download,train
729504,Pacific Wren,6,https://xeno-canto.org/729504/download,train
729504,Pacific Wren,7,https://xeno-canto.org/729504/download,train
729504,Pacific Wren,8,https://xeno-canto.org/729504/download,train
729504,Pacific Wren,9,https://xeno-canto.org/729504/download,train
729504,Pacific Wren,10,https://xeno-canto.org/729504/download,train
729504,Pacific Wren,11,https://xeno-canto.org/729504/download,train
729504,Pacific Wren,12,https://xeno-canto.org/729504/download,train
729504,Pacific Wren,13,https://xeno-canto.org/729504/download,train
729504,Pacific Wren,14,https://xeno-canto.org/729504/download,train
706924,Pacific Wren,0,https://xeno-canto.org/706924/download,train
706924,Pacific Wren,1,https://xeno-canto.org/706924/download,train
706924,Pacific Wren,2,https://xeno-canto.org/706924/download,train
706924,Pacific Wren,3,https://xeno-canto.org/706924/download,train
706924,Pacific Wren,4,https://xeno-canto.org/706924/download,train
706924,Pacific Wren,5,https://xeno-canto.org/706924/download,train
706924,Pacific Wren,6,https://xeno-canto.org/706924/download,train
706924,Pacific Wren,7,https://xeno-canto.org/706924/download,train
706924,Pacific Wren,8,https://xeno-canto.org/706924/download,train
706924,Pacific Wren,9,https://xeno-canto.org/706924/download,train
706924,Pacific Wren,10,https://xeno-canto.org/706924/download,train
706924,Pacific Wren,11,https://xeno-canto.org/706924/download,train
706924,Pacific Wren,12,https://xeno-canto.org/706924/download,train
706924,Pacific Wren,13,https://xeno-canto.org/706924/download,train
706924,Pacific Wren,14,https://xeno-canto.org/706924/download,train
706135,Pacific Wren,0,https://xeno-canto.org/706135/download,train
706135,Pacific Wren,1,https://xeno-canto.org/706135/download,train
706135,Pacific Wren,2,https://xeno-canto.org/706135/download,train
706135,Pacific Wren,3,https://xeno-canto.org/706135/download,train
706135,Pacific Wren,4,https://xeno-canto.org/706135/download,train
706135,Pacific Wren,5,https://xeno-canto.org/706135/download,train
706135,Pacific Wren,6,https://xeno-canto.org/706135/download,train
706135,Pacific Wren,7,https://xeno-canto.org/706135/download,train
706135,Pacific Wren,8,https://xeno-canto.org/706135/download,train
706135,Pacific Wren,9,https://xeno-canto.org/706135/download,train
706135,Pacific Wren,10,https://xeno-canto.org/706135/download,train
706135,Pacific Wren,11,https://xeno-canto.org/706135/download,train
706135,Pacific Wren,12,https://xeno-canto.org/706135/download,train
1089801,House Finch,0,https://xeno-canto.org/1089801/download,train
1089801,House Finch,1,https://xeno-canto.org/1089801/download,train
1089801,House Finch,2,https://xeno-canto.org/1089801/download,train
1089801,House Finch,3,https://xeno-canto.org/1089801/download,train
1089801,House Finch,4,https://xeno-canto.org/1089801/download,train
1089801,House Finch,5,https://xeno-canto.org/1089801/download,train
1089801,House Finch,6,https://xeno-canto.org/1089801/download,train
1089801,House Finch,7,https://xeno-canto.org/1089801/download,train
1089801,House Finch,8,https://xeno-canto.org/1089801/download,train
1089801,House Finch,9,https://xeno-canto.org/1089801/download,train
1089801,House Finch,10,https://xeno-canto.org/1089801/download,train
1089801,House Finch,11,https://xeno-canto.org/1089801/download,train
1089801,House Finch,12,https://xeno-canto.org/1089801/download,train
1089801,House Finch,13,https://xeno-canto.org/1089801/download,train
1089801,House Finch,14,https://xeno-canto.org/1089801/download,train
1014379,House Finch,0,https://xeno-canto.org/1014379/download,train
1014379,House Finch,1,https://xeno-canto.org/1014379/download,train
1014379,House Finch,2,https://xeno-canto.org/1014379/download,train
1014379,House Finch,3,https://xeno-canto.org/1014379/download,train
1014379,House Finch,4,https://xeno-canto.org/1014379/download,train
1014379,House Finch,5,https://xeno-canto.org/1014379/download,train
1014379,House Finch,6,https://xeno-canto.org/1014379/download,train
1014379,House Finch,7,https://xeno-canto.org/1014379/download,train
941235,House Finch,0,https://xeno-canto.org/941235/download,val
941235,House Finch,1,https://xeno-canto.org/941235/download,val
941235,House Finch,2,https://xeno-canto.org/941235/download,val
941235,House Finch,3,https://xeno-canto.org/941235/download,val
941235,House Finch,4,https://xeno-canto.org/941235/download,val
941235,House Finch,5,https://xeno-canto.org/941235/download,val
941235,House Finch,6,https://xeno-canto.org/941235/download,val
941235,House Finch,7,https://xeno-canto.org/941235/download,val
941235,House Finch,8,https://xeno-canto.org/941235/download,val
941235,House Finch,9,https://xeno-canto.org/941235/download,val
941235,House Finch,10,https://xeno-canto.org/941235/download,val
941235,House Finch,11,https://xeno-canto.org/941235/download,val
941235,House Finch,12,https://xeno-canto.org/941235/download,val
941235,House Finch,13,https://xeno-canto.org/941235/download,val
941235,House Finch,14,https://xeno-canto.org/941235/download,val
941230,House Finch,0,https://xeno-canto.org/941230/download,train
941230,House Finch,1,https://xeno-canto.org/941230/download,train
941230,House Finch,2,https://xeno-canto.org/941230/download,train
941230,House Finch,3,https://xeno-canto.org/941230/download,train
941230,House Finch,4,https://xeno-canto.org/941230/download,train
941230,House Finch,5,https://xeno-canto.org/941230/download,train
941230,House Finch,6,https://xeno-canto.org/941230/download,train
941230,House Finch,7,https://xeno-canto.org/941230/download,train
941230,House Finch,8,https://xeno-canto.org/941230/download,train
941230,House Finch,9,https://xeno-canto.org/941230/download,train
941230,House Finch,10,https://xeno-canto.org/941230/download,train
941230,House Finch,11,https://xeno-canto.org/941230/download,train
941230,House Finch,12,https://xeno-canto.org/941230/download,train
941230,House Finch,13,https://xeno-canto.org/941230/download,train
941230,House Finch,14,https://xeno-canto.org/941230/download,train
924239,House Finch,0,https://xeno-canto.org/924239/download,train
924239,House Finch,1,https://xeno-canto.org/924239/download,train
924239,House Finch,2,https://xeno-canto.org/924239/download,train
924239,House Finch,3,https://xeno-canto.org/924239/download,train
924239,House Finch,4,https://xeno-canto.org/924239/download,train
924239,House Finch,5,https://xeno-canto.org/924239/download,train
924239,House Finch,6,https://xeno-canto.org/924239/download,train
924239,House Finch,7,https://xeno-canto.org/924239/download,train
924239,House Finch,8,https://xeno-canto.org/924239/download,train
924239,House Finch,9,https://xeno-canto.org/924239/download,train
924239,House Finch,10,https://xeno-canto.org/924239/download,train
924239,House Finch,11,https://xeno-canto.org/924239/download,train
906835,House Finch,0,https://xeno-canto.org/906835/download,test
906835,House Finch,1,https://xeno-canto.org/906835/download,test
906835,House Finch,2,https://xeno-canto.org/906835/download,test
906835,House Finch,3,https://xeno-canto.org/906835/download,test
906835,House Finch,4,https://xeno-canto.org/906835/download,test
906835,House Finch,5,https://xeno-canto.org/906835/download,test
900144,House Finch,0,https://xeno-canto.org/900144/download,train
900144,House Finch,1,https://xeno-canto.org/900144/download,train
900144,House Finch,2,https://xeno-canto.org/900144/download,train
900144,House Finch,3,https://xeno-canto.org/900144/download,train
900144,House Finch,4,https://xeno-canto.org/900144/download,train
900144,House Finch,5,https://xeno-canto.org/900144/download,train
900144,House Finch,6,https://xeno-canto.org/900144/download,train
900144,House Finch,7,https://xeno-canto.org/900144/download,train
900144,House Finch,8,https://xeno-canto.org/900144/download,train
900144,House Finch,9,https://xeno-canto.org/900144/download,train
900144,House Finch,10,https://xeno-canto.org/900144/download,train
900144,House Finch,11,https://xeno-canto.org/900144/download,train
900144,House Finch,12,https://xeno-canto.org/900144/download,train
900144,House Finch,13,https://xeno-canto.org/900144/download,train
900144,House Finch,14,https://xeno-canto.org/900144/download,train
900143,House Finch,0,https://xeno-canto.org/900143/download,test
900143,House Finch,1,https://xeno-canto.org/900143/download,test
900143,House Finch,2,https://xeno-canto.org/900143/download,test
900143,House Finch,3,https://xeno-canto.org/900143/download,test
900143,House Finch,4,https://xeno-canto.org/900143/download,test
900143,House Finch,5,https://xeno-canto.org/900143/download,test
900143,House Finch,6,https://xeno-canto.org/900143/download,test
900143,House Finch,7,https://xeno-canto.org/900143/download,test
900143,House Finch,8,https://xeno-canto.org/900143/download,test
900143,House Finch,9,https://xeno-canto.org/900143/download,test
900143,House Finch,10,https://xeno-canto.org/900143/download,test
900143,House Finch,11,https://xeno-canto.org/900143/download,test
900143,House Finch,12,https://xeno-canto.org/900143/download,test
900143,House Finch,13,https://xeno-canto.org/900143/download,test
900143,House Finch,14,https://xeno-canto.org/900143/download,test
900139,House Finch,0,https://xeno-canto.org/900139/download,val
900139,House Finch,1,https://xeno-canto.org/900139/download,val
900139,House Finch,2,https://xeno-canto.org/900139/download,val
900139,House Finch,3,https://xeno-canto.org/900139/download,val
900139,House Finch,4,https://xeno-canto.org/900139/download,val
900139,House Finch,5,https://xeno-canto.org/900139/download,val
900139,House Finch,6,https://xeno-canto.org/900139/download,val
900139,House Finch,7,https://xeno-canto.org/900139/download,val
900139,House Finch,8,https://xeno-canto.org/900139/download,val
900139,House Finch,9,https://xeno-canto.org/900139/download,val
900139,House Finch,10,https://xeno-canto.org/900139/download,val
900139,House Finch,11,https://xeno-canto.org/900139/download,val
900139,House Finch,12,https://xeno-canto.org/900139/download,val
900139,House Finch,13,https://xeno-canto.org/900139/download,val
900139,House Finch,14,https://xeno-canto.org/900139/download,val
900137,House Finch,0,https://xeno-canto.org/900137/download,val
900137,House Finch,1,https://xeno-canto.org/900137/download,val
900137,House Finch,2,https://xeno-canto.org/900137/download,val
900137,House Finch,3,https://xeno-canto.org/900137/download,val
900137,House Finch,4,https://xeno-canto.org/900137/download,val
900137,House Finch,5,https://xeno-canto.org/900137/download,val
900137,House Finch,6,https://xeno-canto.org/900137/download,val
900137,House Finch,7,https://xeno-canto.org/900137/download,val
900137,House Finch,8,https://xeno-canto.org/900137/download,val
900137,House Finch,9,https://xeno-canto.org/900137/download,val
900137,House Finch,10,https://xeno-canto.org/900137/download,val
900137,House Finch,11,https://xeno-canto.org/900137/download,val
900137,House Finch,12,https://xeno-canto.org/900137/download,val
900137,House Finch,13,https://xeno-canto.org/900137/download,val
900137,House Finch,14,https://xeno-canto.org/900137/download,val
899902,House Finch,0,https://xeno-canto.org/899902/download,train
899902,House Finch,1,https://xeno-canto.org/899902/download,train
899902,House Finch,2,https://xeno-canto.org/899902/download,train
899902,House Finch,3,https://xeno-canto.org/899902/download,train
899902,House Finch,4,https://xeno-canto.org/899902/download,train
899902,House Finch,5,https://xeno-canto.org/899902/download,train
899902,House Finch,6,https://xeno-canto.org/899902/download,train
899902,House Finch,7,https://xeno-canto.org/899902/download,train
899902,House Finch,8,https://xeno-canto.org/899902/download,train
899902,House Finch,9,https://xeno-canto.org/899902/download,train
899902,House Finch,10,https://xeno-canto.org/899902/download,train
899902,House Finch,11,https://xeno-canto.org/899902/download,train
899902,House Finch,12,https://xeno-canto.org/899902/download,train
899902,House Finch,13,https://xeno-canto.org/899902/download,train
899902,House Finch,14,https://xeno-canto.org/899902/download,train
898674,House Finch,0,https://xeno-canto.org/898674/download,train
898674,House Finch,1,https://xeno-canto.org/898674/download,train
898674,House Finch,2,https://xeno-canto.org/898674/download,train
898674,House Finch,3,https://xeno-canto.org/898674/download,train
898674,House Finch,4,https://xeno-canto.org/898674/download,train
898674,House Finch,5,https://xeno-canto.org/898674/download,train
898674,House Finch,6,https://xeno-canto.org/898674/download,train
898674,House Finch,7,https://xeno-canto.org/898674/download,train
898674,House Finch,8,https://xeno-canto.org/898674/download,train
898674,House Finch,9,https://xeno-canto.org/898674/download,train
898674,House Finch,10,https://xeno-canto.org/898674/download,train
898674,House Finch,11,https://xeno-canto.org/898674/download,train
898674,House Finch,12,https://xeno-canto.org/898674/download,train
898674,House Finch,13,https://xeno-canto.org/898674/download,train
898674,House Finch,14,https://xeno-canto.org/898674/download,train
879667,House Finch,0,https://xeno-canto.org/879667/download,train
879667,House Finch,1,https://xeno-canto.org/879667/download,train
879667,House Finch,2,https://xeno-canto.org/879667/download,train
879667,House Finch,3,https://xeno-canto.org/879667/download,train
879667,House Finch,4,https://xeno-canto.org/879667/download,train
879667,House Finch,5,https://xeno-canto.org/879667/download,train
879667,House Finch,6,https://xeno-canto.org/879667/download,train
879667,House Finch,7,https://xeno-canto.org/879667/download,train
879667,House Finch,8,https://xeno-canto.org/879667/download,train
879667,House Finch,9,https://xeno-canto.org/879667/download,train
879667,House Finch,10,https://xeno-canto.org/879667/download,train
879667,House Finch,11,https://xeno-canto.org/879667/download,train
879667,House Finch,12,https://xeno-canto.org/879667/download,train
879667,House Finch,13,https://xeno-canto.org/879667/download,train
879667,House Finch,14,https://xeno-canto.org/879667/download,train
875451,House Finch,0,https://xeno-canto.org/875451/download,train
875451,House Finch,1,https://xeno-canto.org/875451/download,train
875451,House Finch,2,https://xeno-canto.org/875451/download,train
875451,House Finch,3,https://xeno-canto.org/875451/download,train
875451,House Finch,4,https://xeno-canto.org/875451/download,train
875451,House Finch,5,https://xeno-canto.org/875451/download,train
875451,House Finch,6,https://xeno-canto.org/875451/download,train
875451,House Finch,7,https://xeno-canto.org/875451/download,train
875451,House Finch,8,https://xeno-canto.org/875451/download,train
875451,House Finch,9,https://xeno-canto.org/875451/download,train
875451,House Finch,10,https://xeno-canto.org/875451/download,train
875451,House Finch,11,https://xeno-canto.org/875451/download,train
875451,House Finch,12,https://xeno-canto.org/875451/download,train
875451,House Finch,13,https://xeno-canto.org/875451/download,train
875451,House Finch,14,https://xeno-canto.org/875451/download,train
822629,House Finch,0,https://xeno-canto.org/822629/download,val
822629,House Finch,1,https://xeno-canto.org/822629/download,val
822629,House Finch,2,https://xeno-canto.org/822629/download,val
822629,House Finch,3,https://xeno-canto.org/822629/download,val
822629,House Finch,4,https://xeno-canto.org/822629/download,val
822629,House Finch,5,https://xeno-canto.org/822629/download,val
822629,House Finch,6,https://xeno-canto.org/822629/download,val
822629,House Finch,7,https://xeno-canto.org/822629/download,val
822629,House Finch,8,https://xeno-canto.org/822629/download,val
822629,House Finch,9,https://xeno-canto.org/822629/download,val
812729,House Finch,0,https://xeno-canto.org/812729/download,train
812729,House Finch,1,https://xeno-canto.org/812729/download,train
812729,House Finch,2,https://xeno-canto.org/812729/download,train
812729,House Finch,3,https://xeno-canto.org/812729/download,train
812729,House Finch,4,https://xeno-canto.org/812729/download,train
812729,House Finch,5,https://xeno-canto.org/812729/download,train
812729,House Finch,6,https://xeno-canto.org/812729/download,train
812729,House Finch,7,https://xeno-canto.org/812729/download,train
806343,House Finch,0,https://xeno-canto.org/806343/download,train
806343,House Finch,1,https://xeno-canto.org/806343/download,train
806343,House Finch,2,https://xeno-canto.org/806343/download,train
806343,House Finch,3,https://xeno-canto.org/806343/download,train
806343,House Finch,4,https://xeno-canto.org/806343/download,train
806343,House Finch,5,https://xeno-canto.org/806343/download,train
806343,House Finch,6,https://xeno-canto.org/806343/download,train
806343,House Finch,7,https://xeno-canto.org/806343/download,train
806343,House Finch,8,https://xeno-canto.org/806343/download,train
806343,House Finch,9,https://xeno-canto.org/806343/download,train
806343,House Finch,10,https://xeno-canto.org/806343/download,train
806343,House Finch,11,https://xeno-canto.org/806343/download,train
806343,House Finch,12,https://xeno-canto.org/806343/download,train
806343,House Finch,13,https://xeno-canto.org/806343/download,train
806343,House Finch,14,https://xeno-canto.org/806343/download,train
790022,House Finch,0,https://xeno-canto.org/790022/download,train
790022,House Finch,1,https://xeno-canto.org/790022/download,train
790022,House Finch,2,https://xeno-canto.org/790022/download,train
790022,House Finch,3,https://xeno-canto.org/790022/download,train
790022,House Finch,4,https://xeno-canto.org/790022/download,train
790022,House Finch,5,https://xeno-canto.org/790022/download,train
790022,House Finch,6,https://xeno-canto.org/790022/download,train
790022,House Finch,7,https://xeno-canto.org/790022/download,train
790022,House Finch,8,https://xeno-canto.org/790022/download,train
790022,House Finch,9,https://xeno-canto.org/790022/download,train
790022,House Finch,10,https://xeno-canto.org/790022/download,train
790022,House Finch,11,https://xeno-canto.org/790022/download,train
790022,House Finch,12,https://xeno-canto.org/790022/download,train
790022,House Finch,13,https://xeno-canto.org/790022/download,train
790022,House Finch,14,https://xeno-canto.org/790022/download,train
788775,House Finch,0,https://xeno-canto.org/788775/download,test
788775,House Finch,1,https://xeno-canto.org/788775/download,test
788775,House Finch,2,https://xeno-canto.org/788775/download,test
788775,House Finch,3,https://xeno-canto.org/788775/download,test
788775,House Finch,4,https://xeno-canto.org/788775/download,test
788775,House Finch,5,https://xeno-canto.org/788775/download,test
788775,House Finch,6,https://xeno-canto.org/788775/download,test
788775,House Finch,7,https://xeno-canto.org/788775/download,test
788775,House Finch,8,https://xeno-canto.org/788775/download,test
788775,House Finch,9,https://xeno-canto.org/788775/download,test
788775,House Finch,10,https://xeno-canto.org/788775/download,test
788775,House Finch,11,https://xeno-canto.org/788775/download,test
788775,House Finch,12,https://xeno-canto.org/788775/download,test
788775,House Finch,13,https://xeno-canto.org/788775/download,test
788775,House Finch,14,https://xeno-canto.org/788775/download,test
764681,House Finch,0,https://xeno-canto.org/764681/download,train
764681,House Finch,1,https://xeno-canto.org/764681/download,train
764681,House Finch,2,https://xeno-canto.org/764681/download,train
764681,House Finch,3,https://xeno-canto.org/764681/download,train
764681,House Finch,4,https://xeno-canto.org/764681/download,train
764681,House Finch,5,https://xeno-canto.org/764681/download,train
764681,House Finch,6,https://xeno-canto.org/764681/download,train
764681,House Finch,7,https://xeno-canto.org/764681/download,train
764681,House Finch,8,https://xeno-canto.org/764681/download,train
764681,House Finch,9,https://xeno-canto.org/764681/download,train
764681,House Finch,10,https://xeno-canto.org/764681/download,train
764681,House Finch,11,https://xeno-canto.org/764681/download,train
764681,House Finch,12,https://xeno-canto.org/764681/download,train
764681,House Finch,13,https://xeno-canto.org/764681/download,train
764681,House Finch,14,https://xeno-canto.org/764681/download,train
743810,House Finch,0,https://xeno-canto.org/743810/download,train
743810,House Finch,1,https://xeno-canto.org/743810/download,train
743810,House Finch,2,https://xeno-canto.org/743810/download,train
743810,House Finch,3,https://xeno-canto.org/743810/download,train
743810,House Finch,4,https://xeno-canto.org/743810/download,train
743810,House Finch,5,https://xeno-canto.org/743810/download,train
743810,House Finch,6,https://xeno-canto.org/743810/download,train
743810,House Finch,7,https://xeno-canto.org/743810/download,train
743810,House Finch,8,https://xeno-canto.org/743810/download,train
743810,House Finch,9,https://xeno-canto.org/743810/download,train
743810,House Finch,10,https://xeno-canto.org/743810/download,train
743810,House Finch,11,https://xeno-canto.org/743810/download,train
743810,House Finch,12,https://xeno-canto.org/743810/download,train
743810,House Finch,13,https://xeno-canto.org/743810/download,train
743810,House Finch,14,https://xeno-canto.org/743810/download,train
743188,House Finch,0,https://xeno-canto.org/743188/download,train
743188,House Finch,1,https://xeno-canto.org/743188/download,train
743188,House Finch,2,https://xeno-canto.org/743188/download,train
743188,House Finch,3,https://xeno-canto.org/743188/download,train
743188,House Finch,4,https://xeno-canto.org/743188/download,train
743188,House Finch,5,https://xeno-canto.org/743188/download,train
743188,House Finch,6,https://xeno-canto.org/743188/download,train
743188,House Finch,7,https://xeno-canto.org/743188/download,train
743188,House Finch,8,https://xeno-canto.org/743188/download,train
743188,House Finch,9,https://xeno-canto.org/743188/download,train
743188,House Finch,10,https://xeno-canto.org/743188/download,train
743188,House Finch,11,https://xeno-canto.org/743188/download,train
743188,House Finch,12,https://xeno-canto.org/743188/download,train
743188,House Finch,13,https://xeno-canto.org/743188/download,train
743188,House Finch,14,https://xeno-canto.org/743188/download,train
743185,House Finch,0,https://xeno-canto.org/743185/download,test
743185,House Finch,1,https://xeno-canto.org/743185/download,test
743185,House Finch,2,https://xeno-canto.org/743185/download,test
743185,House Finch,3,https://xeno-canto.org/743185/download,test
743185,House Finch,4,https://xeno-canto.org/743185/download,test
743185,House Finch,5,https://xeno-canto.org/743185/download,test
743185,House Finch,6,https://xeno-canto.org/743185/download,test
743185,House Finch,7,https://xeno-canto.org/743185/download,test
743185,House Finch,8,https://xeno-canto.org/743185/download,test
743185,House Finch,9,https://xeno-canto.org/743185/download,test
743185,House Finch,10,https://xeno-canto.org/743185/download,test
743185,House Finch,11,https://xeno-canto.org/743185/download,test
743185,House Finch,12,https://xeno-canto.org/743185/download,test
743185,House Finch,13,https://xeno-canto.org/743185/download,test
743185,House Finch,14,https://xeno-canto.org/743185/download,test
736268,House Finch,0,https://xeno-canto.org/736268/download,train
736268,House Finch,1,https://xeno-canto.org/736268/download,train
736268,House Finch,2,https://xeno-canto.org/736268/download,train
736268,House Finch,3,https://xeno-canto.org/736268/download,train
736268,House Finch,4,https://xeno-canto.org/736268/download,train
736268,House Finch,5,https://xeno-canto.org/736268/download,train
736268,House Finch,6,https://xeno-canto.org/736268/download,train
736268,House Finch,7,https://xeno-canto.org/736268/download,train
736268,House Finch,8,https://xeno-canto.org/736268/download,train
736268,House Finch,9,https://xeno-canto.org/736268/download,train
736268,House Finch,10,https://xeno-canto.org/736268/download,train
736268,House Finch,11,https://xeno-canto.org/736268/download,train
736268,House Finch,12,https://xeno-canto.org/736268/download,train
731970,House Finch,0,https://xeno-canto.org/731970/download,train
731970,House Finch,1,https://xeno-canto.org/731970/download,train
731970,House Finch,2,https://xeno-canto.org/731970/download,train
731970,House Finch,3,https://xeno-canto.org/731970/download,train
731970,House Finch,4,https://xeno-canto.org/731970/download,train
731970,House Finch,5,https://xeno-canto.org/731970/download,train
731970,House Finch,6,https://xeno-canto.org/731970/download,train
731970,House Finch,7,https://xeno-canto.org/731970/download,train
731970,House Finch,8,https://xeno-canto.org/731970/download,train
731970,House Finch,9,https://xeno-canto.org/731970/download,train
731970,House Finch,10,https://xeno-canto.org/731970/download,train
731970,House Finch,11,https://xeno-canto.org/731970/download,train
731970,House Finch,12,https://xeno-canto.org/731970/download,train
731970,House Finch,13,https://xeno-canto.org/731970/download,train
731970,House Finch,14,https://xeno-canto.org/731970/download,train
721569,House Finch,0,https://xeno-canto.org/721569/download,train
721569,House Finch,1,https://xeno-canto.org/721569/download,train
721569,House Finch,2,https://xeno-canto.org/721569/download,train
721569,House Finch,3,https://xeno-canto.org/721569/download,train
721569,House Finch,4,https://xeno-canto.org/721569/download,train
721569,House Finch,5,https://xeno-canto.org/721569/download,train
721569,House Finch,6,https://xeno-canto.org/721569/download,train
721569,House Finch,7,https://xeno-canto.org/721569/download,train
721569,House Finch,8,https://xeno-canto.org/721569/download,train
721569,House Finch,9,https://xeno-canto.org/721569/download,train
721569,House Finch,10,https://xeno-canto.org/721569/download,train
721569,House Finch,11,https://xeno-canto.org/721569/download,train
721569,House Finch,12,https://xeno-canto.org/721569/download,train
721569,House Finch,13,https://xeno-canto.org/721569/download,train
721569,House Finch,14,https://xeno-canto.org/721569/download,train
720339,House Finch,0,https://xeno-canto.org/720339/download,train
720339,House Finch,1,https://xeno-canto.org/720339/download,train
720339,House Finch,2,https://xeno-canto.org/720339/download,train
720339,House Finch,3,https://xeno-canto.org/720339/download,train
720339,House Finch,4,https://xeno-canto.org/720339/download,train
720339,House Finch,5,https://xeno-canto.org/720339/download,train
720339,House Finch,6,https://xeno-canto.org/720339/download,train
720339,House Finch,7,https://xeno-canto.org/720339/download,train
720339,House Finch,8,https://xeno-canto.org/720339/download,train
720339,House Finch,9,https://xeno-canto.org/720339/download,train
720339,House Finch,10,https://xeno-canto.org/720339/download,train
720339,House Finch,11,https://xeno-canto.org/720339/download,train
720339,House Finch,12,https://xeno-canto.org/720339/download,train
720339,House Finch,13,https://xeno-canto.org/720339/download,train
720339,House Finch,14,https://xeno-canto.org/720339/download,train
703917,House Finch,0,https://xeno-canto.org/703917/download,test
703917,House Finch,1,https://xeno-canto.org/703917/download,test
703917,House Finch,2,https://xeno-canto.org/703917/download,test
703917,House Finch,3,https://xeno-canto.org/703917/download,test
703917,House Finch,4,https://xeno-canto.org/703917/download,test
703917,House Finch,5,https://xeno-canto.org/703917/download,test
703917,House Finch,6,https://xeno-canto.org/703917/download,test
703917,House Finch,7,https://xeno-canto.org/703917/download,test
703917,House Finch,8,https://xeno-canto.org/703917/download,test
703917,House Finch,9,https://xeno-canto.org/703917/download,test
703917,House Finch,10,https://xeno-canto.org/703917/download,test
703917,House Finch,11,https://xeno-canto.org/703917/download,test
703917,House Finch,12,https://xeno-canto.org/703917/download,test
703917,House Finch,13,https://xeno-canto.org/703917/download,test
703917,House Finch,14,https://xeno-canto.org/703917/download,test
698317,House Finch,0,https://xeno-canto.org/698317/download,train
698317,House Finch,1,https://xeno-canto.org/698317/download,train
698317,House Finch,2,https://xeno-canto.org/698317/download,train
698317,House Finch,3,https://xeno-canto.org/698317/download,train
698317,House Finch,4,https://xeno-canto.org/698317/download,train
698317,House Finch,5,https://xeno-canto.org/698317/download,train
698317,House Finch,6,https://xeno-canto.org/698317/download,train
698317,House Finch,7,https://xeno-canto.org/698317/download,train
698317,House Finch,8,https://xeno-canto.org/698317/download,train
698317,House Finch,9,https://xeno-canto.org/698317/download,train
698317,House Finch,10,https://xeno-canto.org/698317/download,train
698317,House Finch,11,https://xeno-canto.org/698317/download,train
698317,House Finch,12,https://xeno-canto.org/698317/download,train
698317,House Finch,13,https://xeno-canto.org/698317/download,train
698317,House Finch,14,https://xeno-canto.org/698317/download,train
691600,House Finch,0,https://xeno-canto.org/691600/download,train
691600,House Finch,1,https://xeno-canto.org/691600/download,train
691600,House Finch,2,https://xeno-canto.org/691600/download,train
691600,House Finch,3,https://xeno-canto.org/691600/download,train
691600,House Finch,4,https://xeno-canto.org/691600/download,train
691600,House Finch,5,https://xeno-canto.org/691600/download,train
691600,House Finch,6,https://xeno-canto.org/691600/download,train
691600,House Finch,7,https://xeno-canto.org/691600/download,train
691600,House Finch,8,https://xeno-canto.org/691600/download,train
691600,House Finch,9,https://xeno-canto.org/691600/download,train
691600,House Finch,10,https://xeno-canto.org/691600/download,train
691600,House Finch,11,https://xeno-canto.org/691600/download,train
691600,House Finch,12,https://xeno-canto.org/691600/download,train
691600,House Finch,13,https://xeno-canto.org/691600/download,train
691600,House Finch,14,https://xeno-canto.org/691600/download,train
1139790,background,0,https://xeno-canto.org/1139790/download,train
1139790,background,1,https://xeno-canto.org/1139790/download,train
1139790,background,2,https://xeno-canto.org/1139790/download,train
1139790,background,3,https://xeno-canto.org/1139790/download,train
1139790,background,4,https://xeno-canto.org/1139790/download,train
1139790,background,5,https://xeno-canto.org/1139790/download,train
1139790,background,6,https://xeno-canto.org/1139790/download,train
1139790,background,7,https://xeno-canto.org/1139790/download,train
1139790,background,8,https://xeno-canto.org/1139790/download,train
1139790,background,9,https://xeno-canto.org/1139790/download,train
1139790,background,10,https://xeno-canto.org/1139790/download,train
1139790,background,11,https://xeno-canto.org/1139790/download,train
1139790,background,12,https://xeno-canto.org/1139790/download,train
1139790,background,13,https://xeno-canto.org/1139790/download,train
1139790,background,14,https://xeno-canto.org/1139790/download,train
1139789,background,0,https://xeno-canto.org/1139789/download,train
1139789,background,1,https://xeno-canto.org/1139789/download,train
1139789,background,2,https://xeno-canto.org/1139789/download,train
1139789,background,3,https://xeno-canto.org/1139789/download,train
1139789,background,4,https://xeno-canto.org/1139789/download,train
1139789,background,5,https://xeno-canto.org/1139789/download,train
1139789,background,6,https://xeno-canto.org/1139789/download,train
1139789,background,7,https://xeno-canto.org/1139789/download,train
1139789,background,8,https://xeno-canto.org/1139789/download,train
1139789,background,9,https://xeno-canto.org/1139789/download,train
1139789,background,10,https://xeno-canto.org/1139789/download,train
1139789,background,11,https://xeno-canto.org/1139789/download,train
1139789,background,12,https://xeno-canto.org/1139789/download,train
1139789,background,13,https://xeno-canto.org/1139789/download,train
1139789,background,14,https://xeno-canto.org/1139789/download,train
1139788,background,0,https://xeno-canto.org/1139788/download,train
1139788,background,1,https://xeno-canto.org/1139788/download,train
1139788,background,2,https://xeno-canto.org/1139788/download,train
1139788,background,3,https://xeno-canto.org/1139788/download,train
1139788,background,4,https://xeno-canto.org/1139788/download,train
1139788,background,5,https://xeno-canto.org/1139788/download,train
1139788,background,6,https://xeno-canto.org/1139788/download,train
1139788,background,7,https://xeno-canto.org/1139788/download,train
1139788,background,8,https://xeno-canto.org/1139788/download,train
1139788,background,9,https://xeno-canto.org/1139788/download,train
1139788,background,10,https://xeno-canto.org/1139788/download,train
1139788,background,11,https://xeno-canto.org/1139788/download,train
1139788,background,12,https://xeno-canto.org/1139788/download,train
1139788,background,13,https://xeno-canto.org/1139788/download,train
1139788,background,14,https://xeno-canto.org/1139788/download,train
1139604,background,0,https://xeno-canto.org/1139604/download,train
1139604,background,1,https://xeno-canto.org/1139604/download,train
1139604,background,2,https://xeno-canto.org/1139604/download,train
1139604,background,3,https://xeno-canto.org/1139604/download,train
1139604,background,4,https://xeno-canto.org/1139604/download,train
1139604,background,5,https://xeno-canto.org/1139604/download,train
1139604,background,6,https://xeno-canto.org/1139604/download,train
1139604,background,7,https://xeno-canto.org/1139604/download,train
1139604,background,8,https://xeno-canto.org/1139604/download,train
1139604,background,9,https://xeno-canto.org/1139604/download,train
1139604,background,10,https://xeno-canto.org/1139604/download,train
1139604,background,11,https://xeno-canto.org/1139604/download,train
1139604,background,12,https://xeno-canto.org/1139604/download,train
1139604,background,13,https://xeno-canto.org/1139604/download,train
1139604,background,14,https://xeno-canto.org/1139604/download,train
1139534,background,0,https://xeno-canto.org/1139534/download,train
1139534,background,1,https://xeno-canto.org/1139534/download,train
1139534,background,2,https://xeno-canto.org/1139534/download,train
1139534,background,3,https://xeno-canto.org/1139534/download,train
1139534,background,4,https://xeno-canto.org/1139534/download,train
1139534,background,5,https://xeno-canto.org/1139534/download,train
1139534,background,6,https://xeno-canto.org/1139534/download,train
1139534,background,7,https://xeno-canto.org/1139534/download,train
1139534,background,8,https://xeno-canto.org/1139534/download,train
1139534,background,9,https://xeno-canto.org/1139534/download,train
1139534,background,10,https://xeno-canto.org/1139534/download,train
1139534,background,11,https://xeno-canto.org/1139534/download,train
1139534,background,12,https://xeno-canto.org/1139534/download,train
1139534,background,13,https://xeno-canto.org/1139534/download,train
1139534,background,14,https://xeno-canto.org/1139534/download,train
1139469,background,0,https://xeno-canto.org/1139469/download,test
1139469,background,1,https://xeno-canto.org/1139469/download,test
1139469,background,2,https://xeno-canto.org/1139469/download,test
1139469,background,3,https://xeno-canto.org/1139469/download,test
1139469,background,4,https://xeno-canto.org/1139469/download,test
1139469,background,5,https://xeno-canto.org/1139469/download,test
1139469,background,6,https://xeno-canto.org/1139469/download,test
1139469,background,7,https://xeno-canto.org/1139469/download,test
1139469,background,8,https://xeno-canto.org/1139469/download,test
1139469,background,9,https://xeno-canto.org/1139469/download,test
1139469,background,10,https://xeno-canto.org/1139469/download,test
1139469,background,11,https://xeno-canto.org/1139469/download,test
1139350,background,0,https://xeno-canto.org/1139350/download,train
1139350,background,1,https://xeno-canto.org/1139350/download,train
1139350,background,2,https://xeno-canto.org/1139350/download,train
1139350,background,3,https://xeno-canto.org/1139350/download,train
1139350,background,4,https://xeno-canto.org/1139350/download,train
1139350,background,5,https://xeno-canto.org/1139350/download,train
1139348,background,0,https://xeno-canto.org/1139348/download,train
1139348,background,1,https://xeno-canto.org/1139348/download,train
1139348,background,2,https://xeno-canto.org/1139348/download,train
1139348,background,3,https://xeno-canto.org/1139348/download,train
1139348,background,4,https://xeno-canto.org/1139348/download,train
1139348,background,5,https://xeno-canto.org/1139348/download,train
1139332,background,0,https://xeno-canto.org/1139332/download,train
1139332,background,1,https://xeno-canto.org/1139332/download,train
1139332,background,2,https://xeno-canto.org/1139332/download,train
1139332,background,3,https://xeno-canto.org/1139332/download,train
1139332,background,4,https://xeno-canto.org/1139332/download,train
1139332,background,5,https://xeno-canto.org/1139332/download,train
1139332,background,6,https://xeno-canto.org/1139332/download,train
1139332,background,7,https://xeno-canto.org/1139332/download,train
1139332,background,8,https://xeno-canto.org/1139332/download,train
1139332,background,9,https://xeno-canto.org/1139332/download,train
1139332,background,10,https://xeno-canto.org/1139332/download,train
1139332,background,11,https://xeno-canto.org/1139332/download,train
1139332,background,12,https://xeno-canto.org/1139332/download,train
1139332,background,13,https://xeno-canto.org/1139332/download,train
1139332,background,14,https://xeno-canto.org/1139332/download,train
1139310,background,0,https://xeno-canto.org/1139310/download,train
1139310,background,1,https://xeno-canto.org/1139310/download,train
1139310,background,2,https://xeno-canto.org/1139310/download,train
1139310,background,3,https://xeno-canto.org/1139310/download,train
1139310,background,4,https://xeno-canto.org/1139310/download,train
1139310,background,5,https://xeno-canto.org/1139310/download,train
1139309,background,0,https://xeno-canto.org/1139309/download,train
1139309,background,1,https://xeno-canto.org/1139309/download,train
1139309,background,2,https://xeno-canto.org/1139309/download,train
1139309,background,3,https://xeno-canto.org/1139309/download,train
1139309,background,4,https://xeno-canto.org/1139309/download,train
1139309,background,5,https://xeno-canto.org/1139309/download,train
1139309,background,6,https://xeno-canto.org/1139309/download,train
1139306,background,0,https://xeno-canto.org/1139306/download,val
1139306,background,1,https://xeno-canto.org/1139306/download,val
1139306,background,2,https://xeno-canto.org/1139306/download,val
1139306,background,3,https://xeno-canto.org/1139306/download,val
1139306,background,4,https://xeno-canto.org/1139306/download,val
1139306,background,5,https://xeno-canto.org/1139306/download,val
1139306,background,6,https://xeno-canto.org/1139306/download,val
1139306,background,7,https://xeno-canto.org/1139306/download,val
1139306,background,8,https://xeno-canto.org/1139306/download,val
1139306,background,9,https://xeno-canto.org/1139306/download,val
1139306,background,10,https://xeno-canto.org/1139306/download,val
1139306,background,11,https://xeno-canto.org/1139306/download,val
1139306,background,12,https://xeno-canto.org/1139306/download,val
1139306,background,13,https://xeno-canto.org/1139306/download,val
1139306,background,14,https://xeno-canto.org/1139306/download,val
1139294,background,0,https://xeno-canto.org/1139294/download,train
1139294,background,1,https://xeno-canto.org/1139294/download,train
1139294,background,2,https://xeno-canto.org/1139294/download,train
1139294,background,3,https://xeno-canto.org/1139294/download,train
1139294,background,4,https://xeno-canto.org/1139294/download,train
1139294,background,5,https://xeno-canto.org/1139294/download,train
1139294,background,6,https://xeno-canto.org/1139294/download,train
1139294,background,7,https://xeno-canto.org/1139294/download,train
1139294,background,8,https://xeno-canto.org/1139294/download,train
1139294,background,9,https://xeno-canto.org/1139294/download,train
1139294,background,10,https://xeno-canto.org/1139294/download,train
1139294,background,11,https://xeno-canto.org/1139294/download,train
1139294,background,12,https://xeno-canto.org/1139294/download,train
1139294,background,13,https://xeno-canto.org/1139294/download,train
1139294,background,14,https://xeno-canto.org/1139294/download,train
1138854,background,0,https://xeno-canto.org/1138854/download,test
1138854,background,1,https://xeno-canto.org/1138854/download,test
1138854,background,2,https://xeno-canto.org/1138854/download,test
1138854,background,3,https://xeno-canto.org/1138854/download,test
1138854,background,4,https://xeno-canto.org/1138854/download,test
1138854,background,5,https://xeno-canto.org/1138854/download,test
1138854,background,6,https://xeno-canto.org/1138854/download,test
1138854,background,7,https://xeno-canto.org/1138854/download,test
1138854,background,8,https://xeno-canto.org/1138854/download,test
1138854,background,9,https://xeno-canto.org/1138854/download,test
1138854,background,10,https://xeno-canto.org/1138854/download,test
1138854,background,11,https://xeno-canto.org/1138854/download,test
1138854,background,12,https://xeno-canto.org/1138854/download,test
1138854,background,13,https://xeno-canto.org/1138854/download,test
1138854,background,14,https://xeno-canto.org/1138854/download,test
1138832,background,0,https://xeno-canto.org/1138832/download,train
1138832,background,1,https://xeno-canto.org/1138832/download,train
1138832,background,2,https://xeno-canto.org/1138832/download,train
1138832,background,3,https://xeno-canto.org/1138832/download,train
1138832,background,4,https://xeno-canto.org/1138832/download,train
1138832,background,5,https://xeno-canto.org/1138832/download,train
1138832,background,6,https://xeno-canto.org/1138832/download,train
1138832,background,7,https://xeno-canto.org/1138832/download,train
1138832,background,8,https://xeno-canto.org/1138832/download,train
1138832,background,9,https://xeno-canto.org/1138832/download,train
1138832,background,10,https://xeno-canto.org/1138832/download,train
1138832,background,11,https://xeno-canto.org/1138832/download,train
1138832,background,12,https://xeno-canto.org/1138832/download,train
1138832,background,13,https://xeno-canto.org/1138832/download,train
1138832,background,14,https://xeno-canto.org/1138832/download,train
1138731,background,0,https://xeno-canto.org/1138731/download,val
1138731,background,1,https://xeno-canto.org/1138731/download,val
1138731,background,2,https://xeno-canto.org/1138731/download,val
1138731,background,3,https://xeno-canto.org/1138731/download,val
1138731,background,4,https://xeno-canto.org/1138731/download,val
1138731,background,5,https://xeno-canto.org/1138731/download,val
1138730,background,0,https://xeno-canto.org/1138730/download,train
1138730,background,1,https://xeno-canto.org/1138730/download,train
1138730,background,2,https://xeno-canto.org/1138730/download,train
1138730,background,3,https://xeno-canto.org/1138730/download,train
1138730,background,4,https://xeno-canto.org/1138730/download,train
1138730,background,5,https://xeno-canto.org/1138730/download,train
1138730,background,6,https://xeno-canto.org/1138730/download,train
1138730,background,7,https://xeno-canto.org/1138730/download,train
1138730,background,8,https://xeno-canto.org/1138730/download,train
1138730,background,9,https://xeno-canto.org/1138730/download,train
1138730,background,10,https://xeno-canto.org/1138730/download,train
1138730,background,11,https://xeno-canto.org/1138730/download,train
1138730,background,12,https://xeno-canto.org/1138730/download,train
1138730,background,13,https://xeno-canto.org/1138730/download,train
1138672,background,0,https://xeno-canto.org/1138672/download,train
1138672,background,1,https://xeno-canto.org/1138672/download,train
1138672,background,2,https://xeno-canto.org/1138672/download,train
1138672,background,3,https://xeno-canto.org/1138672/download,train
1138672,background,4,https://xeno-canto.org/1138672/download,train
1138672,background,5,https://xeno-canto.org/1138672/download,train
1138672,background,6,https://xeno-canto.org/1138672/download,train
1138672,background,7,https://xeno-canto.org/1138672/download,train
1138672,background,8,https://xeno-canto.org/1138672/download,train
1138672,background,9,https://xeno-canto.org/1138672/download,train
1138672,background,10,https://xeno-canto.org/1138672/download,train
1138672,background,11,https://xeno-canto.org/1138672/download,train
1138672,background,12,https://xeno-canto.org/1138672/download,train
1138672,background,13,https://xeno-canto.org/1138672/download,train
1138672,background,14,https://xeno-canto.org/1138672/download,train
1138670,background,0,https://xeno-canto.org/1138670/download,train
1138670,background,1,https://xeno-canto.org/1138670/download,train
1138670,background,2,https://xeno-canto.org/1138670/download,train
1138670,background,3,https://xeno-canto.org/1138670/download,train
1138670,background,4,https://xeno-canto.org/1138670/download,train
1138670,background,5,https://xeno-canto.org/1138670/download,train
1138670,background,6,https://xeno-canto.org/1138670/download,train
1138670,background,7,https://xeno-canto.org/1138670/download,train
1138670,background,8,https://xeno-canto.org/1138670/download,train
1138670,background,9,https://xeno-canto.org/1138670/download,train
1138670,background,10,https://xeno-canto.org/1138670/download,train
1138670,background,11,https://xeno-canto.org/1138670/download,train
1138670,background,12,https://xeno-canto.org/1138670/download,train
1138670,background,13,https://xeno-canto.org/1138670/download,train
1138670,background,14,https://xeno-canto.org/1138670/download,train
1138668,background,0,https://xeno-canto.org/1138668/download,train
1138668,background,1,https://xeno-canto.org/1138668/download,train
1138668,background,2,https://xeno-canto.org/1138668/download,train
1138668,background,3,https://xeno-canto.org/1138668/download,train
1138668,background,4,https://xeno-canto.org/1138668/download,train
1138668,background,5,https://xeno-canto.org/1138668/download,train
1138668,background,6,https://xeno-canto.org/1138668/download,train
1138668,background,7,https://xeno-canto.org/1138668/download,train
1138668,background,8,https://xeno-canto.org/1138668/download,train
1138662,background,0,https://xeno-canto.org/1138662/download,train
1138662,background,1,https://xeno-canto.org/1138662/download,train
1138662,background,2,https://xeno-canto.org/1138662/download,train
1138662,background,3,https://xeno-canto.org/1138662/download,train
1138662,background,4,https://xeno-canto.org/1138662/download,train
1138662,background,5,https://xeno-canto.org/1138662/download,train
1138662,background,6,https://xeno-canto.org/1138662/download,train
1138662,background,7,https://xeno-canto.org/1138662/download,train
1138662,background,8,https://xeno-canto.org/1138662/download,train
1138662,background,9,https://xeno-canto.org/1138662/download,train
1138662,background,10,https://xeno-canto.org/1138662/download,train
1138662,background,11,https://xeno-canto.org/1138662/download,train
1138662,background,12,https://xeno-canto.org/1138662/download,train
1138662,background,13,https://xeno-canto.org/1138662/download,train
1138662,background,14,https://xeno-canto.org/1138662/download,train
1138660,background,0,https://xeno-canto.org/1138660/download,train
1138660,background,1,https://xeno-canto.org/1138660/download,train
1138660,background,2,https://xeno-canto.org/1138660/download,train
1138660,background,3,https://xeno-canto.org/1138660/download,train
1138660,background,4,https://xeno-canto.org/1138660/download,train
1138660,background,5,https://xeno-canto.org/1138660/download,train
1138660,background,6,https://xeno-canto.org/1138660/download,train
1138660,background,7,https://xeno-canto.org/1138660/download,train
1138660,background,8,https://xeno-canto.org/1138660/download,train
1138660,background,9,https://xeno-canto.org/1138660/download,train
1138660,background,10,https://xeno-canto.org/1138660/download,train
1138660,background,11,https://xeno-canto.org/1138660/download,train
1138660,background,12,https://xeno-canto.org/1138660/download,train
1138660,background,13,https://xeno-canto.org/1138660/download,train
1138660,background,14,https://xeno-canto.org/1138660/download,train
1138654,background,0,https://xeno-canto.org/1138654/download,test
1138654,background,1,https://xeno-canto.org/1138654/download,test
1138654,background,2,https://xeno-canto.org/1138654/download,test
1138654,background,3,https://xeno-canto.org/1138654/download,test
1138654,background,4,https://xeno-canto.org/1138654/download,test
1138654,background,5,https://xeno-canto.org/1138654/download,test
1138654,background,6,https://xeno-canto.org/1138654/download,test
1138654,background,7,https://xeno-canto.org/1138654/download,test
1138654,background,8,https://xeno-canto.org/1138654/download,test
1138652,background,0,https://xeno-canto.org/1138652/download,test
1138652,background,1,https://xeno-canto.org/1138652/download,test
1138652,background,2,https://xeno-canto.org/1138652/download,test
1138652,background,3,https://xeno-canto.org/1138652/download,test
1138652,background,4,https://xeno-canto.org/1138652/download,test
1138652,background,5,https://xeno-canto.org/1138652/download,test
1138652,background,6,https://xeno-canto.org/1138652/download,test
1138652,background,7,https://xeno-canto.org/1138652/download,test
1138652,background,8,https://xeno-canto.org/1138652/download,test
1138652,background,9,https://xeno-canto.org/1138652/download,test
1138652,background,10,https://xeno-canto.org/1138652/download,test
1138652,background,11,https://xeno-canto.org/1138652/download,test
1138652,background,12,https://xeno-canto.org/1138652/download,test
1138652,background,13,https://xeno-canto.org/1138652/download,test
1138652,background,14,https://xeno-canto.org/1138652/download,test
1138651,background,0,https://xeno-canto.org/1138651/download,train
1138651,background,1,https://xeno-canto.org/1138651/download,train
1138651,background,2,https://xeno-canto.org/1138651/download,train
1138651,background,3,https://xeno-canto.org/1138651/download,train
1138651,background,4,https://xeno-canto.org/1138651/download,train
1138651,background,5,https://xeno-canto.org/1138651/download,train
1138651,background,6,https://xeno-canto.org/1138651/download,train
1138651,background,7,https://xeno-canto.org/1138651/download,train
1138651,background,8,https://xeno-canto.org/1138651/download,train
1138651,background,9,https://xeno-canto.org/1138651/download,train
1138651,background,10,https://xeno-canto.org/1138651/download,train
1138651,background,11,https://xeno-canto.org/1138651/download,train
1138651,background,12,https://xeno-canto.org/1138651/download,train
1138651,background,13,https://xeno-canto.org/1138651/download,train
1138651,background,14,https://xeno-canto.org/1138651/download,train
1138650,background,0,https://xeno-canto.org/1138650/download,test
1138650,background,1,https://xeno-canto.org/1138650/download,test
1138650,background,2,https://xeno-canto.org/1138650/download,test
1138650,background,3,https://xeno-canto.org/1138650/download,test
1138650,background,4,https://xeno-canto.org/1138650/download,test
1138650,background,5,https://xeno-canto.org/1138650/download,test
1138650,background,6,https://xeno-canto.org/1138650/download,test
1138650,background,7,https://xeno-canto.org/1138650/download,test
1138650,background,8,https://xeno-canto.org/1138650/download,test
1138650,background,9,https://xeno-canto.org/1138650/download,test
1138650,background,10,https://xeno-canto.org/1138650/download,test
1138650,background,11,https://xeno-canto.org/1138650/download,test
1138650,background,12,https://xeno-canto.org/1138650/download,test
1138650,background,13,https://xeno-canto.org/1138650/download,test
1138650,background,14,https://xeno-canto.org/1138650/download,test
1138648,background,0,https://xeno-canto.org/1138648/download,val
1138648,background,1,https://xeno-canto.org/1138648/download,val
1138648,background,2,https://xeno-canto.org/1138648/download,val
1138648,background,3,https://xeno-canto.org/1138648/download,val
1138648,background,4,https://xeno-canto.org/1138648/download,val
1138648,background,5,https://xeno-canto.org/1138648/download,val
1138648,background,6,https://xeno-canto.org/1138648/download,val
1138559,background,0,https://xeno-canto.org/1138559/download,val
1138559,background,1,https://xeno-canto.org/1138559/download,val
1138559,background,2,https://xeno-canto.org/1138559/download,val
1138559,background,3,https://xeno-canto.org/1138559/download,val
1138559,background,4,https://xeno-canto.org/1138559/download,val
1138559,background,5,https://xeno-canto.org/1138559/download,val
1138428,background,0,https://xeno-canto.org/1138428/download,train
1138428,background,1,https://xeno-canto.org/1138428/download,train
1138428,background,2,https://xeno-canto.org/1138428/download,train
1138428,background,3,https://xeno-canto.org/1138428/download,train
1138428,background,4,https://xeno-canto.org/1138428/download,train
1138428,background,5,https://xeno-canto.org/1138428/download,train
1138428,background,6,https://xeno-canto.org/1138428/download,train
1138428,background,7,https://xeno-canto.org/1138428/download,train
1138428,background,8,https://xeno-canto.org/1138428/download,train
1138428,background,9,https://xeno-canto.org/1138428/download,train
1138428,background,10,https://xeno-canto.org/1138428/download,train
1138428,background,11,https://xeno-canto.org/1138428/download,train
1138428,background,12,https://xeno-canto.org/1138428/download,train
1138428,background,13,https://xeno-canto.org/1138428/download,train
1138428,background,14,https://xeno-canto.org/1138428/download,train
1138427,background,0,https://xeno-canto.org/1138427/download,train
1138427,background,1,https://xeno-canto.org/1138427/download,train
1138427,background,2,https://xeno-canto.org/1138427/download,train
1138427,background,3,https://xeno-canto.org/1138427/download,train
1138427,background,4,https://xeno-canto.org/1138427/download,train
1138427,background,5,https://xeno-canto.org/1138427/download,train
1138427,background,6,https://xeno-canto.org/1138427/download,train
1138427,background,7,https://xeno-canto.org/1138427/download,train
1138427,background,8,https://xeno-canto.org/1138427/download,train
1138427,background,9,https://xeno-canto.org/1138427/download,train
1138427,background,10,https://xeno-canto.org/1138427/download,train
1138427,background,11,https://xeno-canto.org/1138427/download,train
1138427,background,12,https://xeno-canto.org/1138427/download,train
1138427,background,13,https://xeno-canto.org/1138427/download,train
1138427,background,14,https://xeno-canto.org/1138427/download,train
